attribution_id,order_id,campaign_id,touchpoint_channel,touchpoint_type,attributed_revenue,attribution_weight,confidence_score
ATTR-00001,ORD-00001,CMP-2025-04,Google Shopping,Last Click,144.83,1.0,0.95
ATTR-00002,ORD-00002,CMP-2025-05,Google Remarketing,Last Click,79.07,1.0,0.95
ATTR-00003,ORD-00003,CMP-2025-03,Instagram,Last Click,484.06,1.0,0.95
ATTR-00004,ORD-00004,CMP-2025-01,Meta Ads,Last Click,654.05,1.0,0.95
ATTR-00005,ORD-00005,CMP-2025-04,Meta Ads,Last Click,492.97,1.0,0.95
ATTR-00006,ORD-00006,CMP-ORGANIC,Direct Traffic,Direct,43.32,0.8,0.85
ATTR-00007,ORD-00007,CMP-2025-05,SMS,Last Click,547.56,1.0,0.95
ATTR-00008,ORD-00008,CMP-2025-05,Meta Retargeting,Last Click,144.83,1.0,0.95
ATTR-00009,ORD-00009,CMP-2025-02,TikTok,Last Click,134.14,1.0,0.95
ATTR-00010,ORD-00010,CMP-2025-03,Pinterest,Last Click,69.35,1.0,0.95
ATTR-00011,ORD-00011,CMP-ORGANIC,Email Newsletter,Direct,97.32,0.8,0.85
ATTR-00012,ORD-00012,CMP-2025-02,Instagram Reels,Last Click,108.12,1.0,0.95
ATTR-00013,ORD-00013,CMP-2025-03,Email Marketing,Last Click,116.64,1.0,0.95
ATTR-00014,ORD-00014,CMP-2025-02,Influencer,Last Click,80.26,1.0,0.95
ATTR-00015,ORD-00015,CMP-2025-01,LinkedIn,Last Click,517.54,1.0,0.95
ATTR-00016,ORD-00016,CMP-2025-02,Influencer,Last Click,265.25,1.0,0.95
ATTR-00017,ORD-00017,CMP-ORGANIC,Social Organic,Direct,49.8,0.8,0.85
ATTR-00018,ORD-00018,CMP-2025-02,Influencer,Last Click,278.96,1.0,0.95
ATTR-00019,ORD-00019,CMP-ORGANIC,Organic Search,Direct,43.32,0.8,0.85
ATTR-00020,ORD-00020,CMP-2025-03,Instagram,Last Click,577.15,1.0,0.95
ATTR-00021,ORD-00021,CMP-2025-03,Instagram,Last Click,173.02,1.0,0.95
ATTR-00022,ORD-00022,CMP-ORGANIC,Social Organic,Direct,64.92,0.8,0.85
ATTR-00023,ORD-00023,CMP-2025-01,LinkedIn,Last Click,301.54,1.0,0.95
ATTR-00024,ORD-00024,CMP-2025-03,Pinterest,Last Click,66.16,1.0,0.95
ATTR-00025,ORD-00025,CMP-ORGANIC,Organic Search,Direct,97.32,0.8,0.85
ATTR-00026,ORD-00026,CMP-2025-03,Pinterest,Last Click,128.74,1.0,0.95
ATTR-00027,ORD-00027,CMP-2025-04,Google Shopping,Last Click,631.58,1.0,0.95
ATTR-00028,ORD-00028,CMP-ORGANIC,Email Newsletter,Direct,108.12,0.8,0.85
ATTR-00029,ORD-00029,CMP-2025-03,Email Marketing,Last Click,74.64,1.0,0.95
ATTR-00030,ORD-00030,CMP-2025-01,Meta Ads,Last Click,353.16,1.0,0.95
ATTR-00031,ORD-00031,CMP-2025-05,SMS,Last Click,517.54,1.0,0.95
ATTR-00032,ORD-00032,CMP-ORGANIC,Social Organic,Direct,49.8,0.8,0.85
ATTR-00033,ORD-00033,CMP-2025-02,Instagram Reels,Last Click,66.16,1.0,0.95
ATTR-00034,ORD-00034,CMP-2025-04,Google Shopping,Last Click,582.23,1.0,0.95
ATTR-00035,ORD-00035,CMP-2025-05,Meta Retargeting,Last Click,144.83,1.0,0.95
ATTR-00036,ORD-00036,CMP-2025-02,Instagram Reels,Last Click,84.52,1.0,0.95
ATTR-00037,ORD-00037,CMP-2025-02,TikTok,Last Click,160.92,1.0,0.95
ATTR-00038,ORD-00038,CMP-ORGANIC,Email Newsletter,Direct,138.24,0.8,0.85
ATTR-00039,ORD-00039,CMP-2025-01,Meta Ads,Last Click,160.92,1.0,0.95
ATTR-00040,ORD-00040,CMP-2025-01,Google Search,Last Click,86.52,1.0,0.95
ATTR-00041,ORD-00041,CMP-2025-04,Google Shopping,Last Click,104.98,1.0,0.95
ATTR-00042,ORD-00042,CMP-ORGANIC,Direct Traffic,Direct,75.72,0.8,0.85
ATTR-00043,ORD-00043,CMP-2025-05,Google Remarketing,Last Click,103.37,1.0,0.95
ATTR-00044,ORD-00044,CMP-2025-01,Google Search,Last Click,75.34,1.0,0.95
ATTR-00045,ORD-00045,CMP-2025-01,LinkedIn,Last Click,1099.76,1.0,0.95
ATTR-00046,ORD-00046,CMP-2025-05,SMS,Last Click,250.56,1.0,0.95
ATTR-00047,ORD-00047,CMP-2025-05,SMS,Last Click,412.99,1.0,0.95
ATTR-00048,ORD-00048,CMP-2025-05,Meta Retargeting,Last Click,110.81,1.0,0.95
ATTR-00049,ORD-00049,CMP-2025-04,YouTube Video Ads,Last Click,38.62,1.0,0.95
ATTR-00050,ORD-00050,CMP-2025-01,Meta Ads,Last Click,49.8,1.0,0.95
ATTR-00051,ORD-00051,CMP-2025-03,Email Marketing,Last Click,191.48,1.0,0.95
ATTR-00052,ORD-00052,CMP-2025-05,Meta Retargeting,Last Click,88.79,1.0,0.95
ATTR-00053,ORD-00053,CMP-ORGANIC,Direct Traffic,Direct,721.44,0.8,0.85
ATTR-00054,ORD-00054,CMP-2025-03,Instagram,Last Click,71.62,1.0,0.95
ATTR-00055,ORD-00055,CMP-2025-03,Email Marketing,Last Click,46.02,1.0,0.95
ATTR-00056,ORD-00056,CMP-ORGANIC,Direct Traffic,Direct,64.92,0.8,0.85
ATTR-00057,ORD-00057,CMP-2025-05,SMS,Last Click,88.9,1.0,0.95
ATTR-00058,ORD-00058,CMP-2025-01,LinkedIn,Last Click,80.26,1.0,0.95
ATTR-00059,ORD-00059,CMP-2025-01,Meta Ads,Last Click,97.32,1.0,0.95
ATTR-00060,ORD-00060,CMP-ORGANIC,Email Newsletter,Direct,149.04,0.8,0.85
ATTR-00061,ORD-00061,CMP-ORGANIC,Direct Traffic,Direct,97.32,0.8,0.85
ATTR-00062,ORD-00062,CMP-2025-02,Instagram Reels,Last Click,97.32,1.0,0.95
ATTR-00063,ORD-00063,CMP-2025-03,Pinterest,Last Click,269.24,1.0,0.95
ATTR-00064,ORD-00064,CMP-2025-02,Influencer,Last Click,114.7,1.0,0.95
ATTR-00065,ORD-00065,CMP-2025-02,Influencer,Last Click,75.72,1.0,0.95
ATTR-00066,ORD-00066,CMP-2025-04,Google Shopping,Last Click,134.14,1.0,0.95
ATTR-00067,ORD-00067,CMP-ORGANIC,Social Organic,Direct,192.24,0.8,0.85
ATTR-00068,ORD-00068,CMP-2025-05,SMS,Last Click,97.32,1.0,0.95
ATTR-00069,ORD-00069,CMP-ORGANIC,Direct Traffic,Direct,86.52,0.8,0.85
ATTR-00070,ORD-00070,CMP-2025-02,Instagram Reels,Last Click,1221.8,1.0,0.95
ATTR-00071,ORD-00071,CMP-2025-05,Meta Retargeting,Last Click,150.55,1.0,0.95
ATTR-00072,ORD-00072,CMP-2025-04,Meta Ads,Last Click,671.33,1.0,0.95
ATTR-00073,ORD-00073,CMP-2025-04,YouTube Video Ads,Last Click,257.47,1.0,0.95
ATTR-00074,ORD-00074,CMP-2025-03,Email Marketing,Last Click,116.64,1.0,0.95
ATTR-00075,ORD-00075,CMP-ORGANIC,Organic Search,Direct,213.84,0.8,0.85
ATTR-00076,ORD-00076,CMP-2025-02,Instagram Reels,Last Click,49.8,1.0,0.95
ATTR-00077,ORD-00077,CMP-ORGANIC,Email Newsletter,Direct,376.92,0.8,0.85
ATTR-00078,ORD-00078,CMP-2025-04,Google Shopping,Last Click,54.34,1.0,0.95
ATTR-00079,ORD-00079,CMP-2025-03,Pinterest,Last Click,376.92,1.0,0.95
ATTR-00080,ORD-00080,CMP-ORGANIC,Email Newsletter,Direct,64.92,0.8,0.85
ATTR-00081,ORD-00081,CMP-ORGANIC,Direct Traffic,Direct,239.76,0.8,0.85
ATTR-00082,ORD-00082,CMP-2025-02,Influencer,Last Click,37.06,1.0,0.95
ATTR-00083,ORD-00083,CMP-2025-03,Instagram,Last Click,128.74,1.0,0.95
ATTR-00084,ORD-00084,CMP-2025-02,Instagram Reels,Last Click,80.26,1.0,0.95
ATTR-00085,ORD-00085,CMP-2025-03,Email Marketing,Last Click,80.26,1.0,0.95
ATTR-00086,ORD-00086,CMP-2025-04,YouTube Video Ads,Last Click,139.32,1.0,0.95
ATTR-00087,ORD-00087,CMP-2025-03,Pinterest,Last Click,71.62,1.0,0.95
ATTR-00088,ORD-00088,CMP-2025-05,Google Remarketing,Last Click,549.88,1.0,0.95
ATTR-00089,ORD-00089,CMP-ORGANIC,Direct Traffic,Direct,622.08,0.8,0.85
ATTR-00090,ORD-00090,CMP-ORGANIC,Email Newsletter,Direct,97.32,0.8,0.85
ATTR-00091,ORD-00091,CMP-2025-03,Pinterest,Last Click,152.6,1.0,0.95
ATTR-00092,ORD-00092,CMP-2025-01,Google Search,Last Click,331.78,1.0,0.95
ATTR-00093,ORD-00093,CMP-2025-01,LinkedIn,Last Click,290.3,1.0,0.95
ATTR-00094,ORD-00094,CMP-ORGANIC,Email Newsletter,Direct,288.36,0.8,0.85
ATTR-00095,ORD-00095,CMP-2025-02,Instagram Reels,Last Click,88.79,1.0,0.95
ATTR-00096,ORD-00096,CMP-ORGANIC,Organic Search,Direct,353.16,0.8,0.85
ATTR-00097,ORD-00097,CMP-ORGANIC,Email Newsletter,Direct,1085.4,0.8,0.85
ATTR-00098,ORD-00098,CMP-ORGANIC,Organic Search,Direct,64.92,0.8,0.85
ATTR-00099,ORD-00099,CMP-2025-05,Meta Retargeting,Last Click,392.9,1.0,0.95
ATTR-00100,ORD-00100,CMP-ORGANIC,Social Organic,Direct,376.92,0.8,0.85
ATTR-00101,ORD-00101,CMP-ORGANIC,Social Organic,Direct,75.72,0.8,0.85
ATTR-00102,ORD-00102,CMP-2025-01,LinkedIn,Last Click,84.52,1.0,0.95
ATTR-00103,ORD-00103,CMP-ORGANIC,Social Organic,Direct,86.52,0.8,0.85
ATTR-00104,ORD-00104,CMP-2025-03,Pinterest,Last Click,98.51,1.0,0.95
ATTR-00105,ORD-00105,CMP-2025-03,Pinterest,Last Click,69.35,1.0,0.95
ATTR-00106,ORD-00106,CMP-2025-05,SMS,Last Click,103.37,1.0,0.95
ATTR-00107,ORD-00107,CMP-ORGANIC,Organic Search,Direct,108.12,0.8,0.85
ATTR-00108,ORD-00108,CMP-2025-03,Pinterest,Last Click,180.36,1.0,0.95
ATTR-00109,ORD-00109,CMP-2025-03,Pinterest,Last Click,582.23,1.0,0.95
ATTR-00110,ORD-00110,CMP-2025-02,Influencer,Last Click,64.92,1.0,0.95
ATTR-00111,ORD-00111,CMP-2025-01,Meta Ads,Last Click,79.07,1.0,0.95
ATTR-00112,ORD-00112,CMP-2025-05,Meta Retargeting,Last Click,98.5,1.0,0.95
ATTR-00113,ORD-00113,CMP-2025-01,Meta Ads,Last Click,646.92,1.0,0.95
ATTR-00114,ORD-00114,CMP-ORGANIC,Email Newsletter,Direct,139.32,0.8,0.85
ATTR-00115,ORD-00115,CMP-2025-03,Pinterest,Last Click,134.14,1.0,0.95
ATTR-00116,ORD-00116,CMP-2025-05,SMS,Last Click,841.75,1.0,0.95
ATTR-00117,ORD-00117,CMP-2025-04,Meta Ads,Last Click,46.02,1.0,0.95
ATTR-00118,ORD-00118,CMP-ORGANIC,Social Organic,Direct,43.32,0.8,0.85
ATTR-00119,ORD-00119,CMP-ORGANIC,Direct Traffic,Direct,108.12,0.8,0.85
ATTR-00120,ORD-00120,CMP-ORGANIC,Direct Traffic,Direct,75.72,0.8,0.85
ATTR-00121,ORD-00121,CMP-ORGANIC,Social Organic,Direct,159.84,0.8,0.85
ATTR-00122,ORD-00122,CMP-ORGANIC,Social Organic,Direct,139.32,0.8,0.85
ATTR-00123,ORD-00123,CMP-2025-04,Meta Ads,Last Click,631.58,1.0,0.95
ATTR-00124,ORD-00124,CMP-2025-04,YouTube Video Ads,Last Click,88.9,1.0,0.95
ATTR-00125,ORD-00125,CMP-2025-02,Influencer,Last Click,64.92,1.0,0.95
ATTR-00126,ORD-00126,CMP-2025-04,YouTube Video Ads,Last Click,549.88,1.0,0.95
ATTR-00127,ORD-00127,CMP-2025-03,Instagram,Last Click,59.63,1.0,0.95
ATTR-00128,ORD-00128,CMP-2025-05,Meta Retargeting,Last Click,38.62,1.0,0.95
ATTR-00129,ORD-00129,CMP-2025-03,Instagram,Last Click,56.98,1.0,0.95
ATTR-00130,ORD-00130,CMP-ORGANIC,Direct Traffic,Direct,75.72,0.8,0.85
ATTR-00131,ORD-00131,CMP-2025-03,Pinterest,Last Click,42.24,1.0,0.95
ATTR-00132,ORD-00132,CMP-ORGANIC,Social Organic,Direct,278.64,0.8,0.85
ATTR-00133,ORD-00133,CMP-ORGANIC,Email Newsletter,Direct,376.92,0.8,0.85
ATTR-00134,ORD-00134,CMP-2025-05,Meta Retargeting,Last Click,755.24,1.0,0.95
ATTR-00135,ORD-00135,CMP-ORGANIC,Social Organic,Direct,213.84,0.8,0.85
ATTR-00136,ORD-00136,CMP-2025-05,Meta Retargeting,Last Click,97.32,1.0,0.95
ATTR-00137,ORD-00137,CMP-2025-04,Meta Ads,Last Click,92.78,1.0,0.95
ATTR-00138,ORD-00138,CMP-2025-02,TikTok,Last Click,549.88,1.0,0.95
ATTR-00139,ORD-00139,CMP-2025-03,Instagram,Last Click,79.07,1.0,0.95
ATTR-00140,ORD-00140,CMP-2025-04,Google Shopping,Last Click,119.23,1.0,0.95
ATTR-00141,ORD-00141,CMP-2025-04,Meta Ads,Last Click,97.32,1.0,0.95
ATTR-00142,ORD-00142,CMP-ORGANIC,Social Organic,Direct,108.12,0.8,0.85
ATTR-00143,ORD-00143,CMP-ORGANIC,Social Organic,Direct,978.48,0.8,0.85
ATTR-00144,ORD-00144,CMP-2025-03,Pinterest,Last Click,909.74,1.0,0.95
ATTR-00145,ORD-00145,CMP-2025-02,TikTok,Last Click,64.92,1.0,0.95
ATTR-00146,ORD-00146,CMP-2025-02,Instagram Reels,Last Click,270.22,1.0,0.95
ATTR-00147,ORD-00147,CMP-2025-01,Google Search,Last Click,118.42,1.0,0.95
ATTR-00148,ORD-00148,CMP-2025-01,Google Search,Last Click,707.62,1.0,0.95
ATTR-00149,ORD-00149,CMP-2025-03,Email Marketing,Last Click,62.98,1.0,0.95
ATTR-00150,ORD-00150,CMP-2025-05,Google Remarketing,Last Click,222.05,1.0,0.95
ATTR-00151,ORD-00151,CMP-ORGANIC,Direct Traffic,Direct,160.92,0.8,0.85
ATTR-00152,ORD-00152,CMP-ORGANIC,Organic Search,Direct,64.92,0.8,0.85
ATTR-00153,ORD-00153,CMP-ORGANIC,Social Organic,Direct,139.32,0.8,0.85
ATTR-00154,ORD-00154,CMP-2025-01,Meta Ads,Last Click,860.76,1.0,0.95
ATTR-00155,ORD-00155,CMP-2025-03,Pinterest,Last Click,190.03,1.0,0.95
ATTR-00156,ORD-00156,CMP-ORGANIC,Social Organic,Direct,43.32,0.8,0.85
ATTR-00157,ORD-00157,CMP-2025-03,Instagram,Last Click,1164.46,1.0,0.95
ATTR-00158,ORD-00158,CMP-2025-04,YouTube Video Ads,Last Click,80.26,1.0,0.95
ATTR-00159,ORD-00159,CMP-ORGANIC,Direct Traffic,Direct,288.36,0.8,0.85
ATTR-00160,ORD-00160,CMP-2025-02,Influencer,Last Click,40.19,1.0,0.95
ATTR-00161,ORD-00161,CMP-2025-02,TikTok,Last Click,334.37,1.0,0.95
ATTR-00162,ORD-00162,CMP-2025-04,YouTube Video Ads,Last Click,234.36,1.0,0.95
ATTR-00163,ORD-00163,CMP-2025-05,SMS,Last Click,852.44,1.0,0.95
ATTR-00164,ORD-00164,CMP-ORGANIC,Email Newsletter,Direct,97.32,0.8,0.85
ATTR-00165,ORD-00165,CMP-2025-04,YouTube Video Ads,Last Click,135.86,1.0,0.95
ATTR-00166,ORD-00166,CMP-2025-05,Meta Retargeting,Last Click,93.7,1.0,0.95
ATTR-00167,ORD-00167,CMP-2025-05,Meta Retargeting,Last Click,276.48,1.0,0.95
ATTR-00168,ORD-00168,CMP-ORGANIC,Email Newsletter,Direct,64.92,0.8,0.85
ATTR-00169,ORD-00169,CMP-ORGANIC,Organic Search,Direct,170.64,0.8,0.85
ATTR-00170,ORD-00170,CMP-ORGANIC,Organic Search,Direct,201.96,0.8,0.85
ATTR-00171,ORD-00171,CMP-2025-03,Instagram,Last Click,62.98,1.0,0.95
ATTR-00172,ORD-00172,CMP-2025-03,Pinterest,Last Click,80.26,1.0,0.95
ATTR-00173,ORD-00173,CMP-ORGANIC,Organic Search,Direct,87.6,0.8,0.85
ATTR-00174,ORD-00174,CMP-2025-02,Influencer,Last Click,224.64,1.0,0.95
ATTR-00175,ORD-00175,CMP-2025-04,YouTube Video Ads,Last Click,42.24,1.0,0.95
ATTR-00176,ORD-00176,CMP-2025-02,Instagram Reels,Last Click,706.64,1.0,0.95
ATTR-00177,ORD-00177,CMP-2025-01,LinkedIn,Last Click,136.78,1.0,0.95
ATTR-00178,ORD-00178,CMP-ORGANIC,Email Newsletter,Direct,138.24,0.8,0.85
ATTR-00179,ORD-00179,CMP-2025-03,Pinterest,Last Click,88.79,1.0,0.95
ATTR-00180,ORD-00180,CMP-2025-04,Google Shopping,Last Click,181.76,1.0,0.95
ATTR-00181,ORD-00181,CMP-ORGANIC,Direct Traffic,Direct,473.04,0.8,0.85
ATTR-00182,ORD-00182,CMP-ORGANIC,Social Organic,Direct,139.32,0.8,0.85
ATTR-00183,ORD-00183,CMP-2025-01,Google Search,Last Click,136.78,1.0,0.95
ATTR-00184,ORD-00184,CMP-2025-02,TikTok,Last Click,1163.81,1.0,0.95
ATTR-00185,ORD-00185,CMP-2025-05,Meta Retargeting,Last Click,42.24,1.0,0.95
ATTR-00186,ORD-00186,CMP-ORGANIC,Social Organic,Direct,108.12,0.8,0.85
ATTR-00187,ORD-00187,CMP-2025-02,Influencer,Last Click,43.32,1.0,0.95
ATTR-00188,ORD-00188,CMP-ORGANIC,Organic Search,Direct,64.92,0.8,0.85
ATTR-00189,ORD-00189,CMP-ORGANIC,Social Organic,Direct,97.32,0.8,0.85
ATTR-00190,ORD-00190,CMP-2025-02,Instagram Reels,Last Click,88.79,1.0,0.95
ATTR-00191,ORD-00191,CMP-2025-01,Google Search,Last Click,124.42,1.0,0.95
ATTR-00192,ORD-00192,CMP-2025-04,YouTube Video Ads,Last Click,80.26,1.0,0.95
ATTR-00193,ORD-00193,CMP-ORGANIC,Social Organic,Direct,902.88,0.8,0.85
ATTR-00194,ORD-00194,CMP-2025-02,Influencer,Last Click,697.25,1.0,0.95
ATTR-00195,ORD-00195,CMP-ORGANIC,Email Newsletter,Direct,97.32,0.8,0.85
ATTR-00196,ORD-00196,CMP-2025-04,Meta Ads,Last Click,118.42,1.0,0.95
ATTR-00197,ORD-00197,CMP-2025-01,Meta Ads,Last Click,38.62,1.0,0.95
ATTR-00198,ORD-00198,CMP-2025-05,Google Remarketing,Last Click,549.88,1.0,0.95
ATTR-00199,ORD-00199,CMP-ORGANIC,Email Newsletter,Direct,97.32,0.8,0.85
ATTR-00200,ORD-00200,CMP-2025-05,Google Remarketing,Last Click,192.24,1.0,0.95
ATTR-00201,ORD-00201,CMP-ORGANIC,Social Organic,Direct,49.8,0.8,0.85
ATTR-00202,ORD-00202,CMP-2025-01,LinkedIn,Last Click,136.51,1.0,0.95
ATTR-00203,ORD-00203,CMP-ORGANIC,Organic Search,Direct,192.24,0.8,0.85
ATTR-00204,ORD-00204,CMP-2025-04,Meta Ads,Last Click,400.03,1.0,0.95
ATTR-00205,ORD-00205,CMP-2025-03,Email Marketing,Last Click,42.24,1.0,0.95
ATTR-00206,ORD-00206,CMP-2025-01,Google Search,Last Click,75.34,1.0,0.95
ATTR-00207,ORD-00207,CMP-2025-01,Google Search,Last Click,116.64,1.0,0.95
ATTR-00208,ORD-00208,CMP-2025-03,Email Marketing,Last Click,80.04,1.0,0.95
ATTR-00209,ORD-00209,CMP-2025-01,Google Search,Last Click,124.42,1.0,0.95
ATTR-00210,ORD-00210,CMP-2025-01,Google Search,Last Click,676.57,1.0,0.95
ATTR-00211,ORD-00211,CMP-ORGANIC,Email Newsletter,Direct,108.12,0.8,0.85
ATTR-00212,ORD-00212,CMP-ORGANIC,Social Organic,Direct,127.44,0.8,0.85
ATTR-00213,ORD-00213,CMP-2025-02,Influencer,Last Click,710.64,1.0,0.95
ATTR-00214,ORD-00214,CMP-2025-04,YouTube Video Ads,Last Click,332.32,1.0,0.95
ATTR-00215,ORD-00215,CMP-ORGANIC,Direct Traffic,Direct,75.72,0.8,0.85
ATTR-00216,ORD-00216,CMP-ORGANIC,Organic Search,Direct,646.92,0.8,0.85
ATTR-00217,ORD-00217,CMP-2025-01,LinkedIn,Last Click,134.14,1.0,0.95
ATTR-00218,ORD-00218,CMP-ORGANIC,Organic Search,Direct,149.04,0.8,0.85
ATTR-00219,ORD-00219,CMP-2025-01,Meta Ads,Last Click,98.51,1.0,0.95
ATTR-00220,ORD-00220,CMP-2025-04,Google Shopping,Last Click,40.19,1.0,0.95
ATTR-00221,ORD-00221,CMP-2025-03,Pinterest,Last Click,582.23,1.0,0.95
ATTR-00222,ORD-00222,CMP-2025-02,TikTok,Last Click,646.92,1.0,0.95
ATTR-00223,ORD-00223,CMP-ORGANIC,Organic Search,Direct,149.04,0.8,0.85
ATTR-00224,ORD-00224,CMP-2025-02,Influencer,Last Click,163.4,1.0,0.95
ATTR-00225,ORD-00225,CMP-2025-02,TikTok,Last Click,71.62,1.0,0.95
ATTR-00226,ORD-00226,CMP-ORGANIC,Direct Traffic,Direct,369.36,0.8,0.85
ATTR-00227,ORD-00227,CMP-ORGANIC,Email Newsletter,Direct,139.32,0.8,0.85
ATTR-00228,ORD-00228,CMP-2025-02,Influencer,Last Click,98.5,1.0,0.95
ATTR-00229,ORD-00229,CMP-2025-02,Instagram Reels,Last Click,135.86,1.0,0.95
ATTR-00230,ORD-00230,CMP-ORGANIC,Email Newsletter,Direct,64.92,0.8,0.85
ATTR-00231,ORD-00231,CMP-2025-03,Instagram,Last Click,93.7,1.0,0.95
ATTR-00232,ORD-00232,CMP-2025-02,Influencer,Last Click,64.92,1.0,0.95
ATTR-00233,ORD-00233,CMP-ORGANIC,Organic Search,Direct,839.16,0.8,0.85
ATTR-00234,ORD-00234,CMP-ORGANIC,Organic Search,Direct,186.84,0.8,0.85
ATTR-00235,ORD-00235,CMP-2025-02,TikTok,Last Click,128.74,1.0,0.95
ATTR-00236,ORD-00236,CMP-2025-02,TikTok,Last Click,517.54,1.0,0.95
ATTR-00237,ORD-00237,CMP-2025-02,Influencer,Last Click,69.35,1.0,0.95
ATTR-00238,ORD-00238,CMP-ORGANIC,Social Organic,Direct,623.16,0.8,0.85
ATTR-00239,ORD-00239,CMP-2025-02,Instagram Reels,Last Click,739.58,1.0,0.95
ATTR-00240,ORD-00240,CMP-2025-03,Email Marketing,Last Click,1226.45,1.0,0.95
ATTR-00241,ORD-00241,CMP-2025-04,Google Shopping,Last Click,103.37,1.0,0.95
ATTR-00242,ORD-00242,CMP-ORGANIC,Email Newsletter,Direct,139.32,0.8,0.85
ATTR-00243,ORD-00243,CMP-2025-03,Pinterest,Last Click,190.94,1.0,0.95
ATTR-00244,ORD-00244,CMP-2025-03,Email Marketing,Last Click,87.6,1.0,0.95
ATTR-00245,ORD-00245,CMP-ORGANIC,Organic Search,Direct,97.32,0.8,0.85
ATTR-00246,ORD-00246,CMP-ORGANIC,Organic Search,Direct,97.32,0.8,0.85
ATTR-00247,ORD-00247,CMP-2025-04,Google Shopping,Last Click,339.23,1.0,0.95
ATTR-00248,ORD-00248,CMP-ORGANIC,Organic Search,Direct,1023.84,0.8,0.85
ATTR-00249,ORD-00249,CMP-2025-01,LinkedIn,Last Click,62.98,1.0,0.95
ATTR-00250,ORD-00250,CMP-2025-05,Meta Retargeting,Last Click,98.51,1.0,0.95
ATTR-00251,ORD-00251,CMP-ORGANIC,Direct Traffic,Direct,257.04,0.8,0.85
ATTR-00252,ORD-00252,CMP-2025-05,Google Remarketing,Last Click,93.7,1.0,0.95
ATTR-00253,ORD-00253,CMP-ORGANIC,Organic Search,Direct,871.56,0.8,0.85
ATTR-00254,ORD-00254,CMP-ORGANIC,Social Organic,Direct,208.44,0.8,0.85
ATTR-00255,ORD-00255,CMP-2025-04,Google Shopping,Last Click,59.63,1.0,0.95
ATTR-00256,ORD-00256,CMP-2025-04,Google Shopping,Last Click,308.12,1.0,0.95
ATTR-00257,ORD-00257,CMP-ORGANIC,Organic Search,Direct,309.96,0.8,0.85
ATTR-00258,ORD-00258,CMP-2025-04,Meta Ads,Last Click,1119.96,1.0,0.95
ATTR-00259,ORD-00259,CMP-2025-03,Instagram,Last Click,69.35,1.0,0.95
ATTR-00260,ORD-00260,CMP-ORGANIC,Organic Search,Direct,75.72,0.8,0.85
ATTR-00261,ORD-00261,CMP-2025-04,Google Shopping,Last Click,136.78,1.0,0.95
ATTR-00262,ORD-00262,CMP-2025-05,Google Remarketing,Last Click,101.96,1.0,0.95
ATTR-00263,ORD-00263,CMP-ORGANIC,Email Newsletter,Direct,108.12,0.8,0.85
ATTR-00264,ORD-00264,CMP-2025-03,Email Marketing,Last Click,88.79,1.0,0.95
ATTR-00265,ORD-00265,CMP-ORGANIC,Direct Traffic,Direct,108.12,0.8,0.85
ATTR-00266,ORD-00266,CMP-ORGANIC,Organic Search,Direct,97.32,0.8,0.85
ATTR-00267,ORD-00267,CMP-2025-03,Email Marketing,Last Click,188.35,1.0,0.95
ATTR-00268,ORD-00268,CMP-2025-01,LinkedIn,Last Click,119.23,1.0,0.95
ATTR-00269,ORD-00269,CMP-2025-05,SMS,Last Click,456.25,1.0,0.95
ATTR-00270,ORD-00270,CMP-ORGANIC,Organic Search,Direct,86.52,0.8,0.85
ATTR-00271,ORD-00271,CMP-2025-04,YouTube Video Ads,Last Click,75.72,1.0,0.95
ATTR-00272,ORD-00272,CMP-2025-02,Instagram Reels,Last Click,170.64,1.0,0.95
ATTR-00273,ORD-00273,CMP-ORGANIC,Social Organic,Direct,170.64,0.8,0.85
ATTR-00274,ORD-00274,CMP-2025-03,Instagram,Last Click,97.32,1.0,0.95
ATTR-00275,ORD-00275,CMP-2025-01,Meta Ads,Last Click,654.48,1.0,0.95
ATTR-00276,ORD-00276,CMP-2025-01,LinkedIn,Last Click,192.46,1.0,0.95
ATTR-00277,ORD-00277,CMP-2025-03,Instagram,Last Click,582.23,1.0,0.95
ATTR-00278,ORD-00278,CMP-2025-02,TikTok,Last Click,49.8,1.0,0.95
ATTR-00279,ORD-00279,CMP-ORGANIC,Email Newsletter,Direct,97.32,0.8,0.85
ATTR-00280,ORD-00280,CMP-2025-01,Meta Ads,Last Click,144.83,1.0,0.95
ATTR-00281,ORD-00281,CMP-2025-05,SMS,Last Click,93.7,1.0,0.95
ATTR-00282,ORD-00282,CMP-2025-03,Pinterest,Last Click,136.51,1.0,0.95
ATTR-00283,ORD-00283,CMP-2025-01,Meta Ads,Last Click,163.3,1.0,0.95
ATTR-00284,ORD-00284,CMP-2025-01,Google Search,Last Click,582.23,1.0,0.95
ATTR-00285,ORD-00285,CMP-2025-04,Google Shopping,Last Click,66.16,1.0,0.95
ATTR-00286,ORD-00286,CMP-2025-01,Meta Ads,Last Click,1293.84,1.0,0.95
ATTR-00287,ORD-00287,CMP-2025-05,Meta Retargeting,Last Click,42.24,1.0,0.95
ATTR-00288,ORD-00288,CMP-2025-04,Google Shopping,Last Click,356.72,1.0,0.95
ATTR-00289,ORD-00289,CMP-ORGANIC,Organic Search,Direct,1561.68,0.8,0.85
ATTR-00290,ORD-00290,CMP-2025-03,Pinterest,Last Click,64.92,1.0,0.95
ATTR-00291,ORD-00291,CMP-2025-01,Google Search,Last Click,646.92,1.0,0.95
ATTR-00292,ORD-00292,CMP-ORGANIC,Social Organic,Direct,86.52,0.8,0.85
ATTR-00293,ORD-00293,CMP-ORGANIC,Email Newsletter,Direct,871.56,0.8,0.85
ATTR-00294,ORD-00294,CMP-2025-01,Google Search,Last Click,88.79,1.0,0.95
ATTR-00295,ORD-00295,CMP-ORGANIC,Direct Traffic,Direct,97.32,0.8,0.85
ATTR-00296,ORD-00296,CMP-ORGANIC,Email Newsletter,Direct,97.32,0.8,0.85
ATTR-00297,ORD-00297,CMP-2025-03,Email Marketing,Last Click,1309.28,1.0,0.95
ATTR-00298,ORD-00298,CMP-2025-02,TikTok,Last Click,278.64,1.0,0.95
ATTR-00299,ORD-00299,CMP-2025-01,LinkedIn,Last Click,93.7,1.0,0.95
ATTR-00300,ORD-00300,CMP-2025-03,Email Marketing,Last Click,181.44,1.0,0.95
ATTR-00301,ORD-00301,CMP-2025-04,YouTube Video Ads,Last Click,1293.84,1.0,0.95
ATTR-00302,ORD-00302,CMP-2025-01,Google Search,Last Click,46.02,1.0,0.95
ATTR-00303,ORD-00303,CMP-2025-03,Instagram,Last Click,414.72,1.0,0.95
ATTR-00304,ORD-00304,CMP-ORGANIC,Organic Search,Direct,139.32,0.8,0.85
ATTR-00305,ORD-00305,CMP-2025-05,SMS,Last Click,568.51,1.0,0.95
ATTR-00306,ORD-00306,CMP-ORGANIC,Social Organic,Direct,786.24,0.8,0.85
ATTR-00307,ORD-00307,CMP-2025-05,Meta Retargeting,Last Click,352.51,1.0,0.95
ATTR-00308,ORD-00308,CMP-2025-05,SMS,Last Click,160.92,1.0,0.95
ATTR-00309,ORD-00309,CMP-2025-05,Google Remarketing,Last Click,170.64,1.0,0.95
ATTR-00310,ORD-00310,CMP-2025-04,Meta Ads,Last Click,125.39,1.0,0.95
ATTR-00311,ORD-00311,CMP-2025-04,Google Shopping,Last Click,255.2,1.0,0.95
ATTR-00312,ORD-00312,CMP-ORGANIC,Email Newsletter,Direct,751.68,0.8,0.85
ATTR-00313,ORD-00313,CMP-2025-04,YouTube Video Ads,Last Click,110.59,1.0,0.95
ATTR-00314,ORD-00314,CMP-2025-05,Meta Retargeting,Last Click,110.81,1.0,0.95
ATTR-00315,ORD-00315,CMP-2025-02,TikTok,Last Click,140.45,1.0,0.95
ATTR-00316,ORD-00316,CMP-2025-02,TikTok,Last Click,128.74,1.0,0.95
ATTR-00317,ORD-00317,CMP-2025-05,SMS,Last Click,133.16,1.0,0.95
ATTR-00318,ORD-00318,CMP-ORGANIC,Direct Traffic,Direct,75.72,0.8,0.85
ATTR-00319,ORD-00319,CMP-2025-05,SMS,Last Click,376.92,1.0,0.95
ATTR-00320,ORD-00320,CMP-2025-04,Meta Ads,Last Click,118.42,1.0,0.95
ATTR-00321,ORD-00321,CMP-2025-03,Pinterest,Last Click,128.74,1.0,0.95
ATTR-00322,ORD-00322,CMP-2025-05,Meta Retargeting,Last Click,339.23,1.0,0.95
ATTR-00323,ORD-00323,CMP-2025-04,YouTube Video Ads,Last Click,221.18,1.0,0.95
ATTR-00324,ORD-00324,CMP-ORGANIC,Direct Traffic,Direct,127.44,0.8,0.85
ATTR-00325,ORD-00325,CMP-2025-01,Google Search,Last Click,125.77,1.0,0.95
ATTR-00326,ORD-00326,CMP-2025-03,Email Marketing,Last Click,79.07,1.0,0.95
ATTR-00327,ORD-00327,CMP-ORGANIC,Direct Traffic,Direct,43.32,0.8,0.85
ATTR-00328,ORD-00328,CMP-ORGANIC,Direct Traffic,Direct,112.32,0.8,0.85
ATTR-00329,ORD-00329,CMP-2025-04,Google Shopping,Last Click,119.23,1.0,0.95
ATTR-00330,ORD-00330,CMP-2025-03,Email Marketing,Last Click,74.64,1.0,0.95
ATTR-00331,ORD-00331,CMP-2025-03,Pinterest,Last Click,84.52,1.0,0.95
ATTR-00332,ORD-00332,CMP-ORGANIC,Organic Search,Direct,376.92,0.8,0.85
ATTR-00333,ORD-00333,CMP-2025-01,Meta Ads,Last Click,86.52,1.0,0.95
ATTR-00334,ORD-00334,CMP-2025-05,Meta Retargeting,Last Click,79.07,1.0,0.95
ATTR-00335,ORD-00335,CMP-2025-05,SMS,Last Click,549.88,1.0,0.95
ATTR-00336,ORD-00336,CMP-2025-04,YouTube Video Ads,Last Click,84.52,1.0,0.95
ATTR-00337,ORD-00337,CMP-2025-02,TikTok,Last Click,273.56,1.0,0.95
ATTR-00338,ORD-00338,CMP-2025-03,Pinterest,Last Click,108.12,1.0,0.95
ATTR-00339,ORD-00339,CMP-ORGANIC,Email Newsletter,Direct,678.24,0.8,0.85
ATTR-00340,ORD-00340,CMP-2025-05,Meta Retargeting,Last Click,80.26,1.0,0.95
ATTR-00341,ORD-00341,CMP-2025-01,Google Search,Last Click,118.42,1.0,0.95
ATTR-00342,ORD-00342,CMP-2025-04,YouTube Video Ads,Last Click,64.92,1.0,0.95
ATTR-00343,ORD-00343,CMP-2025-03,Email Marketing,Last Click,118.42,1.0,0.95
ATTR-00344,ORD-00344,CMP-2025-03,Instagram,Last Click,81.12,1.0,0.95
ATTR-00345,ORD-00345,CMP-2025-02,TikTok,Last Click,56.98,1.0,0.95
ATTR-00346,ORD-00346,CMP-2025-03,Email Marketing,Last Click,125.39,1.0,0.95
ATTR-00347,ORD-00347,CMP-2025-02,TikTok,Last Click,88.79,1.0,0.95
ATTR-00348,ORD-00348,CMP-2025-04,Meta Ads,Last Click,64.92,1.0,0.95
ATTR-00349,ORD-00349,CMP-ORGANIC,Organic Search,Direct,97.32,0.8,0.85
ATTR-00350,ORD-00350,CMP-2025-02,TikTok,Last Click,86.52,1.0,0.95
ATTR-00351,ORD-00351,CMP-2025-01,Meta Ads,Last Click,136.78,1.0,0.95
ATTR-00352,ORD-00352,CMP-ORGANIC,Email Newsletter,Direct,376.92,0.8,0.85
ATTR-00353,ORD-00353,CMP-2025-01,Meta Ads,Last Click,62.98,1.0,0.95
ATTR-00354,ORD-00354,CMP-2025-04,YouTube Video Ads,Last Click,80.26,1.0,0.95
ATTR-00355,ORD-00355,CMP-2025-04,Google Shopping,Last Click,320.38,1.0,0.95
ATTR-00356,ORD-00356,CMP-2025-04,Google Shopping,Last Click,98.51,1.0,0.95
ATTR-00357,ORD-00357,CMP-ORGANIC,Direct Traffic,Direct,108.12,0.8,0.85
ATTR-00358,ORD-00358,CMP-ORGANIC,Email Newsletter,Direct,108.12,0.8,0.85
ATTR-00359,ORD-00359,CMP-ORGANIC,Organic Search,Direct,127.44,0.8,0.85
ATTR-00360,ORD-00360,CMP-2025-03,Pinterest,Last Click,66.16,1.0,0.95
ATTR-00361,ORD-00361,CMP-2025-05,Meta Retargeting,Last Click,64.92,1.0,0.95
ATTR-00362,ORD-00362,CMP-2025-05,Google Remarketing,Last Click,149.04,1.0,0.95
ATTR-00363,ORD-00363,CMP-2025-04,YouTube Video Ads,Last Click,43.32,1.0,0.95
ATTR-00364,ORD-00364,CMP-ORGANIC,Email Newsletter,Direct,160.92,0.8,0.85
ATTR-00365,ORD-00365,CMP-2025-04,Meta Ads,Last Click,144.83,1.0,0.95
ATTR-00366,ORD-00366,CMP-ORGANIC,Social Organic,Direct,376.92,0.8,0.85
ATTR-00367,ORD-00367,CMP-2025-04,Google Shopping,Last Click,49.8,1.0,0.95
ATTR-00368,ORD-00368,CMP-ORGANIC,Social Organic,Direct,276.48,0.8,0.85
ATTR-00369,ORD-00369,CMP-2025-05,Google Remarketing,Last Click,126.68,1.0,0.95
ATTR-00370,ORD-00370,CMP-ORGANIC,Email Newsletter,Direct,86.52,0.8,0.85
ATTR-00371,ORD-00371,CMP-2025-02,TikTok,Last Click,99.14,1.0,0.95
ATTR-00372,ORD-00372,CMP-2025-02,Influencer,Last Click,517.54,1.0,0.95
ATTR-00373,ORD-00373,CMP-2025-01,Meta Ads,Last Click,101.95,1.0,0.95
ATTR-00374,ORD-00374,CMP-2025-02,Influencer,Last Click,80.26,1.0,0.95
ATTR-00375,ORD-00375,CMP-2025-01,LinkedIn,Last Click,84.58,1.0,0.95
ATTR-00376,ORD-00376,CMP-2025-03,Pinterest,Last Click,223.56,1.0,0.95
ATTR-00377,ORD-00377,CMP-ORGANIC,Organic Search,Direct,353.16,0.8,0.85
ATTR-00378,ORD-00378,CMP-2025-05,SMS,Last Click,136.78,1.0,0.95
ATTR-00379,ORD-00379,CMP-2025-05,SMS,Last Click,75.34,1.0,0.95
ATTR-00380,ORD-00380,CMP-2025-04,Google Shopping,Last Click,54.34,1.0,0.95
ATTR-00381,ORD-00381,CMP-ORGANIC,Social Organic,Direct,64.92,0.8,0.85
ATTR-00382,ORD-00382,CMP-2025-01,Google Search,Last Click,56.98,1.0,0.95
ATTR-00383,ORD-00383,CMP-2025-04,Meta Ads,Last Click,74.21,1.0,0.95
ATTR-00384,ORD-00384,CMP-2025-03,Instagram,Last Click,549.88,1.0,0.95
ATTR-00385,ORD-00385,CMP-2025-04,Google Shopping,Last Click,179.71,1.0,0.95
ATTR-00386,ORD-00386,CMP-ORGANIC,Direct Traffic,Direct,353.16,0.8,0.85
ATTR-00387,ORD-00387,CMP-2025-02,Influencer,Last Click,134.14,1.0,0.95
ATTR-00388,ORD-00388,CMP-2025-01,Google Search,Last Click,124.42,1.0,0.95
ATTR-00389,ORD-00389,CMP-2025-05,Google Remarketing,Last Click,229.82,1.0,0.95
ATTR-00390,ORD-00390,CMP-2025-04,Google Shopping,Last Click,301.54,1.0,0.95
ATTR-00391,ORD-00391,CMP-ORGANIC,Direct Traffic,Direct,223.56,0.8,0.85
ATTR-00392,ORD-00392,CMP-ORGANIC,Social Organic,Direct,646.92,0.8,0.85
ATTR-00393,ORD-00393,CMP-2025-04,Meta Ads,Last Click,320.38,1.0,0.95
ATTR-00394,ORD-00394,CMP-ORGANIC,Organic Search,Direct,197.64,0.8,0.85
ATTR-00395,ORD-00395,CMP-2025-03,Instagram,Last Click,204.77,1.0,0.95
ATTR-00396,ORD-00396,CMP-2025-02,TikTok,Last Click,59.63,1.0,0.95
ATTR-00397,ORD-00397,CMP-2025-04,Google Shopping,Last Click,320.38,1.0,0.95
ATTR-00398,ORD-00398,CMP-ORGANIC,Organic Search,Direct,753.84,0.8,0.85
ATTR-00399,ORD-00399,CMP-ORGANIC,Social Organic,Direct,75.72,0.8,0.85
ATTR-00400,ORD-00400,CMP-ORGANIC,Organic Search,Direct,376.92,0.8,0.85
ATTR-00401,ORD-00401,CMP-2025-04,Google Shopping,Last Click,450.04,1.0,0.95
ATTR-00402,ORD-00402,CMP-ORGANIC,Organic Search,Direct,139.32,0.8,0.85
ATTR-00403,ORD-00403,CMP-2025-05,Meta Retargeting,Last Click,97.32,1.0,0.95
ATTR-00404,ORD-00404,CMP-ORGANIC,Email Newsletter,Direct,192.24,0.8,0.85
ATTR-00405,ORD-00405,CMP-2025-01,Meta Ads,Last Click,209.95,1.0,0.95
ATTR-00406,ORD-00406,CMP-2025-01,Meta Ads,Last Click,65.24,1.0,0.95
ATTR-00407,ORD-00407,CMP-2025-01,Google Search,Last Click,1293.84,1.0,0.95
ATTR-00408,ORD-00408,CMP-2025-02,Instagram Reels,Last Click,367.2,1.0,0.95
ATTR-00409,ORD-00409,CMP-ORGANIC,Organic Search,Direct,64.92,0.8,0.85
ATTR-00410,ORD-00410,CMP-ORGANIC,Organic Search,Direct,753.84,0.8,0.85
ATTR-00411,ORD-00411,CMP-2025-01,Meta Ads,Last Click,320.38,1.0,0.95
ATTR-00412,ORD-00412,CMP-ORGANIC,Organic Search,Direct,147.96,0.8,0.85
ATTR-00413,ORD-00413,CMP-2025-01,Meta Ads,Last Click,118.42,1.0,0.95
ATTR-00414,ORD-00414,CMP-ORGANIC,Organic Search,Direct,1194.48,0.8,0.85
ATTR-00415,ORD-00415,CMP-2025-03,Pinterest,Last Click,97.32,1.0,0.95
ATTR-00416,ORD-00416,CMP-2025-02,Influencer,Last Click,1226.66,1.0,0.95
ATTR-00417,ORD-00417,CMP-2025-01,LinkedIn,Last Click,101.95,1.0,0.95
ATTR-00418,ORD-00418,CMP-2025-02,TikTok,Last Click,97.32,1.0,0.95
ATTR-00419,ORD-00419,CMP-2025-03,Pinterest,Last Click,678.46,1.0,0.95
ATTR-00420,ORD-00420,CMP-ORGANIC,Organic Search,Direct,257.04,0.8,0.85
ATTR-00421,ORD-00421,CMP-2025-01,Meta Ads,Last Click,160.92,1.0,0.95
ATTR-00422,ORD-00422,CMP-2025-04,YouTube Video Ads,Last Click,173.02,1.0,0.95
ATTR-00423,ORD-00423,CMP-2025-02,Influencer,Last Click,75.34,1.0,0.95
ATTR-00424,ORD-00424,CMP-2025-02,TikTok,Last Click,101.96,1.0,0.95
ATTR-00425,ORD-00425,CMP-2025-02,TikTok,Last Click,416.02,1.0,0.95
ATTR-00426,ORD-00426,CMP-2025-03,Email Marketing,Last Click,144.83,1.0,0.95
ATTR-00427,ORD-00427,CMP-2025-05,Meta Retargeting,Last Click,56.98,1.0,0.95
ATTR-00428,ORD-00428,CMP-2025-05,Google Remarketing,Last Click,320.38,1.0,0.95
ATTR-00429,ORD-00429,CMP-ORGANIC,Direct Traffic,Direct,860.76,0.8,0.85
ATTR-00430,ORD-00430,CMP-2025-04,Meta Ads,Last Click,173.02,1.0,0.95
ATTR-00431,ORD-00431,CMP-2025-05,Google Remarketing,Last Click,93.7,1.0,0.95
ATTR-00432,ORD-00432,CMP-2025-02,Instagram Reels,Last Click,1061.64,1.0,0.95
ATTR-00433,ORD-00433,CMP-2025-05,SMS,Last Click,255.96,1.0,0.95
ATTR-00434,ORD-00434,CMP-2025-05,Google Remarketing,Last Click,473.04,1.0,0.95
ATTR-00435,ORD-00435,CMP-ORGANIC,Direct Traffic,Direct,192.24,0.8,0.85
ATTR-00436,ORD-00436,CMP-ORGANIC,Direct Traffic,Direct,429.84,0.8,0.85
ATTR-00437,ORD-00437,CMP-2025-04,Google Shopping,Last Click,192.24,1.0,0.95
ATTR-00438,ORD-00438,CMP-2025-02,TikTok,Last Click,93.7,1.0,0.95
ATTR-00439,ORD-00439,CMP-2025-04,Meta Ads,Last Click,107.26,1.0,0.95
ATTR-00440,ORD-00440,CMP-2025-03,Instagram,Last Click,224.64,1.0,0.95
ATTR-00441,ORD-00441,CMP-2025-04,Meta Ads,Last Click,128.74,1.0,0.95
ATTR-00442,ORD-00442,CMP-2025-02,Influencer,Last Click,117.5,1.0,0.95
ATTR-00443,ORD-00443,CMP-2025-05,SMS,Last Click,128.74,1.0,0.95
ATTR-00444,ORD-00444,CMP-2025-05,SMS,Last Click,594.43,1.0,0.95
ATTR-00445,ORD-00445,CMP-ORGANIC,Direct Traffic,Direct,504.36,0.8,0.85
ATTR-00446,ORD-00446,CMP-2025-02,TikTok,Last Click,646.92,1.0,0.95
ATTR-00447,ORD-00447,CMP-2025-01,LinkedIn,Last Click,40.19,1.0,0.95
ATTR-00448,ORD-00448,CMP-2025-02,TikTok,Last Click,160.92,1.0,0.95
ATTR-00449,ORD-00449,CMP-ORGANIC,Social Organic,Direct,49.8,0.8,0.85
ATTR-00450,ORD-00450,CMP-2025-01,LinkedIn,Last Click,699.84,1.0,0.95
ATTR-00451,ORD-00451,CMP-2025-04,YouTube Video Ads,Last Click,646.92,1.0,0.95
ATTR-00452,ORD-00452,CMP-ORGANIC,Organic Search,Direct,81.12,0.8,0.85
ATTR-00453,ORD-00453,CMP-2025-02,Influencer,Last Click,74.64,1.0,0.95
ATTR-00454,ORD-00454,CMP-2025-03,Instagram,Last Click,62.98,1.0,0.95
ATTR-00455,ORD-00455,CMP-2025-05,SMS,Last Click,93.7,1.0,0.95
ATTR-00456,ORD-00456,CMP-2025-05,Meta Retargeting,Last Click,93.7,1.0,0.95
ATTR-00457,ORD-00457,CMP-2025-03,Instagram,Last Click,224.64,1.0,0.95
ATTR-00458,ORD-00458,CMP-2025-02,Influencer,Last Click,107.04,1.0,0.95
ATTR-00459,ORD-00459,CMP-2025-01,Meta Ads,Last Click,117.84,1.0,0.95
ATTR-00460,ORD-00460,CMP-2025-03,Pinterest,Last Click,191.16,1.0,0.95
ATTR-00461,ORD-00461,CMP-2025-02,TikTok,Last Click,104.65,1.0,0.95
ATTR-00462,ORD-00462,CMP-2025-01,Google Search,Last Click,54.34,1.0,0.95
ATTR-00463,ORD-00463,CMP-2025-03,Instagram,Last Click,95.47,1.0,0.95
ATTR-00464,ORD-00464,CMP-ORGANIC,Email Newsletter,Direct,102.72,0.8,0.85
ATTR-00465,ORD-00465,CMP-2025-01,Google Search,Last Click,117.84,1.0,0.95
ATTR-00466,ORD-00466,CMP-ORGANIC,Direct Traffic,Direct,159.84,0.8,0.85
ATTR-00467,ORD-00467,CMP-2025-03,Pinterest,Last Click,240.52,1.0,0.95
ATTR-00468,ORD-00468,CMP-ORGANIC,Social Organic,Direct,64.92,0.8,0.85
ATTR-00469,ORD-00469,CMP-ORGANIC,Email Newsletter,Direct,117.84,0.8,0.85
ATTR-00470,ORD-00470,CMP-2025-05,SMS,Last Click,46.02,1.0,0.95
ATTR-00471,ORD-00471,CMP-2025-03,Email Marketing,Last Click,392.9,1.0,0.95
ATTR-00472,ORD-00472,CMP-2025-05,SMS,Last Click,678.24,1.0,0.95
ATTR-00473,ORD-00473,CMP-2025-03,Pinterest,Last Click,517.54,1.0,0.95
ATTR-00474,ORD-00474,CMP-2025-04,Google Shopping,Last Click,924.48,1.0,0.95
ATTR-00475,ORD-00475,CMP-2025-05,Meta Retargeting,Last Click,640.76,1.0,0.95
ATTR-00476,ORD-00476,CMP-2025-02,Influencer,Last Click,517.54,1.0,0.95
ATTR-00477,ORD-00477,CMP-2025-02,Influencer,Last Click,66.16,1.0,0.95
ATTR-00478,ORD-00478,CMP-2025-03,Pinterest,Last Click,43.32,1.0,0.95
ATTR-00479,ORD-00479,CMP-2025-03,Email Marketing,Last Click,731.16,1.0,0.95
ATTR-00480,ORD-00480,CMP-ORGANIC,Direct Traffic,Direct,97.32,0.8,0.85
ATTR-00481,ORD-00481,CMP-2025-04,YouTube Video Ads,Last Click,230.36,1.0,0.95
ATTR-00482,ORD-00482,CMP-2025-04,Google Shopping,Last Click,40.19,1.0,0.95
ATTR-00483,ORD-00483,CMP-ORGANIC,Organic Search,Direct,149.04,0.8,0.85
ATTR-00484,ORD-00484,CMP-ORGANIC,Direct Traffic,Direct,87.6,0.8,0.85
ATTR-00485,ORD-00485,CMP-2025-01,LinkedIn,Last Click,1023.84,1.0,0.95
ATTR-00486,ORD-00486,CMP-2025-05,Google Remarketing,Last Click,517.54,1.0,0.95
ATTR-00487,ORD-00487,CMP-2025-02,Influencer,Last Click,42.24,1.0,0.95
ATTR-00488,ORD-00488,CMP-ORGANIC,Email Newsletter,Direct,43.32,0.8,0.85
ATTR-00489,ORD-00489,CMP-ORGANIC,Direct Traffic,Direct,97.32,0.8,0.85
ATTR-00490,ORD-00490,CMP-ORGANIC,Direct Traffic,Direct,537.84,0.8,0.85
ATTR-00491,ORD-00491,CMP-2025-02,Influencer,Last Click,1010.88,1.0,0.95
ATTR-00492,ORD-00492,CMP-ORGANIC,Email Newsletter,Direct,74.64,0.8,0.85
ATTR-00493,ORD-00493,CMP-2025-02,Influencer,Last Click,173.02,1.0,0.95
ATTR-00494,ORD-00494,CMP-ORGANIC,Organic Search,Direct,177.12,0.8,0.85
ATTR-00495,ORD-00495,CMP-2025-03,Instagram,Last Click,88.79,1.0,0.95
ATTR-00496,ORD-00496,CMP-2025-01,LinkedIn,Last Click,678.46,1.0,0.95
ATTR-00497,ORD-00497,CMP-2025-04,YouTube Video Ads,Last Click,201.96,1.0,0.95
ATTR-00498,ORD-00498,CMP-ORGANIC,Direct Traffic,Direct,137.16,0.8,0.85
ATTR-00499,ORD-00499,CMP-ORGANIC,Direct Traffic,Direct,87.6,0.8,0.85
ATTR-00500,ORD-00500,CMP-2025-04,Meta Ads,Last Click,153.58,1.0,0.95
ATTR-00501,ORD-00501,CMP-ORGANIC,Organic Search,Direct,646.92,0.8,0.85
ATTR-00502,ORD-00502,CMP-2025-05,SMS,Last Click,69.35,1.0,0.95
ATTR-00503,ORD-00503,CMP-2025-05,Google Remarketing,Last Click,84.52,1.0,0.95
ATTR-00504,ORD-00504,CMP-2025-04,YouTube Video Ads,Last Click,128.74,1.0,0.95
ATTR-00505,ORD-00505,CMP-ORGANIC,Direct Traffic,Direct,43.32,0.8,0.85
ATTR-00506,ORD-00506,CMP-ORGANIC,Email Newsletter,Direct,515.16,0.8,0.85
ATTR-00507,ORD-00507,CMP-2025-03,Instagram,Last Click,273.56,1.0,0.95
ATTR-00508,ORD-00508,CMP-ORGANIC,Social Organic,Direct,75.72,0.8,0.85
ATTR-00509,ORD-00509,CMP-2025-02,TikTok,Last Click,160.92,1.0,0.95
ATTR-00510,ORD-00510,CMP-ORGANIC,Social Organic,Direct,170.64,0.8,0.85
ATTR-00511,ORD-00511,CMP-2025-02,Influencer,Last Click,88.79,1.0,0.95
ATTR-00512,ORD-00512,CMP-2025-02,Influencer,Last Click,171.07,1.0,0.95
ATTR-00513,ORD-00513,CMP-2025-01,LinkedIn,Last Click,257.47,1.0,0.95
ATTR-00514,ORD-00514,CMP-2025-02,TikTok,Last Click,104.98,1.0,0.95
ATTR-00515,ORD-00515,CMP-2025-04,YouTube Video Ads,Last Click,62.98,1.0,0.95
ATTR-00516,ORD-00516,CMP-ORGANIC,Direct Traffic,Direct,192.24,0.8,0.85
ATTR-00517,ORD-00517,CMP-2025-05,Meta Retargeting,Last Click,81.12,1.0,0.95
ATTR-00518,ORD-00518,CMP-2025-01,Google Search,Last Click,125.39,1.0,0.95
ATTR-00519,ORD-00519,CMP-2025-01,Meta Ads,Last Click,231.34,1.0,0.95
ATTR-00520,ORD-00520,CMP-ORGANIC,Social Organic,Direct,97.32,0.8,0.85
ATTR-00521,ORD-00521,CMP-ORGANIC,Email Newsletter,Direct,64.92,0.8,0.85
ATTR-00522,ORD-00522,CMP-2025-05,SMS,Last Click,145.04,1.0,0.95
ATTR-00523,ORD-00523,CMP-2025-05,SMS,Last Click,318.55,1.0,0.95
ATTR-00524,ORD-00524,CMP-ORGANIC,Direct Traffic,Direct,201.96,0.8,0.85
ATTR-00525,ORD-00525,CMP-2025-03,Email Marketing,Last Click,170.64,1.0,0.95
ATTR-00526,ORD-00526,CMP-2025-05,Meta Retargeting,Last Click,153.58,1.0,0.95
ATTR-00527,ORD-00527,CMP-2025-04,YouTube Video Ads,Last Click,732.24,1.0,0.95
ATTR-00528,ORD-00528,CMP-ORGANIC,Email Newsletter,Direct,75.72,0.8,0.85
ATTR-00529,ORD-00529,CMP-ORGANIC,Email Newsletter,Direct,213.84,0.8,0.85
ATTR-00530,ORD-00530,CMP-ORGANIC,Social Organic,Direct,49.8,0.8,0.85
ATTR-00531,ORD-00531,CMP-2025-03,Email Marketing,Last Click,54.34,1.0,0.95
ATTR-00532,ORD-00532,CMP-2025-01,LinkedIn,Last Click,187.49,1.0,0.95
ATTR-00533,ORD-00533,CMP-2025-02,Influencer,Last Click,46.02,1.0,0.95
ATTR-00534,ORD-00534,CMP-ORGANIC,Email Newsletter,Direct,108.12,0.8,0.85
ATTR-00535,ORD-00535,CMP-ORGANIC,Direct Traffic,Direct,246.24,0.8,0.85
ATTR-00536,ORD-00536,CMP-2025-03,Pinterest,Last Click,210.92,1.0,0.95
ATTR-00537,ORD-00537,CMP-2025-04,Meta Ads,Last Click,126.68,1.0,0.95
ATTR-00538,ORD-00538,CMP-2025-04,Google Shopping,Last Click,49.8,1.0,0.95
ATTR-00539,ORD-00539,CMP-ORGANIC,Direct Traffic,Direct,64.92,0.8,0.85
ATTR-00540,ORD-00540,CMP-2025-01,Google Search,Last Click,97.32,1.0,0.95
ATTR-00541,ORD-00541,CMP-ORGANIC,Direct Traffic,Direct,108.12,0.8,0.85
ATTR-00542,ORD-00542,CMP-ORGANIC,Direct Traffic,Direct,97.32,0.8,0.85
ATTR-00543,ORD-00543,CMP-ORGANIC,Organic Search,Direct,376.92,0.8,0.85
ATTR-00544,ORD-00544,CMP-2025-04,Meta Ads,Last Click,97.54,1.0,0.95
ATTR-00545,ORD-00545,CMP-2025-03,Pinterest,Last Click,88.79,1.0,0.95
ATTR-00546,ORD-00546,CMP-2025-04,Google Shopping,Last Click,111.46,1.0,0.95
ATTR-00547,ORD-00547,CMP-2025-03,Email Marketing,Last Click,101.96,1.0,0.95
ATTR-00548,ORD-00548,CMP-2025-05,Google Remarketing,Last Click,235.44,1.0,0.95
ATTR-00549,ORD-00549,CMP-ORGANIC,Organic Search,Direct,1293.84,0.8,0.85
ATTR-00550,ORD-00550,CMP-2025-03,Instagram,Last Click,98.51,1.0,0.95
ATTR-00551,ORD-00551,CMP-2025-01,Google Search,Last Click,88.79,1.0,0.95
ATTR-00552,ORD-00552,CMP-2025-02,Instagram Reels,Last Click,93.31,1.0,0.95
ATTR-00553,ORD-00553,CMP-2025-02,Influencer,Last Click,127.44,1.0,0.95
ATTR-00554,ORD-00554,CMP-2025-05,Google Remarketing,Last Click,504.36,1.0,0.95
ATTR-00555,ORD-00555,CMP-2025-01,LinkedIn,Last Click,547.78,1.0,0.95
ATTR-00556,ORD-00556,CMP-ORGANIC,Email Newsletter,Direct,160.92,0.8,0.85
ATTR-00557,ORD-00557,CMP-2025-01,Google Search,Last Click,54.34,1.0,0.95
ATTR-00558,ORD-00558,CMP-ORGANIC,Email Newsletter,Direct,117.84,0.8,0.85
ATTR-00559,ORD-00559,CMP-2025-04,Meta Ads,Last Click,333.5,1.0,0.95
ATTR-00560,ORD-00560,CMP-ORGANIC,Organic Search,Direct,74.64,0.8,0.85
ATTR-00561,ORD-00561,CMP-ORGANIC,Direct Traffic,Direct,159.84,0.8,0.85
ATTR-00562,ORD-00562,CMP-2025-02,TikTok,Last Click,153.58,1.0,0.95
ATTR-00563,ORD-00563,CMP-ORGANIC,Email Newsletter,Direct,462.24,0.8,0.85
ATTR-00564,ORD-00564,CMP-2025-02,Instagram Reels,Last Click,235.93,1.0,0.95
ATTR-00565,ORD-00565,CMP-ORGANIC,Organic Search,Direct,64.92,0.8,0.85
ATTR-00566,ORD-00566,CMP-2025-04,Meta Ads,Last Click,119.23,1.0,0.95
ATTR-00567,ORD-00567,CMP-2025-04,YouTube Video Ads,Last Click,128.74,1.0,0.95
ATTR-00568,ORD-00568,CMP-2025-03,Pinterest,Last Click,69.35,1.0,0.95
ATTR-00569,ORD-00569,CMP-ORGANIC,Direct Traffic,Direct,646.92,0.8,0.85
ATTR-00570,ORD-00570,CMP-2025-03,Pinterest,Last Click,160.92,1.0,0.95
ATTR-00571,ORD-00571,CMP-ORGANIC,Email Newsletter,Direct,97.32,0.8,0.85
ATTR-00572,ORD-00572,CMP-2025-03,Email Marketing,Last Click,49.8,1.0,0.95
ATTR-00573,ORD-00573,CMP-2025-03,Email Marketing,Last Click,153.58,1.0,0.95
ATTR-00574,ORD-00574,CMP-ORGANIC,Organic Search,Direct,160.92,0.8,0.85
ATTR-00575,ORD-00575,CMP-ORGANIC,Social Organic,Direct,108.12,0.8,0.85
ATTR-00576,ORD-00576,CMP-2025-05,Meta Retargeting,Last Click,62.98,1.0,0.95
ATTR-00577,ORD-00577,CMP-2025-01,Meta Ads,Last Click,455.33,1.0,0.95
ATTR-00578,ORD-00578,CMP-2025-02,Influencer,Last Click,386.86,1.0,0.95
ATTR-00579,ORD-00579,CMP-2025-01,LinkedIn,Last Click,113.72,1.0,0.95
ATTR-00580,ORD-00580,CMP-2025-02,Instagram Reels,Last Click,517.54,1.0,0.95
ATTR-00581,ORD-00581,CMP-ORGANIC,Social Organic,Direct,646.92,0.8,0.85
ATTR-00582,ORD-00582,CMP-2025-02,TikTok,Last Click,153.58,1.0,0.95
ATTR-00583,ORD-00583,CMP-2025-01,Google Search,Last Click,139.32,1.0,0.95
ATTR-00584,ORD-00584,CMP-ORGANIC,Social Organic,Direct,710.64,0.8,0.85
ATTR-00585,ORD-00585,CMP-2025-03,Email Marketing,Last Click,125.39,1.0,0.95
ATTR-00586,ORD-00586,CMP-ORGANIC,Direct Traffic,Direct,1163.16,0.8,0.85
ATTR-00587,ORD-00587,CMP-2025-02,TikTok,Last Click,412.99,1.0,0.95
ATTR-00588,ORD-00588,CMP-2025-03,Instagram,Last Click,134.14,1.0,0.95
ATTR-00589,ORD-00589,CMP-2025-03,Instagram,Last Click,222.91,1.0,0.95
ATTR-00590,ORD-00590,CMP-2025-03,Email Marketing,Last Click,124.42,1.0,0.95
ATTR-00591,ORD-00591,CMP-2025-01,Google Search,Last Click,646.92,1.0,0.95
ATTR-00592,ORD-00592,CMP-ORGANIC,Organic Search,Direct,192.24,0.8,0.85
ATTR-00593,ORD-00593,CMP-2025-01,Google Search,Last Click,38.62,1.0,0.95
ATTR-00594,ORD-00594,CMP-2025-05,SMS,Last Click,80.26,1.0,0.95
ATTR-00595,ORD-00595,CMP-2025-01,Meta Ads,Last Click,108.12,1.0,0.95
ATTR-00596,ORD-00596,CMP-2025-05,Google Remarketing,Last Click,376.92,1.0,0.95
ATTR-00597,ORD-00597,CMP-2025-02,Influencer,Last Click,56.98,1.0,0.95
ATTR-00598,ORD-00598,CMP-2025-01,Google Search,Last Click,145.15,1.0,0.95
ATTR-00599,ORD-00599,CMP-ORGANIC,Direct Traffic,Direct,43.32,0.8,0.85
ATTR-00600,ORD-00600,CMP-2025-04,Meta Ads,Last Click,118.42,1.0,0.95
ATTR-00601,ORD-00601,CMP-ORGANIC,Email Newsletter,Direct,451.44,0.8,0.85
ATTR-00602,ORD-00602,CMP-2025-05,SMS,Last Click,89.11,1.0,0.95
ATTR-00603,ORD-00603,CMP-2025-01,Meta Ads,Last Click,38.62,1.0,0.95
ATTR-00604,ORD-00604,CMP-ORGANIC,Email Newsletter,Direct,49.8,0.8,0.85
ATTR-00605,ORD-00605,CMP-2025-01,LinkedIn,Last Click,278.64,1.0,0.95
ATTR-00606,ORD-00606,CMP-2025-03,Email Marketing,Last Click,128.74,1.0,0.95
ATTR-00607,ORD-00607,CMP-2025-05,SMS,Last Click,1387.58,1.0,0.95
ATTR-00608,ORD-00608,CMP-2025-04,Google Shopping,Last Click,173.02,1.0,0.95
ATTR-00609,ORD-00609,CMP-2025-03,Pinterest,Last Click,446.69,1.0,0.95
ATTR-00610,ORD-00610,CMP-ORGANIC,Organic Search,Direct,49.8,0.8,0.85
ATTR-00611,ORD-00611,CMP-ORGANIC,Organic Search,Direct,158.76,0.8,0.85
ATTR-00612,ORD-00612,CMP-2025-02,Influencer,Last Click,671.33,1.0,0.95
ATTR-00613,ORD-00613,CMP-2025-01,Meta Ads,Last Click,301.54,1.0,0.95
ATTR-00614,ORD-00614,CMP-ORGANIC,Direct Traffic,Direct,97.32,0.8,0.85
ATTR-00615,ORD-00615,CMP-2025-04,YouTube Video Ads,Last Click,291.17,1.0,0.95
ATTR-00616,ORD-00616,CMP-2025-05,SMS,Last Click,541.4,1.0,0.95
ATTR-00617,ORD-00617,CMP-2025-05,Google Remarketing,Last Click,369.79,1.0,0.95
ATTR-00618,ORD-00618,CMP-2025-01,LinkedIn,Last Click,118.42,1.0,0.95
ATTR-00619,ORD-00619,CMP-2025-04,Meta Ads,Last Click,37.06,1.0,0.95
ATTR-00620,ORD-00620,CMP-2025-03,Instagram,Last Click,43.32,1.0,0.95
ATTR-00621,ORD-00621,CMP-ORGANIC,Email Newsletter,Direct,97.32,0.8,0.85
ATTR-00622,ORD-00622,CMP-2025-03,Instagram,Last Click,149.04,1.0,0.95
ATTR-00623,ORD-00623,CMP-2025-02,Influencer,Last Click,144.83,1.0,0.95
ATTR-00624,ORD-00624,CMP-2025-02,Instagram Reels,Last Click,281.83,1.0,0.95
ATTR-00625,ORD-00625,CMP-2025-01,LinkedIn,Last Click,136.78,1.0,0.95
ATTR-00626,ORD-00626,CMP-2025-03,Instagram,Last Click,136.51,1.0,0.95
ATTR-00627,ORD-00627,CMP-ORGANIC,Email Newsletter,Direct,429.84,0.8,0.85
ATTR-00628,ORD-00628,CMP-2025-05,Meta Retargeting,Last Click,839.16,1.0,0.95
ATTR-00629,ORD-00629,CMP-2025-05,Meta Retargeting,Last Click,281.83,1.0,0.95
ATTR-00630,ORD-00630,CMP-2025-05,SMS,Last Click,84.52,1.0,0.95
ATTR-00631,ORD-00631,CMP-2025-03,Instagram,Last Click,97.32,1.0,0.95
ATTR-00632,ORD-00632,CMP-2025-02,TikTok,Last Click,234.36,1.0,0.95
ATTR-00633,ORD-00633,CMP-2025-04,YouTube Video Ads,Last Click,80.26,1.0,0.95
ATTR-00634,ORD-00634,CMP-2025-02,Influencer,Last Click,86.52,1.0,0.95
ATTR-00635,ORD-00635,CMP-2025-01,LinkedIn,Last Click,136.78,1.0,0.95
ATTR-00636,ORD-00636,CMP-2025-04,Google Shopping,Last Click,79.39,1.0,0.95
ATTR-00637,ORD-00637,CMP-2025-04,Meta Ads,Last Click,127.87,1.0,0.95
ATTR-00638,ORD-00638,CMP-2025-01,Google Search,Last Click,253.37,1.0,0.95
ATTR-00639,ORD-00639,CMP-ORGANIC,Direct Traffic,Direct,300.24,0.8,0.85
ATTR-00640,ORD-00640,CMP-2025-03,Email Marketing,Last Click,517.54,1.0,0.95
ATTR-00641,ORD-00641,CMP-ORGANIC,Direct Traffic,Direct,255.96,0.8,0.85
ATTR-00642,ORD-00642,CMP-2025-04,Meta Ads,Last Click,410.35,1.0,0.95
ATTR-00643,ORD-00643,CMP-ORGANIC,Organic Search,Direct,1055.16,0.8,0.85
ATTR-00644,ORD-00644,CMP-ORGANIC,Organic Search,Direct,170.64,0.8,0.85
ATTR-00645,ORD-00645,CMP-2025-01,Meta Ads,Last Click,119.23,1.0,0.95
ATTR-00646,ORD-00646,CMP-2025-01,Meta Ads,Last Click,62.98,1.0,0.95
ATTR-00647,ORD-00647,CMP-2025-04,Google Shopping,Last Click,44.13,1.0,0.95
ATTR-00648,ORD-00648,CMP-2025-02,Influencer,Last Click,145.04,1.0,0.95
ATTR-00649,ORD-00649,CMP-2025-04,YouTube Video Ads,Last Click,331.56,1.0,0.95
ATTR-00650,ORD-00650,CMP-2025-02,Influencer,Last Click,37.06,1.0,0.95
ATTR-00651,ORD-00651,CMP-2025-04,YouTube Video Ads,Last Click,59.63,1.0,0.95
ATTR-00652,ORD-00652,CMP-2025-05,SMS,Last Click,75.72,1.0,0.95
ATTR-00653,ORD-00653,CMP-2025-01,Meta Ads,Last Click,1250.96,1.0,0.95
ATTR-00654,ORD-00654,CMP-ORGANIC,Direct Traffic,Direct,266.76,0.8,0.85
ATTR-00655,ORD-00655,CMP-2025-04,YouTube Video Ads,Last Click,327.73,1.0,0.95
ATTR-00656,ORD-00656,CMP-2025-01,LinkedIn,Last Click,343.87,1.0,0.95
ATTR-00657,ORD-00657,CMP-2025-03,Pinterest,Last Click,38.62,1.0,0.95
ATTR-00658,ORD-00658,CMP-ORGANIC,Email Newsletter,Direct,276.48,0.8,0.85
ATTR-00659,ORD-00659,CMP-ORGANIC,Direct Traffic,Direct,75.72,0.8,0.85
ATTR-00660,ORD-00660,CMP-2025-01,LinkedIn,Last Click,220.64,1.0,0.95
ATTR-00661,ORD-00661,CMP-2025-02,TikTok,Last Click,603.07,1.0,0.95
ATTR-00662,ORD-00662,CMP-2025-02,TikTok,Last Click,582.23,1.0,0.95
ATTR-00663,ORD-00663,CMP-2025-01,Meta Ads,Last Click,819.07,1.0,0.95
ATTR-00664,ORD-00664,CMP-2025-01,LinkedIn,Last Click,113.52,1.0,0.95
ATTR-00665,ORD-00665,CMP-2025-04,Meta Ads,Last Click,38.62,1.0,0.95
ATTR-00666,ORD-00666,CMP-2025-01,Meta Ads,Last Click,192.46,1.0,0.95
ATTR-00667,ORD-00667,CMP-2025-04,YouTube Video Ads,Last Click,108.12,1.0,0.95
ATTR-00668,ORD-00668,CMP-ORGANIC,Direct Traffic,Direct,149.04,0.8,0.85
ATTR-00669,ORD-00669,CMP-2025-01,LinkedIn,Last Click,222.91,1.0,0.95
ATTR-00670,ORD-00670,CMP-2025-01,LinkedIn,Last Click,97.32,1.0,0.95
ATTR-00671,ORD-00671,CMP-ORGANIC,Organic Search,Direct,116.64,0.8,0.85
ATTR-00672,ORD-00672,CMP-ORGANIC,Organic Search,Direct,108.12,0.8,0.85
ATTR-00673,ORD-00673,CMP-2025-05,SMS,Last Click,111.46,1.0,0.95
ATTR-00674,ORD-00674,CMP-2025-05,SMS,Last Click,42.24,1.0,0.95
ATTR-00675,ORD-00675,CMP-ORGANIC,Email Newsletter,Direct,646.92,0.8,0.85
ATTR-00676,ORD-00676,CMP-2025-04,Google Shopping,Last Click,732.24,1.0,0.95
ATTR-00677,ORD-00677,CMP-2025-03,Pinterest,Last Click,40.19,1.0,0.95
ATTR-00678,ORD-00678,CMP-2025-01,Meta Ads,Last Click,354.35,1.0,0.95
ATTR-00679,ORD-00679,CMP-2025-04,Meta Ads,Last Click,79.07,1.0,0.95
ATTR-00680,ORD-00680,CMP-2025-05,Meta Retargeting,Last Click,144.83,1.0,0.95
ATTR-00681,ORD-00681,CMP-2025-04,YouTube Video Ads,Last Click,549.88,1.0,0.95
ATTR-00682,ORD-00682,CMP-2025-02,Influencer,Last Click,86.52,1.0,0.95
ATTR-00683,ORD-00683,CMP-2025-05,SMS,Last Click,97.32,1.0,0.95
ATTR-00684,ORD-00684,CMP-2025-01,Google Search,Last Click,202.18,1.0,0.95
ATTR-00685,ORD-00685,CMP-ORGANIC,Email Newsletter,Direct,459.0,0.8,0.85
ATTR-00686,ORD-00686,CMP-2025-01,LinkedIn,Last Click,192.46,1.0,0.95
ATTR-00687,ORD-00687,CMP-2025-04,YouTube Video Ads,Last Click,859.68,1.0,0.95
ATTR-00688,ORD-00688,CMP-2025-03,Instagram,Last Click,414.72,1.0,0.95
ATTR-00689,ORD-00689,CMP-ORGANIC,Email Newsletter,Direct,108.12,0.8,0.85
ATTR-00690,ORD-00690,CMP-2025-04,YouTube Video Ads,Last Click,479.2,1.0,0.95
ATTR-00691,ORD-00691,CMP-2025-02,Instagram Reels,Last Click,153.79,1.0,0.95
ATTR-00692,ORD-00692,CMP-2025-03,Instagram,Last Click,209.95,1.0,0.95
ATTR-00693,ORD-00693,CMP-ORGANIC,Organic Search,Direct,160.92,0.8,0.85
ATTR-00694,ORD-00694,CMP-2025-04,Meta Ads,Last Click,75.34,1.0,0.95
ATTR-00695,ORD-00695,CMP-2025-02,TikTok,Last Click,119.23,1.0,0.95
ATTR-00696,ORD-00696,CMP-ORGANIC,Direct Traffic,Direct,190.08,0.8,0.85
ATTR-00697,ORD-00697,CMP-ORGANIC,Social Organic,Direct,160.92,0.8,0.85
ATTR-00698,ORD-00698,CMP-2025-04,Google Shopping,Last Click,224.64,1.0,0.95
ATTR-00699,ORD-00699,CMP-ORGANIC,Direct Traffic,Direct,646.92,0.8,0.85
ATTR-00700,ORD-00700,CMP-ORGANIC,Organic Search,Direct,699.84,0.8,0.85
ATTR-00701,ORD-00701,CMP-2025-01,LinkedIn,Last Click,887.33,1.0,0.95
ATTR-00702,ORD-00702,CMP-2025-02,TikTok,Last Click,88.79,1.0,0.95
ATTR-00703,ORD-00703,CMP-ORGANIC,Organic Search,Direct,613.44,0.8,0.85
ATTR-00704,ORD-00704,CMP-2025-01,Google Search,Last Click,921.46,1.0,0.95
ATTR-00705,ORD-00705,CMP-ORGANIC,Social Organic,Direct,97.32,0.8,0.85
ATTR-00706,ORD-00706,CMP-2025-04,Google Shopping,Last Click,199.21,1.0,0.95
ATTR-00707,ORD-00707,CMP-ORGANIC,Organic Search,Direct,197.64,0.8,0.85
ATTR-00708,ORD-00708,CMP-2025-05,Google Remarketing,Last Click,882.36,1.0,0.95
ATTR-00709,ORD-00709,CMP-2025-05,SMS,Last Click,273.56,1.0,0.95
ATTR-00710,ORD-00710,CMP-ORGANIC,Social Organic,Direct,246.24,0.8,0.85
ATTR-00711,ORD-00711,CMP-2025-04,Meta Ads,Last Click,139.32,1.0,0.95
ATTR-00712,ORD-00712,CMP-2025-04,Meta Ads,Last Click,97.54,1.0,0.95
ATTR-00713,ORD-00713,CMP-2025-03,Pinterest,Last Click,745.52,1.0,0.95
ATTR-00714,ORD-00714,CMP-2025-02,Instagram Reels,Last Click,163.4,1.0,0.95
ATTR-00715,ORD-00715,CMP-2025-04,Meta Ads,Last Click,86.52,1.0,0.95
ATTR-00716,ORD-00716,CMP-2025-05,Meta Retargeting,Last Click,376.92,1.0,0.95
ATTR-00717,ORD-00717,CMP-2025-04,Google Shopping,Last Click,37.06,1.0,0.95
ATTR-00718,ORD-00718,CMP-2025-01,Meta Ads,Last Click,108.12,1.0,0.95
ATTR-00719,ORD-00719,CMP-ORGANIC,Email Newsletter,Direct,97.32,0.8,0.85
ATTR-00720,ORD-00720,CMP-2025-05,Meta Retargeting,Last Click,111.46,1.0,0.95
ATTR-00721,ORD-00721,CMP-2025-02,TikTok,Last Click,224.64,1.0,0.95
ATTR-00722,ORD-00722,CMP-2025-04,YouTube Video Ads,Last Click,515.16,1.0,0.95
ATTR-00723,ORD-00723,CMP-2025-02,Influencer,Last Click,170.64,1.0,0.95
ATTR-00724,ORD-00724,CMP-2025-04,Google Shopping,Last Click,339.23,1.0,0.95
ATTR-00725,ORD-00725,CMP-2025-05,SMS,Last Click,80.26,1.0,0.95
ATTR-00726,ORD-00726,CMP-2025-01,LinkedIn,Last Click,136.51,1.0,0.95
ATTR-00727,ORD-00727,CMP-ORGANIC,Direct Traffic,Direct,362.88,0.8,0.85
ATTR-00728,ORD-00728,CMP-2025-03,Instagram,Last Click,59.63,1.0,0.95
ATTR-00729,ORD-00729,CMP-2025-05,Google Remarketing,Last Click,80.04,1.0,0.95
ATTR-00730,ORD-00730,CMP-2025-02,TikTok,Last Click,114.7,1.0,0.95
ATTR-00731,ORD-00731,CMP-ORGANIC,Organic Search,Direct,208.44,0.8,0.85
ATTR-00732,ORD-00732,CMP-2025-02,Influencer,Last Click,128.74,1.0,0.95
ATTR-00733,ORD-00733,CMP-2025-02,TikTok,Last Click,807.84,1.0,0.95
ATTR-00734,ORD-00734,CMP-2025-02,TikTok,Last Click,159.84,1.0,0.95
ATTR-00735,ORD-00735,CMP-2025-01,Meta Ads,Last Click,512.24,1.0,0.95
ATTR-00736,ORD-00736,CMP-ORGANIC,Organic Search,Direct,108.12,0.8,0.85
ATTR-00737,ORD-00737,CMP-ORGANIC,Email Newsletter,Direct,160.92,0.8,0.85
ATTR-00738,ORD-00738,CMP-ORGANIC,Organic Search,Direct,97.32,0.8,0.85
ATTR-00739,ORD-00739,CMP-ORGANIC,Email Newsletter,Direct,646.92,0.8,0.85
ATTR-00740,ORD-00740,CMP-ORGANIC,Email Newsletter,Direct,97.32,0.8,0.85
ATTR-00741,ORD-00741,CMP-2025-01,Google Search,Last Click,154.22,1.0,0.95
ATTR-00742,ORD-00742,CMP-2025-05,Google Remarketing,Last Click,128.74,1.0,0.95
ATTR-00743,ORD-00743,CMP-2025-02,Instagram Reels,Last Click,169.56,1.0,0.95
ATTR-00744,ORD-00744,CMP-ORGANIC,Organic Search,Direct,300.24,0.8,0.85
ATTR-00745,ORD-00745,CMP-2025-05,Meta Retargeting,Last Click,88.79,1.0,0.95
ATTR-00746,ORD-00746,CMP-ORGANIC,Social Organic,Direct,116.64,0.8,0.85
ATTR-00747,ORD-00747,CMP-ORGANIC,Direct Traffic,Direct,64.92,0.8,0.85
ATTR-00748,ORD-00748,CMP-2025-01,Google Search,Last Click,62.98,1.0,0.95
ATTR-00749,ORD-00749,CMP-2025-04,Google Shopping,Last Click,171.67,1.0,0.95
ATTR-00750,ORD-00750,CMP-2025-02,Influencer,Last Click,71.62,1.0,0.95
ATTR-00751,ORD-00751,CMP-2025-03,Instagram,Last Click,97.32,1.0,0.95
ATTR-00752,ORD-00752,CMP-2025-05,Meta Retargeting,Last Click,255.2,1.0,0.95
ATTR-00753,ORD-00753,CMP-2025-03,Instagram,Last Click,108.32,1.0,0.95
ATTR-00754,ORD-00754,CMP-2025-05,Meta Retargeting,Last Click,696.92,1.0,0.95
ATTR-00755,ORD-00755,CMP-ORGANIC,Social Organic,Direct,646.92,0.8,0.85
ATTR-00756,ORD-00756,CMP-2025-04,YouTube Video Ads,Last Click,49.8,1.0,0.95
ATTR-00757,ORD-00757,CMP-ORGANIC,Direct Traffic,Direct,97.32,0.8,0.85
ATTR-00758,ORD-00758,CMP-2025-05,Meta Retargeting,Last Click,89.86,1.0,0.95
ATTR-00759,ORD-00759,CMP-2025-04,Google Shopping,Last Click,663.88,1.0,0.95
ATTR-00760,ORD-00760,CMP-ORGANIC,Direct Traffic,Direct,97.32,0.8,0.85
ATTR-00761,ORD-00761,CMP-2025-01,Meta Ads,Last Click,1099.76,1.0,0.95
ATTR-00762,ORD-00762,CMP-ORGANIC,Organic Search,Direct,169.56,0.8,0.85
ATTR-00763,ORD-00763,CMP-2025-02,Instagram Reels,Last Click,108.12,1.0,0.95
ATTR-00764,ORD-00764,CMP-2025-05,Meta Retargeting,Last Click,42.24,1.0,0.95
ATTR-00765,ORD-00765,CMP-ORGANIC,Direct Traffic,Direct,64.92,0.8,0.85
ATTR-00766,ORD-00766,CMP-2025-01,LinkedIn,Last Click,93.7,1.0,0.95
ATTR-00767,ORD-00767,CMP-ORGANIC,Direct Traffic,Direct,160.92,0.8,0.85
ATTR-00768,ORD-00768,CMP-2025-05,SMS,Last Click,136.78,1.0,0.95
ATTR-00769,ORD-00769,CMP-2025-02,TikTok,Last Click,43.32,1.0,0.95
ATTR-00770,ORD-00770,CMP-2025-01,Meta Ads,Last Click,75.72,1.0,0.95
ATTR-00771,ORD-00771,CMP-ORGANIC,Organic Search,Direct,160.92,0.8,0.85
ATTR-00772,ORD-00772,CMP-2025-05,SMS,Last Click,128.74,1.0,0.95
ATTR-00773,ORD-00773,CMP-ORGANIC,Social Organic,Direct,159.84,0.8,0.85
ATTR-00774,ORD-00774,CMP-2025-02,TikTok,Last Click,658.04,1.0,0.95
ATTR-00775,ORD-00775,CMP-2025-05,SMS,Last Click,226.48,1.0,0.95
ATTR-00776,ORD-00776,CMP-2025-01,LinkedIn,Last Click,159.84,1.0,0.95
ATTR-00777,ORD-00777,CMP-2025-04,Meta Ads,Last Click,44.13,1.0,0.95
ATTR-00778,ORD-00778,CMP-2025-03,Pinterest,Last Click,255.2,1.0,0.95
ATTR-00779,ORD-00779,CMP-2025-04,Google Shopping,Last Click,710.64,1.0,0.95
ATTR-00780,ORD-00780,CMP-ORGANIC,Social Organic,Direct,64.92,0.8,0.85
ATTR-00781,ORD-00781,CMP-2025-03,Email Marketing,Last Click,481.25,1.0,0.95
ATTR-00782,ORD-00782,CMP-ORGANIC,Organic Search,Direct,795.96,0.8,0.85
ATTR-00783,ORD-00783,CMP-2025-04,YouTube Video Ads,Last Click,211.9,1.0,0.95
ATTR-00784,ORD-00784,CMP-ORGANIC,Email Newsletter,Direct,139.32,0.8,0.85
ATTR-00785,ORD-00785,CMP-2025-01,Google Search,Last Click,153.58,1.0,0.95
ATTR-00786,ORD-00786,CMP-2025-04,Meta Ads,Last Click,80.26,1.0,0.95
ATTR-00787,ORD-00787,CMP-2025-02,TikTok,Last Click,101.95,1.0,0.95
ATTR-00788,ORD-00788,CMP-2025-01,LinkedIn,Last Click,123.12,1.0,0.95
ATTR-00789,ORD-00789,CMP-2025-01,Meta Ads,Last Click,118.42,1.0,0.95
ATTR-00790,ORD-00790,CMP-2025-03,Pinterest,Last Click,38.62,1.0,0.95
ATTR-00791,ORD-00791,CMP-2025-04,Google Shopping,Last Click,84.52,1.0,0.95
ATTR-00792,ORD-00792,CMP-2025-02,Instagram Reels,Last Click,549.88,1.0,0.95
ATTR-00793,ORD-00793,CMP-2025-02,Influencer,Last Click,84.52,1.0,0.95
ATTR-00794,ORD-00794,CMP-2025-02,TikTok,Last Click,44.13,1.0,0.95
ATTR-00795,ORD-00795,CMP-2025-04,Meta Ads,Last Click,97.32,1.0,0.95
ATTR-00796,ORD-00796,CMP-2025-01,Meta Ads,Last Click,181.76,1.0,0.95
ATTR-00797,ORD-00797,CMP-ORGANIC,Social Organic,Direct,170.64,0.8,0.85
ATTR-00798,ORD-00798,CMP-2025-02,Instagram Reels,Last Click,170.64,1.0,0.95
ATTR-00799,ORD-00799,CMP-2025-04,YouTube Video Ads,Last Click,153.58,1.0,0.95
ATTR-00800,ORD-00800,CMP-ORGANIC,Organic Search,Direct,81.12,0.8,0.85
ATTR-00801,ORD-00801,CMP-2025-02,Instagram Reels,Last Click,154.22,1.0,0.95
ATTR-00802,ORD-00802,CMP-2025-01,LinkedIn,Last Click,128.74,1.0,0.95
ATTR-00803,ORD-00803,CMP-2025-03,Instagram,Last Click,202.18,1.0,0.95
ATTR-00804,ORD-00804,CMP-2025-01,Google Search,Last Click,516.24,1.0,0.95
ATTR-00805,ORD-00805,CMP-2025-03,Instagram,Last Click,62.98,1.0,0.95
ATTR-00806,ORD-00806,CMP-2025-05,Google Remarketing,Last Click,42.24,1.0,0.95
ATTR-00807,ORD-00807,CMP-2025-04,YouTube Video Ads,Last Click,152.93,1.0,0.95
ATTR-00808,ORD-00808,CMP-2025-02,Instagram Reels,Last Click,98.51,1.0,0.95
ATTR-00809,ORD-00809,CMP-ORGANIC,Direct Traffic,Direct,86.52,0.8,0.85
ATTR-00810,ORD-00810,CMP-2025-02,TikTok,Last Click,110.59,1.0,0.95
ATTR-00811,ORD-00811,CMP-ORGANIC,Social Organic,Direct,159.84,0.8,0.85
ATTR-00812,ORD-00812,CMP-2025-01,Google Search,Last Click,86.52,1.0,0.95
ATTR-00813,ORD-00813,CMP-2025-03,Instagram,Last Click,153.58,1.0,0.95
ATTR-00814,ORD-00814,CMP-ORGANIC,Email Newsletter,Direct,160.92,0.8,0.85
ATTR-00815,ORD-00815,CMP-ORGANIC,Direct Traffic,Direct,828.36,0.8,0.85
ATTR-00816,ORD-00816,CMP-2025-01,Meta Ads,Last Click,75.72,1.0,0.95
ATTR-00817,ORD-00817,CMP-ORGANIC,Organic Search,Direct,75.72,0.8,0.85
ATTR-00818,ORD-00818,CMP-ORGANIC,Organic Search,Direct,49.8,0.8,0.85
ATTR-00819,ORD-00819,CMP-2025-02,Influencer,Last Click,75.72,1.0,0.95
ATTR-00820,ORD-00820,CMP-2025-02,Influencer,Last Click,97.32,1.0,0.95
ATTR-00821,ORD-00821,CMP-2025-02,TikTok,Last Click,80.26,1.0,0.95
ATTR-00822,ORD-00822,CMP-2025-05,Meta Retargeting,Last Click,44.13,1.0,0.95
ATTR-00823,ORD-00823,CMP-2025-05,Google Remarketing,Last Click,37.06,1.0,0.95
ATTR-00824,ORD-00824,CMP-ORGANIC,Direct Traffic,Direct,376.92,0.8,0.85
ATTR-00825,ORD-00825,CMP-2025-05,Google Remarketing,Last Click,134.14,1.0,0.95
ATTR-00826,ORD-00826,CMP-2025-02,TikTok,Last Click,376.92,1.0,0.95
ATTR-00827,ORD-00827,CMP-2025-05,SMS,Last Click,64.92,1.0,0.95
ATTR-00828,ORD-00828,CMP-2025-01,LinkedIn,Last Click,93.7,1.0,0.95
ATTR-00829,ORD-00829,CMP-2025-05,Google Remarketing,Last Click,97.32,1.0,0.95
ATTR-00830,ORD-00830,CMP-2025-02,Instagram Reels,Last Click,190.03,1.0,0.95
ATTR-00831,ORD-00831,CMP-2025-01,Google Search,Last Click,210.92,1.0,0.95
ATTR-00832,ORD-00832,CMP-ORGANIC,Direct Traffic,Direct,86.52,0.8,0.85
ATTR-00833,ORD-00833,CMP-ORGANIC,Email Newsletter,Direct,170.64,0.8,0.85
ATTR-00834,ORD-00834,CMP-2025-01,Google Search,Last Click,118.42,1.0,0.95
ATTR-00835,ORD-00835,CMP-2025-03,Pinterest,Last Click,96.67,1.0,0.95
ATTR-00836,ORD-00836,CMP-2025-02,Influencer,Last Click,71.62,1.0,0.95
ATTR-00837,ORD-00837,CMP-2025-02,Instagram Reels,Last Click,640.76,1.0,0.95
ATTR-00838,ORD-00838,CMP-2025-05,SMS,Last Click,107.26,1.0,0.95
ATTR-00839,ORD-00839,CMP-2025-03,Instagram,Last Click,42.24,1.0,0.95
ATTR-00840,ORD-00840,CMP-2025-04,Meta Ads,Last Click,88.79,1.0,0.95
ATTR-00841,ORD-00841,CMP-2025-01,Google Search,Last Click,549.88,1.0,0.95
ATTR-00842,ORD-00842,CMP-2025-01,LinkedIn,Last Click,629.86,1.0,0.95
ATTR-00843,ORD-00843,CMP-2025-01,Meta Ads,Last Click,462.24,1.0,0.95
ATTR-00844,ORD-00844,CMP-2025-04,YouTube Video Ads,Last Click,646.92,1.0,0.95
ATTR-00845,ORD-00845,CMP-2025-05,Google Remarketing,Last Click,86.52,1.0,0.95
ATTR-00846,ORD-00846,CMP-ORGANIC,Email Newsletter,Direct,43.32,0.8,0.85
ATTR-00847,ORD-00847,CMP-2025-04,Google Shopping,Last Click,86.52,1.0,0.95
ATTR-00848,ORD-00848,CMP-ORGANIC,Direct Traffic,Direct,160.92,0.8,0.85
ATTR-00849,ORD-00849,CMP-ORGANIC,Direct Traffic,Direct,86.52,0.8,0.85
ATTR-00850,ORD-00850,CMP-2025-05,Meta Retargeting,Last Click,64.92,1.0,0.95
ATTR-00851,ORD-00851,CMP-2025-05,Google Remarketing,Last Click,145.04,1.0,0.95
ATTR-00852,ORD-00852,CMP-2025-01,LinkedIn,Last Click,64.92,1.0,0.95
ATTR-00853,ORD-00853,CMP-ORGANIC,Organic Search,Direct,699.84,0.8,0.85
ATTR-00854,ORD-00854,CMP-ORGANIC,Direct Traffic,Direct,192.24,0.8,0.85
ATTR-00855,ORD-00855,CMP-2025-01,Meta Ads,Last Click,142.88,1.0,0.95
ATTR-00856,ORD-00856,CMP-ORGANIC,Organic Search,Direct,139.32,0.8,0.85
ATTR-00857,ORD-00857,CMP-2025-04,Meta Ads,Last Click,282.53,1.0,0.95
ATTR-00858,ORD-00858,CMP-2025-04,YouTube Video Ads,Last Click,603.07,1.0,0.95
ATTR-00859,ORD-00859,CMP-2025-01,LinkedIn,Last Click,376.92,1.0,0.95
ATTR-00860,ORD-00860,CMP-2025-05,Meta Retargeting,Last Click,46.02,1.0,0.95
ATTR-00861,ORD-00861,CMP-ORGANIC,Organic Search,Direct,117.84,0.8,0.85
ATTR-00862,ORD-00862,CMP-2025-04,Meta Ads,Last Click,46.02,1.0,0.95
ATTR-00863,ORD-00863,CMP-2025-05,SMS,Last Click,301.54,1.0,0.95
ATTR-00864,ORD-00864,CMP-ORGANIC,Organic Search,Direct,170.64,0.8,0.85
ATTR-00865,ORD-00865,CMP-2025-03,Email Marketing,Last Click,46.02,1.0,0.95
ATTR-00866,ORD-00866,CMP-2025-04,Meta Ads,Last Click,97.32,1.0,0.95
ATTR-00867,ORD-00867,CMP-2025-02,Influencer,Last Click,144.83,1.0,0.95
ATTR-00868,ORD-00868,CMP-2025-01,Google Search,Last Click,84.52,1.0,0.95
ATTR-00869,ORD-00869,CMP-2025-05,SMS,Last Click,62.98,1.0,0.95
ATTR-00870,ORD-00870,CMP-2025-01,LinkedIn,Last Click,117.5,1.0,0.95
ATTR-00871,ORD-00871,CMP-2025-05,SMS,Last Click,361.15,1.0,0.95
ATTR-00872,ORD-00872,CMP-ORGANIC,Email Newsletter,Direct,96.24,0.8,0.85
ATTR-00873,ORD-00873,CMP-2025-03,Instagram,Last Click,198.72,1.0,0.95
ATTR-00874,ORD-00874,CMP-ORGANIC,Organic Search,Direct,321.84,0.8,0.85
ATTR-00875,ORD-00875,CMP-2025-03,Instagram,Last Click,75.34,1.0,0.95
ATTR-00876,ORD-00876,CMP-2025-02,Influencer,Last Click,44.13,1.0,0.95
ATTR-00877,ORD-00877,CMP-2025-05,SMS,Last Click,101.96,1.0,0.95
ATTR-00878,ORD-00878,CMP-ORGANIC,Direct Traffic,Direct,795.96,0.8,0.85
ATTR-00879,ORD-00879,CMP-ORGANIC,Social Organic,Direct,97.32,0.8,0.85
ATTR-00880,ORD-00880,CMP-2025-05,Google Remarketing,Last Click,251.64,1.0,0.95
ATTR-00881,ORD-00881,CMP-2025-02,Influencer,Last Click,870.26,1.0,0.95
ATTR-00882,ORD-00882,CMP-2025-03,Email Marketing,Last Click,136.51,1.0,0.95
ATTR-00883,ORD-00883,CMP-2025-03,Email Marketing,Last Click,221.62,1.0,0.95
ATTR-00884,ORD-00884,CMP-2025-03,Email Marketing,Last Click,125.39,1.0,0.95
ATTR-00885,ORD-00885,CMP-2025-01,Meta Ads,Last Click,132.19,1.0,0.95
ATTR-00886,ORD-00886,CMP-2025-03,Email Marketing,Last Click,93.7,1.0,0.95
ATTR-00887,ORD-00887,CMP-2025-02,Instagram Reels,Last Click,235.44,1.0,0.95
ATTR-00888,ORD-00888,CMP-ORGANIC,Organic Search,Direct,461.16,0.8,0.85
ATTR-00889,ORD-00889,CMP-ORGANIC,Direct Traffic,Direct,160.92,0.8,0.85
ATTR-00890,ORD-00890,CMP-2025-05,Google Remarketing,Last Click,99.14,1.0,0.95
ATTR-00891,ORD-00891,CMP-2025-03,Email Marketing,Last Click,38.62,1.0,0.95
ATTR-00892,ORD-00892,CMP-2025-01,Meta Ads,Last Click,44.13,1.0,0.95
ATTR-00893,ORD-00893,CMP-2025-04,Google Shopping,Last Click,98.51,1.0,0.95
ATTR-00894,ORD-00894,CMP-2025-05,Google Remarketing,Last Click,54.34,1.0,0.95
ATTR-00895,ORD-00895,CMP-2025-05,Google Remarketing,Last Click,40.19,1.0,0.95
ATTR-00896,ORD-00896,CMP-2025-02,TikTok,Last Click,120.53,1.0,0.95
ATTR-00897,ORD-00897,CMP-ORGANIC,Direct Traffic,Direct,408.24,0.8,0.85
ATTR-00898,ORD-00898,CMP-2025-01,LinkedIn,Last Click,84.52,1.0,0.95
ATTR-00899,ORD-00899,CMP-2025-03,Pinterest,Last Click,80.26,1.0,0.95
ATTR-00900,ORD-00900,CMP-2025-05,Google Remarketing,Last Click,119.23,1.0,0.95
ATTR-00901,ORD-00901,CMP-ORGANIC,Email Newsletter,Direct,139.32,0.8,0.85
ATTR-00902,ORD-00902,CMP-ORGANIC,Email Newsletter,Direct,149.04,0.8,0.85
ATTR-00903,ORD-00903,CMP-2025-03,Pinterest,Last Click,646.92,1.0,0.95
ATTR-00904,ORD-00904,CMP-2025-05,Meta Retargeting,Last Click,93.7,1.0,0.95
ATTR-00905,ORD-00905,CMP-2025-01,Google Search,Last Click,108.32,1.0,0.95
ATTR-00906,ORD-00906,CMP-ORGANIC,Email Newsletter,Direct,74.64,0.8,0.85
ATTR-00907,ORD-00907,CMP-ORGANIC,Social Organic,Direct,43.32,0.8,0.85
ATTR-00908,ORD-00908,CMP-2025-01,LinkedIn,Last Click,87.6,1.0,0.95
ATTR-00909,ORD-00909,CMP-2025-05,SMS,Last Click,419.53,1.0,0.95
ATTR-00910,ORD-00910,CMP-ORGANIC,Social Organic,Direct,374.76,0.8,0.85
ATTR-00911,ORD-00911,CMP-ORGANIC,Organic Search,Direct,108.12,0.8,0.85
ATTR-00912,ORD-00912,CMP-2025-03,Pinterest,Last Click,88.9,1.0,0.95
ATTR-00913,ORD-00913,CMP-2025-03,Instagram,Last Click,221.62,1.0,0.95
ATTR-00914,ORD-00914,CMP-2025-05,Google Remarketing,Last Click,250.78,1.0,0.95
ATTR-00915,ORD-00915,CMP-ORGANIC,Social Organic,Direct,646.92,0.8,0.85
ATTR-00916,ORD-00916,CMP-ORGANIC,Social Organic,Direct,1023.84,0.8,0.85
ATTR-00917,ORD-00917,CMP-2025-02,Influencer,Last Click,76.26,1.0,0.95
ATTR-00918,ORD-00918,CMP-2025-04,Meta Ads,Last Click,147.96,1.0,0.95
ATTR-00919,ORD-00919,CMP-2025-01,Meta Ads,Last Click,188.35,1.0,0.95
ATTR-00920,ORD-00920,CMP-2025-04,Google Shopping,Last Click,99.14,1.0,0.95
ATTR-00921,ORD-00921,CMP-ORGANIC,Organic Search,Direct,139.32,0.8,0.85
ATTR-00922,ORD-00922,CMP-2025-02,Instagram Reels,Last Click,154.22,1.0,0.95
ATTR-00923,ORD-00923,CMP-2025-03,Pinterest,Last Click,127.44,1.0,0.95
ATTR-00924,ORD-00924,CMP-2025-04,Google Shopping,Last Click,108.12,1.0,0.95
ATTR-00925,ORD-00925,CMP-ORGANIC,Email Newsletter,Direct,234.36,0.8,0.85
ATTR-00926,ORD-00926,CMP-2025-03,Email Marketing,Last Click,170.64,1.0,0.95
ATTR-00927,ORD-00927,CMP-2025-05,Google Remarketing,Last Click,144.83,1.0,0.95
ATTR-00928,ORD-00928,CMP-2025-05,SMS,Last Click,79.07,1.0,0.95
ATTR-00929,ORD-00929,CMP-ORGANIC,Email Newsletter,Direct,75.72,0.8,0.85
ATTR-00930,ORD-00930,CMP-2025-02,Instagram Reels,Last Click,180.79,1.0,0.95
ATTR-00931,ORD-00931,CMP-2025-04,Google Shopping,Last Click,149.04,1.0,0.95
ATTR-00932,ORD-00932,CMP-ORGANIC,Organic Search,Direct,1368.36,0.8,0.85
ATTR-00933,ORD-00933,CMP-ORGANIC,Email Newsletter,Direct,49.8,0.8,0.85
ATTR-00934,ORD-00934,CMP-2025-02,Instagram Reels,Last Click,710.64,1.0,0.95
ATTR-00935,ORD-00935,CMP-2025-01,LinkedIn,Last Click,686.66,1.0,0.95
ATTR-00936,ORD-00936,CMP-ORGANIC,Social Organic,Direct,321.84,0.8,0.85
ATTR-00937,ORD-00937,CMP-ORGANIC,Social Organic,Direct,160.92,0.8,0.85
ATTR-00938,ORD-00938,CMP-2025-01,LinkedIn,Last Click,84.52,1.0,0.95
ATTR-00939,ORD-00939,CMP-ORGANIC,Organic Search,Direct,97.32,0.8,0.85
ATTR-00940,ORD-00940,CMP-2025-03,Instagram,Last Click,59.63,1.0,0.95
ATTR-00941,ORD-00941,CMP-ORGANIC,Direct Traffic,Direct,97.32,0.8,0.85
ATTR-00942,ORD-00942,CMP-ORGANIC,Social Organic,Direct,64.92,0.8,0.85
ATTR-00943,ORD-00943,CMP-2025-01,LinkedIn,Last Click,88.9,1.0,0.95
ATTR-00944,ORD-00944,CMP-2025-02,TikTok,Last Click,64.92,1.0,0.95
ATTR-00945,ORD-00945,CMP-ORGANIC,Social Organic,Direct,331.56,0.8,0.85
ATTR-00946,ORD-00946,CMP-2025-03,Pinterest,Last Click,517.54,1.0,0.95
ATTR-00947,ORD-00947,CMP-2025-01,Meta Ads,Last Click,559.87,1.0,0.95
ATTR-00948,ORD-00948,CMP-2025-01,Meta Ads,Last Click,111.46,1.0,0.95
ATTR-00949,ORD-00949,CMP-2025-04,Meta Ads,Last Click,127.87,1.0,0.95
ATTR-00950,ORD-00950,CMP-2025-05,Meta Retargeting,Last Click,125.39,1.0,0.95
ATTR-00951,ORD-00951,CMP-ORGANIC,Direct Traffic,Direct,49.8,0.8,0.85
ATTR-00952,ORD-00952,CMP-2025-02,TikTok,Last Click,117.84,1.0,0.95
ATTR-00953,ORD-00953,CMP-2025-04,Meta Ads,Last Click,44.13,1.0,0.95
ATTR-00954,ORD-00954,CMP-2025-02,TikTok,Last Click,86.52,1.0,0.95
ATTR-00955,ORD-00955,CMP-2025-03,Pinterest,Last Click,646.92,1.0,0.95
ATTR-00956,ORD-00956,CMP-2025-03,Instagram,Last Click,111.46,1.0,0.95
ATTR-00957,ORD-00957,CMP-ORGANIC,Email Newsletter,Direct,43.32,0.8,0.85
ATTR-00958,ORD-00958,CMP-2025-04,Meta Ads,Last Click,75.34,1.0,0.95
ATTR-00959,ORD-00959,CMP-2025-02,Influencer,Last Click,753.84,1.0,0.95
ATTR-00960,ORD-00960,CMP-2025-03,Pinterest,Last Click,139.32,1.0,0.95
ATTR-00961,ORD-00961,CMP-2025-05,SMS,Last Click,98.51,1.0,0.95
ATTR-00962,ORD-00962,CMP-2025-05,Google Remarketing,Last Click,128.74,1.0,0.95
ATTR-00963,ORD-00963,CMP-2025-02,TikTok,Last Click,375.19,1.0,0.95
ATTR-00964,ORD-00964,CMP-2025-01,LinkedIn,Last Click,192.24,1.0,0.95
ATTR-00965,ORD-00965,CMP-2025-05,Google Remarketing,Last Click,646.92,1.0,0.95
ATTR-00966,ORD-00966,CMP-2025-02,Influencer,Last Click,222.48,1.0,0.95
ATTR-00967,ORD-00967,CMP-2025-03,Instagram,Last Click,153.58,1.0,0.95
ATTR-00968,ORD-00968,CMP-2025-05,SMS,Last Click,139.32,1.0,0.95
ATTR-00969,ORD-00969,CMP-ORGANIC,Organic Search,Direct,376.92,0.8,0.85
ATTR-00970,ORD-00970,CMP-2025-03,Instagram,Last Click,882.36,1.0,0.95
ATTR-00971,ORD-00971,CMP-2025-03,Email Marketing,Last Click,236.84,1.0,0.95
ATTR-00972,ORD-00972,CMP-2025-03,Email Marketing,Last Click,582.23,1.0,0.95
ATTR-00973,ORD-00973,CMP-ORGANIC,Direct Traffic,Direct,376.92,0.8,0.85
ATTR-00974,ORD-00974,CMP-ORGANIC,Email Newsletter,Direct,149.04,0.8,0.85
ATTR-00975,ORD-00975,CMP-ORGANIC,Organic Search,Direct,376.92,0.8,0.85
ATTR-00976,ORD-00976,CMP-ORGANIC,Social Organic,Direct,108.12,0.8,0.85
ATTR-00977,ORD-00977,CMP-ORGANIC,Email Newsletter,Direct,160.92,0.8,0.85
ATTR-00978,ORD-00978,CMP-ORGANIC,Social Organic,Direct,278.64,0.8,0.85
ATTR-00979,ORD-00979,CMP-ORGANIC,Organic Search,Direct,655.56,0.8,0.85
ATTR-00980,ORD-00980,CMP-2025-03,Instagram,Last Click,88.9,1.0,0.95
ATTR-00981,ORD-00981,CMP-2025-02,TikTok,Last Click,44.13,1.0,0.95
ATTR-00982,ORD-00982,CMP-2025-03,Email Marketing,Last Click,56.98,1.0,0.95
ATTR-00983,ORD-00983,CMP-ORGANIC,Email Newsletter,Direct,112.32,0.8,0.85
ATTR-00984,ORD-00984,CMP-2025-02,Instagram Reels,Last Click,1023.84,1.0,0.95
ATTR-00985,ORD-00985,CMP-2025-02,TikTok,Last Click,111.46,1.0,0.95
ATTR-00986,ORD-00986,CMP-2025-03,Pinterest,Last Click,69.35,1.0,0.95
ATTR-00987,ORD-00987,CMP-2025-01,Google Search,Last Click,136.51,1.0,0.95
ATTR-00988,ORD-00988,CMP-ORGANIC,Email Newsletter,Direct,201.96,0.8,0.85
ATTR-00989,ORD-00989,CMP-ORGANIC,Email Newsletter,Direct,732.24,0.8,0.85
ATTR-00990,ORD-00990,CMP-2025-01,LinkedIn,Last Click,134.14,1.0,0.95
ATTR-00991,ORD-00991,CMP-2025-03,Instagram,Last Click,222.91,1.0,0.95
ATTR-00992,ORD-00992,CMP-2025-01,Google Search,Last Click,75.34,1.0,0.95
ATTR-00993,ORD-00993,CMP-2025-05,Google Remarketing,Last Click,127.44,1.0,0.95
ATTR-00994,ORD-00994,CMP-2025-05,Meta Retargeting,Last Click,160.92,1.0,0.95
ATTR-00995,ORD-00995,CMP-2025-02,Influencer,Last Click,83.6,1.0,0.95
ATTR-00996,ORD-00996,CMP-2025-04,Meta Ads,Last Click,678.46,1.0,0.95
ATTR-00997,ORD-00997,CMP-2025-03,Pinterest,Last Click,430.27,1.0,0.95
ATTR-00998,ORD-00998,CMP-2025-05,Meta Retargeting,Last Click,301.54,1.0,0.95
ATTR-00999,ORD-00999,CMP-ORGANIC,Organic Search,Direct,97.32,0.8,0.85
ATTR-01000,ORD-01000,CMP-2025-03,Instagram,Last Click,420.77,1.0,0.95
ATTR-01001,ORD-01001,CMP-2025-01,Meta Ads,Last Click,654.53,1.0,0.95
ATTR-01002,ORD-01002,CMP-ORGANIC,Social Organic,Direct,376.92,0.8,0.85
ATTR-01003,ORD-01003,CMP-2025-03,Pinterest,Last Click,101.95,1.0,0.95
ATTR-01004,ORD-01004,CMP-ORGANIC,Email Newsletter,Direct,108.12,0.8,0.85
ATTR-01005,ORD-01005,CMP-2025-01,LinkedIn,Last Click,88.79,1.0,0.95
ATTR-01006,ORD-01006,CMP-ORGANIC,Email Newsletter,Direct,75.72,0.8,0.85
ATTR-01007,ORD-01007,CMP-2025-03,Email Marketing,Last Click,373.63,1.0,0.95
ATTR-01008,ORD-01008,CMP-2025-05,Google Remarketing,Last Click,40.19,1.0,0.95
ATTR-01009,ORD-01009,CMP-2025-03,Instagram,Last Click,160.92,1.0,0.95
ATTR-01010,ORD-01010,CMP-2025-04,Google Shopping,Last Click,62.98,1.0,0.95
ATTR-01011,ORD-01011,CMP-2025-04,Google Shopping,Last Click,88.79,1.0,0.95
ATTR-01012,ORD-01012,CMP-ORGANIC,Direct Traffic,Direct,376.92,0.8,0.85
ATTR-01013,ORD-01013,CMP-ORGANIC,Organic Search,Direct,108.12,0.8,0.85
ATTR-01014,ORD-01014,CMP-ORGANIC,Direct Traffic,Direct,806.76,0.8,0.85
ATTR-01015,ORD-01015,CMP-2025-05,Meta Retargeting,Last Click,646.92,1.0,0.95
ATTR-01016,ORD-01016,CMP-2025-01,Meta Ads,Last Click,376.92,1.0,0.95
ATTR-01017,ORD-01017,CMP-2025-03,Email Marketing,Last Click,281.83,1.0,0.95
ATTR-01018,ORD-01018,CMP-2025-01,Google Search,Last Click,640.76,1.0,0.95
ATTR-01019,ORD-01019,CMP-2025-02,Influencer,Last Click,392.9,1.0,0.95
ATTR-01020,ORD-01020,CMP-2025-01,Google Search,Last Click,320.38,1.0,0.95
ATTR-01021,ORD-01021,CMP-2025-01,Google Search,Last Click,42.24,1.0,0.95
ATTR-01022,ORD-01022,CMP-2025-04,Google Shopping,Last Click,56.98,1.0,0.95
ATTR-01023,ORD-01023,CMP-2025-04,Meta Ads,Last Click,62.98,1.0,0.95
ATTR-01024,ORD-01024,CMP-2025-05,Google Remarketing,Last Click,71.62,1.0,0.95
ATTR-01025,ORD-01025,CMP-ORGANIC,Organic Search,Direct,149.04,0.8,0.85
ATTR-01026,ORD-01026,CMP-2025-02,TikTok,Last Click,93.31,1.0,0.95
ATTR-01027,ORD-01027,CMP-2025-02,Instagram Reels,Last Click,373.63,1.0,0.95
ATTR-01028,ORD-01028,CMP-2025-04,Meta Ads,Last Click,125.39,1.0,0.95
ATTR-01029,ORD-01029,CMP-ORGANIC,Social Organic,Direct,139.32,0.8,0.85
ATTR-01030,ORD-01030,CMP-2025-02,Influencer,Last Click,43.32,1.0,0.95
ATTR-01031,ORD-01031,CMP-ORGANIC,Social Organic,Direct,320.76,0.8,0.85
ATTR-01032,ORD-01032,CMP-2025-03,Pinterest,Last Click,263.47,1.0,0.95
ATTR-01033,ORD-01033,CMP-2025-03,Instagram,Last Click,110.59,1.0,0.95
ATTR-01034,ORD-01034,CMP-2025-04,Google Shopping,Last Click,160.92,1.0,0.95
ATTR-01035,ORD-01035,CMP-2025-05,Meta Retargeting,Last Click,125.39,1.0,0.95
ATTR-01036,ORD-01036,CMP-ORGANIC,Direct Traffic,Direct,75.72,0.8,0.85
ATTR-01037,ORD-01037,CMP-ORGANIC,Email Newsletter,Direct,753.84,0.8,0.85
ATTR-01038,ORD-01038,CMP-2025-01,LinkedIn,Last Click,71.62,1.0,0.95
ATTR-01039,ORD-01039,CMP-2025-01,Meta Ads,Last Click,1241.24,1.0,0.95
ATTR-01040,ORD-01040,CMP-2025-02,Influencer,Last Click,71.62,1.0,0.95
ATTR-01041,ORD-01041,CMP-2025-01,LinkedIn,Last Click,376.92,1.0,0.95
ATTR-01042,ORD-01042,CMP-ORGANIC,Direct Traffic,Direct,123.12,0.8,0.85
ATTR-01043,ORD-01043,CMP-2025-02,Instagram Reels,Last Click,79.07,1.0,0.95
ATTR-01044,ORD-01044,CMP-ORGANIC,Social Organic,Direct,374.76,0.8,0.85
ATTR-01045,ORD-01045,CMP-ORGANIC,Email Newsletter,Direct,234.36,0.8,0.85
ATTR-01046,ORD-01046,CMP-2025-05,SMS,Last Click,257.47,1.0,0.95
ATTR-01047,ORD-01047,CMP-2025-01,LinkedIn,Last Click,84.52,1.0,0.95
ATTR-01048,ORD-01048,CMP-ORGANIC,Email Newsletter,Direct,203.04,0.8,0.85
ATTR-01049,ORD-01049,CMP-ORGANIC,Social Organic,Direct,108.12,0.8,0.85
ATTR-01050,ORD-01050,CMP-2025-05,Google Remarketing,Last Click,43.32,1.0,0.95
ATTR-01051,ORD-01051,CMP-ORGANIC,Email Newsletter,Direct,646.92,0.8,0.85
ATTR-01052,ORD-01052,CMP-2025-02,TikTok,Last Click,84.52,1.0,0.95
ATTR-01053,ORD-01053,CMP-2025-03,Pinterest,Last Click,273.56,1.0,0.95
ATTR-01054,ORD-01054,CMP-2025-02,TikTok,Last Click,145.04,1.0,0.95
ATTR-01055,ORD-01055,CMP-ORGANIC,Direct Traffic,Direct,806.76,0.8,0.85
ATTR-01056,ORD-01056,CMP-ORGANIC,Direct Traffic,Direct,245.16,0.8,0.85
ATTR-01057,ORD-01057,CMP-2025-02,TikTok,Last Click,88.79,1.0,0.95
ATTR-01058,ORD-01058,CMP-2025-03,Instagram,Last Click,80.26,1.0,0.95
ATTR-01059,ORD-01059,CMP-ORGANIC,Direct Traffic,Direct,1010.88,0.8,0.85
ATTR-01060,ORD-01060,CMP-2025-03,Instagram,Last Click,347.0,1.0,0.95
ATTR-01061,ORD-01061,CMP-2025-01,Google Search,Last Click,54.34,1.0,0.95
ATTR-01062,ORD-01062,CMP-2025-04,Google Shopping,Last Click,128.74,1.0,0.95
ATTR-01063,ORD-01063,CMP-2025-02,Influencer,Last Click,69.35,1.0,0.95
ATTR-01064,ORD-01064,CMP-2025-05,SMS,Last Click,272.65,1.0,0.95
ATTR-01065,ORD-01065,CMP-ORGANIC,Social Organic,Direct,160.92,0.8,0.85
ATTR-01066,ORD-01066,CMP-2025-01,Google Search,Last Click,88.79,1.0,0.95
ATTR-01067,ORD-01067,CMP-2025-02,Influencer,Last Click,160.92,1.0,0.95
ATTR-01068,ORD-01068,CMP-2025-03,Pinterest,Last Click,566.78,1.0,0.95
ATTR-01069,ORD-01069,CMP-2025-04,YouTube Video Ads,Last Click,173.02,1.0,0.95
ATTR-01070,ORD-01070,CMP-2025-01,LinkedIn,Last Click,66.16,1.0,0.95
ATTR-01071,ORD-01071,CMP-2025-05,SMS,Last Click,104.98,1.0,0.95
ATTR-01072,ORD-01072,CMP-2025-04,Meta Ads,Last Click,37.06,1.0,0.95
ATTR-01073,ORD-01073,CMP-2025-02,TikTok,Last Click,97.32,1.0,0.95
ATTR-01074,ORD-01074,CMP-2025-05,Meta Retargeting,Last Click,320.38,1.0,0.95
ATTR-01075,ORD-01075,CMP-2025-03,Pinterest,Last Click,88.79,1.0,0.95
ATTR-01076,ORD-01076,CMP-2025-02,Instagram Reels,Last Click,97.32,1.0,0.95
ATTR-01077,ORD-01077,CMP-2025-04,YouTube Video Ads,Last Click,118.42,1.0,0.95
ATTR-01078,ORD-01078,CMP-ORGANIC,Direct Traffic,Direct,75.72,0.8,0.85
ATTR-01079,ORD-01079,CMP-2025-02,TikTok,Last Click,416.02,1.0,0.95
ATTR-01080,ORD-01080,CMP-2025-02,Instagram Reels,Last Click,97.32,1.0,0.95
ATTR-01081,ORD-01081,CMP-2025-01,Google Search,Last Click,549.88,1.0,0.95
ATTR-01082,ORD-01082,CMP-2025-04,Google Shopping,Last Click,93.7,1.0,0.95
ATTR-01083,ORD-01083,CMP-2025-03,Instagram,Last Click,111.46,1.0,0.95
ATTR-01084,ORD-01084,CMP-ORGANIC,Direct Traffic,Direct,751.68,0.8,0.85
ATTR-01085,ORD-01085,CMP-ORGANIC,Direct Traffic,Direct,224.64,0.8,0.85
ATTR-01086,ORD-01086,CMP-ORGANIC,Direct Traffic,Direct,87.6,0.8,0.85
ATTR-01087,ORD-01087,CMP-2025-04,YouTube Video Ads,Last Click,79.07,1.0,0.95
ATTR-01088,ORD-01088,CMP-ORGANIC,Organic Search,Direct,97.32,0.8,0.85
ATTR-01089,ORD-01089,CMP-2025-01,LinkedIn,Last Click,144.83,1.0,0.95
ATTR-01090,ORD-01090,CMP-ORGANIC,Direct Traffic,Direct,86.52,0.8,0.85
ATTR-01091,ORD-01091,CMP-2025-03,Email Marketing,Last Click,170.64,1.0,0.95
ATTR-01092,ORD-01092,CMP-2025-03,Pinterest,Last Click,160.92,1.0,0.95
ATTR-01093,ORD-01093,CMP-2025-02,Instagram Reels,Last Click,828.36,1.0,0.95
ATTR-01094,ORD-01094,CMP-2025-03,Email Marketing,Last Click,677.16,1.0,0.95
ATTR-01095,ORD-01095,CMP-2025-02,TikTok,Last Click,71.62,1.0,0.95
ATTR-01096,ORD-01096,CMP-2025-04,YouTube Video Ads,Last Click,517.54,1.0,0.95
ATTR-01097,ORD-01097,CMP-2025-04,Google Shopping,Last Click,171.07,1.0,0.95
ATTR-01098,ORD-01098,CMP-2025-01,Google Search,Last Click,408.24,1.0,0.95
ATTR-01099,ORD-01099,CMP-2025-04,YouTube Video Ads,Last Click,43.32,1.0,0.95
ATTR-01100,ORD-01100,CMP-2025-05,Google Remarketing,Last Click,139.32,1.0,0.95
ATTR-01101,ORD-01101,CMP-ORGANIC,Email Newsletter,Direct,108.12,0.8,0.85
ATTR-01102,ORD-01102,CMP-2025-04,Meta Ads,Last Click,396.58,1.0,0.95
ATTR-01103,ORD-01103,CMP-2025-04,Google Shopping,Last Click,585.79,1.0,0.95
ATTR-01104,ORD-01104,CMP-2025-03,Instagram,Last Click,98.51,1.0,0.95
ATTR-01105,ORD-01105,CMP-2025-02,Influencer,Last Click,172.58,1.0,0.95
ATTR-01106,ORD-01106,CMP-ORGANIC,Direct Traffic,Direct,75.72,0.8,0.85
ATTR-01107,ORD-01107,CMP-2025-01,Google Search,Last Click,710.64,1.0,0.95
ATTR-01108,ORD-01108,CMP-2025-02,Influencer,Last Click,639.58,1.0,0.95
ATTR-01109,ORD-01109,CMP-ORGANIC,Direct Traffic,Direct,43.32,0.8,0.85
ATTR-01110,ORD-01110,CMP-ORGANIC,Direct Traffic,Direct,646.92,0.8,0.85
ATTR-01111,ORD-01111,CMP-2025-02,Instagram Reels,Last Click,98.51,1.0,0.95
ATTR-01112,ORD-01112,CMP-2025-02,Influencer,Last Click,887.33,1.0,0.95
ATTR-01113,ORD-01113,CMP-2025-04,Meta Ads,Last Click,43.32,1.0,0.95
ATTR-01114,ORD-01114,CMP-2025-05,Google Remarketing,Last Click,223.56,1.0,0.95
ATTR-01115,ORD-01115,CMP-ORGANIC,Email Newsletter,Direct,369.36,0.8,0.85
ATTR-01116,ORD-01116,CMP-2025-05,Google Remarketing,Last Click,153.58,1.0,0.95
ATTR-01117,ORD-01117,CMP-2025-01,Meta Ads,Last Click,136.51,1.0,0.95
ATTR-01118,ORD-01118,CMP-2025-01,LinkedIn,Last Click,646.92,1.0,0.95
ATTR-01119,ORD-01119,CMP-2025-02,Influencer,Last Click,266.76,1.0,0.95
ATTR-01120,ORD-01120,CMP-2025-05,SMS,Last Click,262.44,1.0,0.95
ATTR-01121,ORD-01121,CMP-ORGANIC,Email Newsletter,Direct,224.64,0.8,0.85
ATTR-01122,ORD-01122,CMP-2025-02,Influencer,Last Click,257.47,1.0,0.95
ATTR-01123,ORD-01123,CMP-2025-03,Instagram,Last Click,88.79,1.0,0.95
ATTR-01124,ORD-01124,CMP-2025-05,Meta Retargeting,Last Click,59.63,1.0,0.95
ATTR-01125,ORD-01125,CMP-2025-03,Pinterest,Last Click,678.46,1.0,0.95
ATTR-01126,ORD-01126,CMP-2025-02,Influencer,Last Click,281.66,1.0,0.95
ATTR-01127,ORD-01127,CMP-2025-03,Email Marketing,Last Click,101.95,1.0,0.95
ATTR-01128,ORD-01128,CMP-2025-01,Google Search,Last Click,89.86,1.0,0.95
ATTR-01129,ORD-01129,CMP-ORGANIC,Direct Traffic,Direct,234.36,0.8,0.85
ATTR-01130,ORD-01130,CMP-2025-04,Meta Ads,Last Click,517.54,1.0,0.95
ATTR-01131,ORD-01131,CMP-2025-05,Google Remarketing,Last Click,88.79,1.0,0.95
ATTR-01132,ORD-01132,CMP-ORGANIC,Email Newsletter,Direct,139.32,0.8,0.85
ATTR-01133,ORD-01133,CMP-2025-04,Google Shopping,Last Click,297.43,1.0,0.95
ATTR-01134,ORD-01134,CMP-2025-03,Email Marketing,Last Click,136.51,1.0,0.95
ATTR-01135,ORD-01135,CMP-2025-04,Meta Ads,Last Click,38.62,1.0,0.95
ATTR-01136,ORD-01136,CMP-2025-02,Influencer,Last Click,88.79,1.0,0.95
ATTR-01137,ORD-01137,CMP-2025-01,Google Search,Last Click,255.96,1.0,0.95
ATTR-01138,ORD-01138,CMP-ORGANIC,Organic Search,Direct,462.24,0.8,0.85
ATTR-01139,ORD-01139,CMP-2025-05,Meta Retargeting,Last Click,217.57,1.0,0.95
ATTR-01140,ORD-01140,CMP-2025-02,TikTok,Last Click,64.92,1.0,0.95
ATTR-01141,ORD-01141,CMP-2025-03,Pinterest,Last Click,401.76,1.0,0.95
ATTR-01142,ORD-01142,CMP-ORGANIC,Organic Search,Direct,97.32,0.8,0.85
ATTR-01143,ORD-01143,CMP-ORGANIC,Social Organic,Direct,646.92,0.8,0.85
ATTR-01144,ORD-01144,CMP-2025-05,Google Remarketing,Last Click,232.25,1.0,0.95
ATTR-01145,ORD-01145,CMP-2025-02,TikTok,Last Click,139.32,1.0,0.95
ATTR-01146,ORD-01146,CMP-2025-04,YouTube Video Ads,Last Click,108.32,1.0,0.95
ATTR-01147,ORD-01147,CMP-2025-01,LinkedIn,Last Click,549.88,1.0,0.95
ATTR-01148,ORD-01148,CMP-2025-01,Google Search,Last Click,66.16,1.0,0.95
ATTR-01149,ORD-01149,CMP-ORGANIC,Email Newsletter,Direct,86.52,0.8,0.85
ATTR-01150,ORD-01150,CMP-2025-05,Meta Retargeting,Last Click,739.58,1.0,0.95
ATTR-01151,ORD-01151,CMP-2025-05,Google Remarketing,Last Click,229.39,1.0,0.95
ATTR-01152,ORD-01152,CMP-2025-01,Google Search,Last Click,84.52,1.0,0.95
ATTR-01153,ORD-01153,CMP-2025-03,Instagram,Last Click,713.29,1.0,0.95
ATTR-01154,ORD-01154,CMP-2025-02,TikTok,Last Click,75.72,1.0,0.95
ATTR-01155,ORD-01155,CMP-2025-05,Meta Retargeting,Last Click,75.34,1.0,0.95
ATTR-01156,ORD-01156,CMP-ORGANIC,Direct Traffic,Direct,684.72,0.8,0.85
ATTR-01157,ORD-01157,CMP-ORGANIC,Social Organic,Direct,362.88,0.8,0.85
ATTR-01158,ORD-01158,CMP-2025-05,Meta Retargeting,Last Click,136.78,1.0,0.95
ATTR-01159,ORD-01159,CMP-ORGANIC,Email Newsletter,Direct,149.04,0.8,0.85
ATTR-01160,ORD-01160,CMP-2025-01,Google Search,Last Click,646.92,1.0,0.95
ATTR-01161,ORD-01161,CMP-2025-05,Meta Retargeting,Last Click,49.8,1.0,0.95
ATTR-01162,ORD-01162,CMP-ORGANIC,Social Organic,Direct,108.12,0.8,0.85
ATTR-01163,ORD-01163,CMP-ORGANIC,Organic Search,Direct,86.52,0.8,0.85
ATTR-01164,ORD-01164,CMP-2025-02,TikTok,Last Click,369.79,1.0,0.95
ATTR-01165,ORD-01165,CMP-2025-03,Email Marketing,Last Click,75.34,1.0,0.95
ATTR-01166,ORD-01166,CMP-2025-01,LinkedIn,Last Click,456.25,1.0,0.95
ATTR-01167,ORD-01167,CMP-2025-04,Google Shopping,Last Click,353.16,1.0,0.95
ATTR-01168,ORD-01168,CMP-2025-01,Google Search,Last Click,40.19,1.0,0.95
ATTR-01169,ORD-01169,CMP-2025-05,Meta Retargeting,Last Click,646.92,1.0,0.95
ATTR-01170,ORD-01170,CMP-2025-04,Google Shopping,Last Click,160.92,1.0,0.95
ATTR-01171,ORD-01171,CMP-2025-01,Meta Ads,Last Click,108.12,1.0,0.95
ATTR-01172,ORD-01172,CMP-2025-02,TikTok,Last Click,79.07,1.0,0.95
ATTR-01173,ORD-01173,CMP-ORGANIC,Social Organic,Direct,49.8,0.8,0.85
ATTR-01174,ORD-01174,CMP-2025-05,Meta Retargeting,Last Click,62.98,1.0,0.95
ATTR-01175,ORD-01175,CMP-2025-03,Pinterest,Last Click,75.34,1.0,0.95
ATTR-01176,ORD-01176,CMP-ORGANIC,Organic Search,Direct,646.92,0.8,0.85
ATTR-01177,ORD-01177,CMP-ORGANIC,Social Organic,Direct,149.04,0.8,0.85
ATTR-01178,ORD-01178,CMP-ORGANIC,Direct Traffic,Direct,123.12,0.8,0.85
ATTR-01179,ORD-01179,CMP-2025-04,Meta Ads,Last Click,455.33,1.0,0.95
ATTR-01180,ORD-01180,CMP-2025-02,Instagram Reels,Last Click,108.12,1.0,0.95
ATTR-01181,ORD-01181,CMP-2025-01,Meta Ads,Last Click,440.64,1.0,0.95
ATTR-01182,ORD-01182,CMP-2025-01,Meta Ads,Last Click,66.16,1.0,0.95
ATTR-01183,ORD-01183,CMP-2025-03,Instagram,Last Click,80.26,1.0,0.95
ATTR-01184,ORD-01184,CMP-ORGANIC,Organic Search,Direct,149.04,0.8,0.85
ATTR-01185,ORD-01185,CMP-2025-01,LinkedIn,Last Click,236.84,1.0,0.95
ATTR-01186,ORD-01186,CMP-2025-04,Meta Ads,Last Click,153.79,1.0,0.95
ATTR-01187,ORD-01187,CMP-2025-05,SMS,Last Click,69.35,1.0,0.95
ATTR-01188,ORD-01188,CMP-ORGANIC,Email Newsletter,Direct,86.52,0.8,0.85
ATTR-01189,ORD-01189,CMP-ORGANIC,Direct Traffic,Direct,97.32,0.8,0.85
ATTR-01190,ORD-01190,CMP-2025-02,Influencer,Last Click,69.35,1.0,0.95
ATTR-01191,ORD-01191,CMP-2025-04,Meta Ads,Last Click,65.24,1.0,0.95
ATTR-01192,ORD-01192,CMP-ORGANIC,Email Newsletter,Direct,198.72,0.8,0.85
ATTR-01193,ORD-01193,CMP-2025-02,Influencer,Last Click,807.84,1.0,0.95
ATTR-01194,ORD-01194,CMP-2025-01,LinkedIn,Last Click,136.78,1.0,0.95
ATTR-01195,ORD-01195,CMP-2025-03,Instagram,Last Click,43.32,1.0,0.95
ATTR-01196,ORD-01196,CMP-2025-03,Email Marketing,Last Click,373.63,1.0,0.95
ATTR-01197,ORD-01197,CMP-2025-05,SMS,Last Click,955.48,1.0,0.95
ATTR-01198,ORD-01198,CMP-2025-02,Influencer,Last Click,202.18,1.0,0.95
ATTR-01199,ORD-01199,CMP-2025-05,Google Remarketing,Last Click,694.01,1.0,0.95
ATTR-01200,ORD-01200,CMP-2025-01,Google Search,Last Click,40.19,1.0,0.95
ATTR-01201,ORD-01201,CMP-2025-01,LinkedIn,Last Click,517.54,1.0,0.95
ATTR-01202,ORD-01202,CMP-2025-04,Google Shopping,Last Click,125.39,1.0,0.95
ATTR-01203,ORD-01203,CMP-2025-01,Meta Ads,Last Click,517.54,1.0,0.95
ATTR-01204,ORD-01204,CMP-ORGANIC,Email Newsletter,Direct,213.84,0.8,0.85
ATTR-01205,ORD-01205,CMP-2025-05,SMS,Last Click,62.11,1.0,0.95
ATTR-01206,ORD-01206,CMP-ORGANIC,Organic Search,Direct,64.92,0.8,0.85
ATTR-01207,ORD-01207,CMP-2025-05,Google Remarketing,Last Click,79.07,1.0,0.95
ATTR-01208,ORD-01208,CMP-ORGANIC,Direct Traffic,Direct,245.16,0.8,0.85
ATTR-01209,ORD-01209,CMP-2025-05,SMS,Last Click,392.9,1.0,0.95
ATTR-01210,ORD-01210,CMP-2025-01,LinkedIn,Last Click,59.63,1.0,0.95
ATTR-01211,ORD-01211,CMP-ORGANIC,Social Organic,Direct,273.24,0.8,0.85
ATTR-01212,ORD-01212,CMP-2025-05,Meta Retargeting,Last Click,272.65,1.0,0.95
ATTR-01213,ORD-01213,CMP-ORGANIC,Email Newsletter,Direct,139.32,0.8,0.85
ATTR-01214,ORD-01214,CMP-2025-03,Email Marketing,Last Click,84.52,1.0,0.95
ATTR-01215,ORD-01215,CMP-2025-03,Pinterest,Last Click,71.62,1.0,0.95
ATTR-01216,ORD-01216,CMP-ORGANIC,Organic Search,Direct,224.64,0.8,0.85
ATTR-01217,ORD-01217,CMP-ORGANIC,Direct Traffic,Direct,139.32,0.8,0.85
ATTR-01218,ORD-01218,CMP-2025-03,Email Marketing,Last Click,67.3,1.0,0.95
ATTR-01219,ORD-01219,CMP-ORGANIC,Social Organic,Direct,547.56,0.8,0.85
ATTR-01220,ORD-01220,CMP-2025-01,Google Search,Last Click,80.26,1.0,0.95
ATTR-01221,ORD-01221,CMP-ORGANIC,Organic Search,Direct,139.32,0.8,0.85
ATTR-01222,ORD-01222,CMP-2025-02,Instagram Reels,Last Click,361.15,1.0,0.95
ATTR-01223,ORD-01223,CMP-2025-02,Instagram Reels,Last Click,817.56,1.0,0.95
ATTR-01224,ORD-01224,CMP-2025-02,TikTok,Last Click,101.95,1.0,0.95
ATTR-01225,ORD-01225,CMP-2025-03,Pinterest,Last Click,1099.76,1.0,0.95
ATTR-01226,ORD-01226,CMP-2025-05,Google Remarketing,Last Click,80.26,1.0,0.95
ATTR-01227,ORD-01227,CMP-ORGANIC,Social Organic,Direct,160.92,0.8,0.85
ATTR-01228,ORD-01228,CMP-2025-04,YouTube Video Ads,Last Click,549.88,1.0,0.95
ATTR-01229,ORD-01229,CMP-ORGANIC,Organic Search,Direct,75.72,0.8,0.85
ATTR-01230,ORD-01230,CMP-2025-01,LinkedIn,Last Click,727.06,1.0,0.95
ATTR-01231,ORD-01231,CMP-2025-01,Google Search,Last Click,333.5,1.0,0.95
ATTR-01232,ORD-01232,CMP-ORGANIC,Direct Traffic,Direct,113.52,0.8,0.85
ATTR-01233,ORD-01233,CMP-2025-03,Email Marketing,Last Click,125.39,1.0,0.95
ATTR-01234,ORD-01234,CMP-2025-05,SMS,Last Click,118.42,1.0,0.95
ATTR-01235,ORD-01235,CMP-2025-02,TikTok,Last Click,582.01,1.0,0.95
ATTR-01236,ORD-01236,CMP-2025-04,YouTube Video Ads,Last Click,143.86,1.0,0.95
ATTR-01237,ORD-01237,CMP-2025-01,LinkedIn,Last Click,377.57,1.0,0.95
ATTR-01238,ORD-01238,CMP-ORGANIC,Email Newsletter,Direct,1293.84,0.8,0.85
ATTR-01239,ORD-01239,CMP-2025-04,YouTube Video Ads,Last Click,75.72,1.0,0.95
ATTR-01240,ORD-01240,CMP-ORGANIC,Organic Search,Direct,139.32,0.8,0.85
ATTR-01241,ORD-01241,CMP-ORGANIC,Email Newsletter,Direct,43.32,0.8,0.85
ATTR-01242,ORD-01242,CMP-ORGANIC,Social Organic,Direct,75.72,0.8,0.85
ATTR-01243,ORD-01243,CMP-2025-05,SMS,Last Click,42.24,1.0,0.95
ATTR-01244,ORD-01244,CMP-2025-01,Meta Ads,Last Click,84.52,1.0,0.95
ATTR-01245,ORD-01245,CMP-2025-05,Google Remarketing,Last Click,101.95,1.0,0.95
ATTR-01246,ORD-01246,CMP-2025-02,Instagram Reels,Last Click,128.74,1.0,0.95
ATTR-01247,ORD-01247,CMP-2025-05,Google Remarketing,Last Click,109.73,1.0,0.95
ATTR-01248,ORD-01248,CMP-2025-02,Instagram Reels,Last Click,139.32,1.0,0.95
ATTR-01249,ORD-01249,CMP-2025-05,Google Remarketing,Last Click,104.98,1.0,0.95
ATTR-01250,ORD-01250,CMP-2025-05,Google Remarketing,Last Click,114.7,1.0,0.95
ATTR-01251,ORD-01251,CMP-2025-04,YouTube Video Ads,Last Click,40.19,1.0,0.95
ATTR-01252,ORD-01252,CMP-2025-04,Google Shopping,Last Click,59.63,1.0,0.95
ATTR-01253,ORD-01253,CMP-2025-03,Instagram,Last Click,134.14,1.0,0.95
ATTR-01254,ORD-01254,CMP-2025-05,Google Remarketing,Last Click,114.7,1.0,0.95
ATTR-01255,ORD-01255,CMP-ORGANIC,Social Organic,Direct,990.36,0.8,0.85
ATTR-01256,ORD-01256,CMP-2025-05,Google Remarketing,Last Click,43.32,1.0,0.95
ATTR-01257,ORD-01257,CMP-2025-04,YouTube Video Ads,Last Click,136.78,1.0,0.95
ATTR-01258,ORD-01258,CMP-2025-05,Google Remarketing,Last Click,773.28,1.0,0.95
ATTR-01259,ORD-01259,CMP-ORGANIC,Email Newsletter,Direct,97.32,0.8,0.85
ATTR-01260,ORD-01260,CMP-2025-02,Influencer,Last Click,247.97,1.0,0.95
ATTR-01261,ORD-01261,CMP-2025-04,YouTube Video Ads,Last Click,646.92,1.0,0.95
ATTR-01262,ORD-01262,CMP-2025-03,Instagram,Last Click,236.84,1.0,0.95
ATTR-01263,ORD-01263,CMP-2025-03,Pinterest,Last Click,111.46,1.0,0.95
ATTR-01264,ORD-01264,CMP-2025-04,Google Shopping,Last Click,56.98,1.0,0.95
ATTR-01265,ORD-01265,CMP-2025-01,LinkedIn,Last Click,541.4,1.0,0.95
ATTR-01266,ORD-01266,CMP-2025-01,LinkedIn,Last Click,149.04,1.0,0.95
ATTR-01267,ORD-01267,CMP-ORGANIC,Social Organic,Direct,786.24,0.8,0.85
ATTR-01268,ORD-01268,CMP-2025-04,Meta Ads,Last Click,265.25,1.0,0.95
ATTR-01269,ORD-01269,CMP-2025-02,TikTok,Last Click,214.92,1.0,0.95
ATTR-01270,ORD-01270,CMP-ORGANIC,Direct Traffic,Direct,108.12,0.8,0.85
ATTR-01271,ORD-01271,CMP-2025-05,Google Remarketing,Last Click,257.47,1.0,0.95
ATTR-01272,ORD-01272,CMP-2025-01,Meta Ads,Last Click,170.64,1.0,0.95
ATTR-01273,ORD-01273,CMP-ORGANIC,Direct Traffic,Direct,97.32,0.8,0.85
ATTR-01274,ORD-01274,CMP-2025-04,Google Shopping,Last Click,71.62,1.0,0.95
ATTR-01275,ORD-01275,CMP-2025-01,Meta Ads,Last Click,713.29,1.0,0.95
ATTR-01276,ORD-01276,CMP-ORGANIC,Email Newsletter,Direct,408.24,0.8,0.85
ATTR-01277,ORD-01277,CMP-2025-01,Google Search,Last Click,84.52,1.0,0.95
ATTR-01278,ORD-01278,CMP-ORGANIC,Email Newsletter,Direct,213.84,0.8,0.85
ATTR-01279,ORD-01279,CMP-2025-05,Meta Retargeting,Last Click,124.42,1.0,0.95
ATTR-01280,ORD-01280,CMP-ORGANIC,Email Newsletter,Direct,43.32,0.8,0.85
ATTR-01281,ORD-01281,CMP-2025-02,Instagram Reels,Last Click,64.92,1.0,0.95
ATTR-01282,ORD-01282,CMP-2025-03,Instagram,Last Click,301.54,1.0,0.95
ATTR-01283,ORD-01283,CMP-2025-05,Meta Retargeting,Last Click,577.15,1.0,0.95
ATTR-01284,ORD-01284,CMP-2025-04,Meta Ads,Last Click,43.32,1.0,0.95
ATTR-01285,ORD-01285,CMP-2025-05,Meta Retargeting,Last Click,97.32,1.0,0.95
ATTR-01286,ORD-01286,CMP-2025-04,Google Shopping,Last Click,646.92,1.0,0.95
ATTR-01287,ORD-01287,CMP-2025-01,LinkedIn,Last Click,97.32,1.0,0.95
ATTR-01288,ORD-01288,CMP-2025-01,Google Search,Last Click,133.92,1.0,0.95
ATTR-01289,ORD-01289,CMP-ORGANIC,Direct Traffic,Direct,646.92,0.8,0.85
ATTR-01290,ORD-01290,CMP-2025-05,Google Remarketing,Last Click,739.91,1.0,0.95
ATTR-01291,ORD-01291,CMP-2025-02,Instagram Reels,Last Click,320.38,1.0,0.95
ATTR-01292,ORD-01292,CMP-ORGANIC,Organic Search,Direct,139.32,0.8,0.85
ATTR-01293,ORD-01293,CMP-2025-05,Meta Retargeting,Last Click,649.3,1.0,0.95
ATTR-01294,ORD-01294,CMP-2025-01,Meta Ads,Last Click,414.72,1.0,0.95
ATTR-01295,ORD-01295,CMP-ORGANIC,Social Organic,Direct,97.32,0.8,0.85
ATTR-01296,ORD-01296,CMP-2025-03,Email Marketing,Last Click,507.17,1.0,0.95
ATTR-01297,ORD-01297,CMP-2025-02,Influencer,Last Click,71.62,1.0,0.95
ATTR-01298,ORD-01298,CMP-2025-05,Google Remarketing,Last Click,136.78,1.0,0.95
ATTR-01299,ORD-01299,CMP-2025-04,Google Shopping,Last Click,93.7,1.0,0.95
ATTR-01300,ORD-01300,CMP-2025-02,TikTok,Last Click,257.47,1.0,0.95
ATTR-01301,ORD-01301,CMP-ORGANIC,Organic Search,Direct,278.64,0.8,0.85
ATTR-01302,ORD-01302,CMP-ORGANIC,Organic Search,Direct,86.52,0.8,0.85
ATTR-01303,ORD-01303,CMP-ORGANIC,Direct Traffic,Direct,97.32,0.8,0.85
ATTR-01304,ORD-01304,CMP-2025-04,Google Shopping,Last Click,84.52,1.0,0.95
ATTR-01305,ORD-01305,CMP-2025-04,YouTube Video Ads,Last Click,88.79,1.0,0.95
ATTR-01306,ORD-01306,CMP-2025-04,YouTube Video Ads,Last Click,376.92,1.0,0.95
ATTR-01307,ORD-01307,CMP-2025-04,YouTube Video Ads,Last Click,75.34,1.0,0.95
ATTR-01308,ORD-01308,CMP-2025-05,SMS,Last Click,339.23,1.0,0.95
ATTR-01309,ORD-01309,CMP-2025-05,SMS,Last Click,74.21,1.0,0.95
ATTR-01310,ORD-01310,CMP-2025-04,Meta Ads,Last Click,921.46,1.0,0.95
ATTR-01311,ORD-01311,CMP-2025-01,Meta Ads,Last Click,819.07,1.0,0.95
ATTR-01312,ORD-01312,CMP-ORGANIC,Direct Traffic,Direct,86.52,0.8,0.85
ATTR-01313,ORD-01313,CMP-2025-01,Meta Ads,Last Click,71.62,1.0,0.95
ATTR-01314,ORD-01314,CMP-2025-03,Pinterest,Last Click,118.42,1.0,0.95
ATTR-01315,ORD-01315,CMP-ORGANIC,Direct Traffic,Direct,75.72,0.8,0.85
ATTR-01316,ORD-01316,CMP-ORGANIC,Social Organic,Direct,97.32,0.8,0.85
ATTR-01317,ORD-01317,CMP-ORGANIC,Email Newsletter,Direct,213.84,0.8,0.85
ATTR-01318,ORD-01318,CMP-2025-01,LinkedIn,Last Click,97.32,1.0,0.95
ATTR-01319,ORD-01319,CMP-2025-04,Google Shopping,Last Click,659.02,1.0,0.95
ATTR-01320,ORD-01320,CMP-2025-05,Meta Retargeting,Last Click,93.7,1.0,0.95
ATTR-01321,ORD-01321,CMP-2025-04,Meta Ads,Last Click,320.38,1.0,0.95
ATTR-01322,ORD-01322,CMP-ORGANIC,Email Newsletter,Direct,108.12,0.8,0.85
ATTR-01323,ORD-01323,CMP-ORGANIC,Email Newsletter,Direct,86.52,0.8,0.85
ATTR-01324,ORD-01324,CMP-ORGANIC,Social Organic,Direct,807.84,0.8,0.85
ATTR-01325,ORD-01325,CMP-ORGANIC,Organic Search,Direct,97.32,0.8,0.85
ATTR-01326,ORD-01326,CMP-2025-01,LinkedIn,Last Click,234.36,1.0,0.95
ATTR-01327,ORD-01327,CMP-2025-01,LinkedIn,Last Click,49.8,1.0,0.95
ATTR-01328,ORD-01328,CMP-ORGANIC,Organic Search,Direct,75.72,0.8,0.85
ATTR-01329,ORD-01329,CMP-ORGANIC,Direct Traffic,Direct,547.56,0.8,0.85
ATTR-01330,ORD-01330,CMP-ORGANIC,Email Newsletter,Direct,43.32,0.8,0.85
ATTR-01331,ORD-01331,CMP-2025-01,LinkedIn,Last Click,80.26,1.0,0.95
ATTR-01332,ORD-01332,CMP-ORGANIC,Email Newsletter,Direct,43.32,0.8,0.85
ATTR-01333,ORD-01333,CMP-2025-04,Meta Ads,Last Click,1400.76,1.0,0.95
ATTR-01334,ORD-01334,CMP-2025-05,Meta Retargeting,Last Click,376.92,1.0,0.95
ATTR-01335,ORD-01335,CMP-ORGANIC,Social Organic,Direct,646.92,0.8,0.85
ATTR-01336,ORD-01336,CMP-ORGANIC,Organic Search,Direct,86.52,0.8,0.85
ATTR-01337,ORD-01337,CMP-2025-03,Pinterest,Last Click,149.04,1.0,0.95
ATTR-01338,ORD-01338,CMP-2025-03,Instagram,Last Click,38.62,1.0,0.95
ATTR-01339,ORD-01339,CMP-2025-03,Pinterest,Last Click,97.32,1.0,0.95
ATTR-01340,ORD-01340,CMP-2025-05,Google Remarketing,Last Click,80.04,1.0,0.95
ATTR-01341,ORD-01341,CMP-2025-05,Meta Retargeting,Last Click,42.24,1.0,0.95
ATTR-01342,ORD-01342,CMP-2025-02,Instagram Reels,Last Click,646.92,1.0,0.95
ATTR-01343,ORD-01343,CMP-2025-03,Instagram,Last Click,111.46,1.0,0.95
ATTR-01344,ORD-01344,CMP-2025-05,Meta Retargeting,Last Click,72.48,1.0,0.95
ATTR-01345,ORD-01345,CMP-2025-01,Meta Ads,Last Click,582.23,1.0,0.95
ATTR-01346,ORD-01346,CMP-2025-01,LinkedIn,Last Click,40.19,1.0,0.95
ATTR-01347,ORD-01347,CMP-2025-01,Google Search,Last Click,136.78,1.0,0.95
ATTR-01348,ORD-01348,CMP-2025-03,Pinterest,Last Click,88.79,1.0,0.95
ATTR-01349,ORD-01349,CMP-ORGANIC,Organic Search,Direct,807.84,0.8,0.85
ATTR-01350,ORD-01350,CMP-ORGANIC,Direct Traffic,Direct,49.8,0.8,0.85
ATTR-01351,ORD-01351,CMP-ORGANIC,Email Newsletter,Direct,49.8,0.8,0.85
ATTR-01352,ORD-01352,CMP-ORGANIC,Email Newsletter,Direct,43.32,0.8,0.85
ATTR-01353,ORD-01353,CMP-2025-03,Email Marketing,Last Click,297.43,1.0,0.95
ATTR-01354,ORD-01354,CMP-ORGANIC,Social Organic,Direct,43.32,0.8,0.85
ATTR-01355,ORD-01355,CMP-2025-02,TikTok,Last Click,40.19,1.0,0.95
ATTR-01356,ORD-01356,CMP-2025-03,Pinterest,Last Click,197.64,1.0,0.95
ATTR-01357,ORD-01357,CMP-ORGANIC,Email Newsletter,Direct,320.76,0.8,0.85
ATTR-01358,ORD-01358,CMP-ORGANIC,Social Organic,Direct,86.52,0.8,0.85
ATTR-01359,ORD-01359,CMP-2025-03,Pinterest,Last Click,139.32,1.0,0.95
ATTR-01360,ORD-01360,CMP-2025-02,Influencer,Last Click,139.32,1.0,0.95
ATTR-01361,ORD-01361,CMP-2025-04,Google Shopping,Last Click,199.21,1.0,0.95
ATTR-01362,ORD-01362,CMP-2025-01,LinkedIn,Last Click,38.62,1.0,0.95
ATTR-01363,ORD-01363,CMP-2025-05,Google Remarketing,Last Click,110.59,1.0,0.95
ATTR-01364,ORD-01364,CMP-2025-04,Meta Ads,Last Click,582.23,1.0,0.95
ATTR-01365,ORD-01365,CMP-ORGANIC,Direct Traffic,Direct,646.92,0.8,0.85
ATTR-01366,ORD-01366,CMP-2025-02,Influencer,Last Click,153.79,1.0,0.95
ATTR-01367,ORD-01367,CMP-2025-03,Email Marketing,Last Click,517.54,1.0,0.95
ATTR-01368,ORD-01368,CMP-ORGANIC,Social Organic,Direct,75.72,0.8,0.85
ATTR-01369,ORD-01369,CMP-2025-02,Instagram Reels,Last Click,321.84,1.0,0.95
ATTR-01370,ORD-01370,CMP-2025-02,TikTok,Last Click,128.74,1.0,0.95
ATTR-01371,ORD-01371,CMP-ORGANIC,Organic Search,Direct,376.92,0.8,0.85
ATTR-01372,ORD-01372,CMP-2025-02,TikTok,Last Click,68.38,1.0,0.95
ATTR-01373,ORD-01373,CMP-2025-02,Instagram Reels,Last Click,108.12,1.0,0.95
ATTR-01374,ORD-01374,CMP-2025-02,TikTok,Last Click,474.61,1.0,0.95
ATTR-01375,ORD-01375,CMP-2025-01,LinkedIn,Last Click,339.23,1.0,0.95
ATTR-01376,ORD-01376,CMP-2025-02,Instagram Reels,Last Click,582.23,1.0,0.95
ATTR-01377,ORD-01377,CMP-2025-04,Meta Ads,Last Click,56.98,1.0,0.95
ATTR-01378,ORD-01378,CMP-2025-03,Email Marketing,Last Click,69.35,1.0,0.95
ATTR-01379,ORD-01379,CMP-2025-03,Instagram,Last Click,88.9,1.0,0.95
ATTR-01380,ORD-01380,CMP-2025-05,Google Remarketing,Last Click,69.35,1.0,0.95
ATTR-01381,ORD-01381,CMP-2025-01,Google Search,Last Click,603.07,1.0,0.95
ATTR-01382,ORD-01382,CMP-2025-04,Google Shopping,Last Click,128.74,1.0,0.95
ATTR-01383,ORD-01383,CMP-2025-05,Meta Retargeting,Last Click,62.98,1.0,0.95
ATTR-01384,ORD-01384,CMP-ORGANIC,Direct Traffic,Direct,376.92,0.8,0.85
ATTR-01385,ORD-01385,CMP-2025-05,Google Remarketing,Last Click,69.35,1.0,0.95
ATTR-01386,ORD-01386,CMP-2025-02,Instagram Reels,Last Click,144.83,1.0,0.95
ATTR-01387,ORD-01387,CMP-ORGANIC,Social Organic,Direct,192.24,0.8,0.85
ATTR-01388,ORD-01388,CMP-2025-02,TikTok,Last Click,1164.46,1.0,0.95
ATTR-01389,ORD-01389,CMP-ORGANIC,Direct Traffic,Direct,429.84,0.8,0.85
ATTR-01390,ORD-01390,CMP-2025-05,SMS,Last Click,66.16,1.0,0.95
ATTR-01391,ORD-01391,CMP-2025-05,SMS,Last Click,84.52,1.0,0.95
ATTR-01392,ORD-01392,CMP-ORGANIC,Organic Search,Direct,86.52,0.8,0.85
ATTR-01393,ORD-01393,CMP-ORGANIC,Email Newsletter,Direct,160.92,0.8,0.85
ATTR-01394,ORD-01394,CMP-ORGANIC,Direct Traffic,Direct,372.6,0.8,0.85
ATTR-01395,ORD-01395,CMP-2025-03,Email Marketing,Last Click,144.13,1.0,0.95
ATTR-01396,ORD-01396,CMP-2025-03,Email Marketing,Last Click,128.74,1.0,0.95
ATTR-01397,ORD-01397,CMP-2025-05,Google Remarketing,Last Click,153.58,1.0,0.95
ATTR-01398,ORD-01398,CMP-ORGANIC,Email Newsletter,Direct,407.16,0.8,0.85
ATTR-01399,ORD-01399,CMP-2025-05,SMS,Last Click,430.27,1.0,0.95
ATTR-01400,ORD-01400,CMP-ORGANIC,Direct Traffic,Direct,75.72,0.8,0.85
ATTR-01401,ORD-01401,CMP-2025-03,Pinterest,Last Click,136.78,1.0,0.95
ATTR-01402,ORD-01402,CMP-2025-02,Influencer,Last Click,69.35,1.0,0.95
ATTR-01403,ORD-01403,CMP-2025-02,Influencer,Last Click,196.13,1.0,0.95
ATTR-01404,ORD-01404,CMP-ORGANIC,Email Newsletter,Direct,49.8,0.8,0.85
ATTR-01405,ORD-01405,CMP-ORGANIC,Direct Traffic,Direct,321.84,0.8,0.85
ATTR-01406,ORD-01406,CMP-2025-01,LinkedIn,Last Click,462.67,1.0,0.95
ATTR-01407,ORD-01407,CMP-ORGANIC,Email Newsletter,Direct,43.32,0.8,0.85
ATTR-01408,ORD-01408,CMP-2025-04,YouTube Video Ads,Last Click,1099.76,1.0,0.95
ATTR-01409,ORD-01409,CMP-ORGANIC,Organic Search,Direct,170.64,0.8,0.85
ATTR-01410,ORD-01410,CMP-2025-01,Meta Ads,Last Click,97.32,1.0,0.95
ATTR-01411,ORD-01411,CMP-ORGANIC,Organic Search,Direct,97.32,0.8,0.85
ATTR-01412,ORD-01412,CMP-2025-05,Meta Retargeting,Last Click,43.32,1.0,0.95
ATTR-01413,ORD-01413,CMP-2025-01,Meta Ads,Last Click,301.54,1.0,0.95
ATTR-01414,ORD-01414,CMP-2025-02,Influencer,Last Click,339.23,1.0,0.95
ATTR-01415,ORD-01415,CMP-2025-03,Instagram,Last Click,517.54,1.0,0.95
ATTR-01416,ORD-01416,CMP-ORGANIC,Email Newsletter,Direct,107.04,0.8,0.85
ATTR-01417,ORD-01417,CMP-2025-04,Google Shopping,Last Click,96.24,1.0,0.95
ATTR-01418,ORD-01418,CMP-2025-03,Email Marketing,Last Click,74.64,1.0,0.95
ATTR-01419,ORD-01419,CMP-2025-04,Google Shopping,Last Click,59.63,1.0,0.95
ATTR-01420,ORD-01420,CMP-2025-04,Google Shopping,Last Click,99.14,1.0,0.95
ATTR-01421,ORD-01421,CMP-2025-03,Email Marketing,Last Click,98.51,1.0,0.95
ATTR-01422,ORD-01422,CMP-2025-05,Google Remarketing,Last Click,139.32,1.0,0.95
ATTR-01423,ORD-01423,CMP-ORGANIC,Social Organic,Direct,97.32,0.8,0.85
ATTR-01424,ORD-01424,CMP-ORGANIC,Email Newsletter,Direct,108.12,0.8,0.85
ATTR-01425,ORD-01425,CMP-2025-02,Instagram Reels,Last Click,40.19,1.0,0.95
ATTR-01426,ORD-01426,CMP-2025-03,Instagram,Last Click,38.62,1.0,0.95
ATTR-01427,ORD-01427,CMP-2025-02,Influencer,Last Click,517.54,1.0,0.95
ATTR-01428,ORD-01428,CMP-ORGANIC,Email Newsletter,Direct,223.56,0.8,0.85
ATTR-01429,ORD-01429,CMP-ORGANIC,Organic Search,Direct,235.44,0.8,0.85
ATTR-01430,ORD-01430,CMP-2025-04,YouTube Video Ads,Last Click,376.92,1.0,0.95
ATTR-01431,ORD-01431,CMP-ORGANIC,Direct Traffic,Direct,86.52,0.8,0.85
ATTR-01432,ORD-01432,CMP-2025-04,Google Shopping,Last Click,782.78,1.0,0.95
ATTR-01433,ORD-01433,CMP-2025-05,Google Remarketing,Last Click,75.72,1.0,0.95
ATTR-01434,ORD-01434,CMP-2025-02,Instagram Reels,Last Click,88.79,1.0,0.95
ATTR-01435,ORD-01435,CMP-ORGANIC,Email Newsletter,Direct,75.72,0.8,0.85
ATTR-01436,ORD-01436,CMP-2025-01,Google Search,Last Click,549.88,1.0,0.95
ATTR-01437,ORD-01437,CMP-2025-02,TikTok,Last Click,839.16,1.0,0.95
ATTR-01438,ORD-01438,CMP-2025-04,Meta Ads,Last Click,549.88,1.0,0.95
ATTR-01439,ORD-01439,CMP-2025-02,Instagram Reels,Last Click,68.38,1.0,0.95
ATTR-01440,ORD-01440,CMP-2025-05,Meta Retargeting,Last Click,376.92,1.0,0.95
ATTR-01441,ORD-01441,CMP-2025-04,Google Shopping,Last Click,54.34,1.0,0.95
ATTR-01442,ORD-01442,CMP-ORGANIC,Direct Traffic,Direct,108.12,0.8,0.85
ATTR-01443,ORD-01443,CMP-2025-04,Meta Ads,Last Click,211.9,1.0,0.95
ATTR-01444,ORD-01444,CMP-2025-03,Instagram,Last Click,198.72,1.0,0.95
ATTR-01445,ORD-01445,CMP-2025-04,Meta Ads,Last Click,38.62,1.0,0.95
ATTR-01446,ORD-01446,CMP-ORGANIC,Organic Search,Direct,49.8,0.8,0.85
ATTR-01447,ORD-01447,CMP-ORGANIC,Direct Traffic,Direct,139.32,0.8,0.85
ATTR-01448,ORD-01448,CMP-2025-02,TikTok,Last Click,582.23,1.0,0.95
ATTR-01449,ORD-01449,CMP-2025-05,Meta Retargeting,Last Click,68.38,1.0,0.95
ATTR-01450,ORD-01450,CMP-2025-02,Instagram Reels,Last Click,97.32,1.0,0.95
ATTR-01451,ORD-01451,CMP-2025-03,Pinterest,Last Click,111.46,1.0,0.95
ATTR-01452,ORD-01452,CMP-2025-01,Meta Ads,Last Click,128.74,1.0,0.95
ATTR-01453,ORD-01453,CMP-2025-05,Google Remarketing,Last Click,181.76,1.0,0.95
ATTR-01454,ORD-01454,CMP-ORGANIC,Social Organic,Direct,133.92,0.8,0.85
ATTR-01455,ORD-01455,CMP-2025-02,Influencer,Last Click,696.38,1.0,0.95
ATTR-01456,ORD-01456,CMP-2025-04,Meta Ads,Last Click,516.24,1.0,0.95
ATTR-01457,ORD-01457,CMP-2025-04,YouTube Video Ads,Last Click,98.51,1.0,0.95
ATTR-01458,ORD-01458,CMP-2025-03,Pinterest,Last Click,178.85,1.0,0.95
ATTR-01459,ORD-01459,CMP-2025-04,YouTube Video Ads,Last Click,88.79,1.0,0.95
ATTR-01460,ORD-01460,CMP-2025-01,Google Search,Last Click,74.64,1.0,0.95
ATTR-01461,ORD-01461,CMP-2025-05,Google Remarketing,Last Click,320.38,1.0,0.95
ATTR-01462,ORD-01462,CMP-2025-02,Influencer,Last Click,582.23,1.0,0.95
ATTR-01463,ORD-01463,CMP-2025-05,Meta Retargeting,Last Click,705.02,1.0,0.95
ATTR-01464,ORD-01464,CMP-2025-05,Meta Retargeting,Last Click,145.04,1.0,0.95
ATTR-01465,ORD-01465,CMP-2025-04,Meta Ads,Last Click,101.96,1.0,0.95
ATTR-01466,ORD-01466,CMP-2025-05,Google Remarketing,Last Click,42.24,1.0,0.95
ATTR-01467,ORD-01467,CMP-ORGANIC,Email Newsletter,Direct,780.84,0.8,0.85
ATTR-01468,ORD-01468,CMP-ORGANIC,Organic Search,Direct,49.8,0.8,0.85
ATTR-01469,ORD-01469,CMP-2025-01,LinkedIn,Last Click,289.66,1.0,0.95
ATTR-01470,ORD-01470,CMP-ORGANIC,Direct Traffic,Direct,81.12,0.8,0.85
ATTR-01471,ORD-01471,CMP-2025-04,Meta Ads,Last Click,299.81,1.0,0.95
ATTR-01472,ORD-01472,CMP-2025-03,Email Marketing,Last Click,56.98,1.0,0.95
ATTR-01473,ORD-01473,CMP-2025-05,Google Remarketing,Last Click,110.59,1.0,0.95
ATTR-01474,ORD-01474,CMP-2025-03,Instagram,Last Click,54.34,1.0,0.95
ATTR-01475,ORD-01475,CMP-ORGANIC,Email Newsletter,Direct,43.32,0.8,0.85
ATTR-01476,ORD-01476,CMP-2025-03,Instagram,Last Click,110.81,1.0,0.95
ATTR-01477,ORD-01477,CMP-ORGANIC,Email Newsletter,Direct,108.12,0.8,0.85
ATTR-01478,ORD-01478,CMP-2025-05,SMS,Last Click,298.4,1.0,0.95
ATTR-01479,ORD-01479,CMP-2025-04,Google Shopping,Last Click,622.4,1.0,0.95
ATTR-01480,ORD-01480,CMP-ORGANIC,Organic Search,Direct,43.32,0.8,0.85
ATTR-01481,ORD-01481,CMP-2025-01,Meta Ads,Last Click,97.32,1.0,0.95
ATTR-01482,ORD-01482,CMP-2025-04,YouTube Video Ads,Last Click,44.13,1.0,0.95
ATTR-01483,ORD-01483,CMP-2025-01,Meta Ads,Last Click,942.79,1.0,0.95
ATTR-01484,ORD-01484,CMP-2025-02,Instagram Reels,Last Click,301.54,1.0,0.95
ATTR-01485,ORD-01485,CMP-ORGANIC,Direct Traffic,Direct,212.76,0.8,0.85
ATTR-01486,ORD-01486,CMP-2025-01,Meta Ads,Last Click,134.14,1.0,0.95
ATTR-01487,ORD-01487,CMP-2025-04,YouTube Video Ads,Last Click,46.02,1.0,0.95
ATTR-01488,ORD-01488,CMP-2025-01,Google Search,Last Click,93.7,1.0,0.95
ATTR-01489,ORD-01489,CMP-2025-01,Google Search,Last Click,425.03,1.0,0.95
ATTR-01490,ORD-01490,CMP-ORGANIC,Direct Traffic,Direct,752.76,0.8,0.85
ATTR-01491,ORD-01491,CMP-2025-01,Meta Ads,Last Click,79.07,1.0,0.95
ATTR-01492,ORD-01492,CMP-2025-04,YouTube Video Ads,Last Click,213.84,1.0,0.95
ATTR-01493,ORD-01493,CMP-ORGANIC,Social Organic,Direct,49.8,0.8,0.85
ATTR-01494,ORD-01494,CMP-2025-05,SMS,Last Click,88.79,1.0,0.95
ATTR-01495,ORD-01495,CMP-ORGANIC,Social Organic,Direct,127.44,0.8,0.85
ATTR-01496,ORD-01496,CMP-2025-03,Pinterest,Last Click,257.47,1.0,0.95
ATTR-01497,ORD-01497,CMP-2025-01,Meta Ads,Last Click,74.64,1.0,0.95
ATTR-01498,ORD-01498,CMP-2025-01,Meta Ads,Last Click,88.79,1.0,0.95
ATTR-01499,ORD-01499,CMP-2025-01,Meta Ads,Last Click,402.08,1.0,0.95
ATTR-01500,ORD-01500,CMP-2025-04,YouTube Video Ads,Last Click,64.92,1.0,0.95
ATTR-01501,ORD-01501,CMP-2025-02,Influencer,Last Click,75.34,1.0,0.95
ATTR-01502,ORD-01502,CMP-ORGANIC,Organic Search,Direct,123.12,0.8,0.85
ATTR-01503,ORD-01503,CMP-2025-04,YouTube Video Ads,Last Click,80.04,1.0,0.95
ATTR-01504,ORD-01504,CMP-ORGANIC,Organic Search,Direct,288.36,0.8,0.85
ATTR-01505,ORD-01505,CMP-ORGANIC,Direct Traffic,Direct,213.84,0.8,0.85
ATTR-01506,ORD-01506,CMP-2025-01,Meta Ads,Last Click,75.72,1.0,0.95
ATTR-01507,ORD-01507,CMP-2025-05,Meta Retargeting,Last Click,97.32,1.0,0.95
ATTR-01508,ORD-01508,CMP-ORGANIC,Social Organic,Direct,646.92,0.8,0.85
ATTR-01509,ORD-01509,CMP-2025-04,YouTube Video Ads,Last Click,88.79,1.0,0.95
ATTR-01510,ORD-01510,CMP-2025-01,Google Search,Last Click,139.32,1.0,0.95
ATTR-01511,ORD-01511,CMP-2025-02,Influencer,Last Click,110.81,1.0,0.95
ATTR-01512,ORD-01512,CMP-ORGANIC,Organic Search,Direct,108.12,0.8,0.85
ATTR-01513,ORD-01513,CMP-2025-01,Google Search,Last Click,108.12,1.0,0.95
ATTR-01514,ORD-01514,CMP-2025-02,TikTok,Last Click,221.62,1.0,0.95
ATTR-01515,ORD-01515,CMP-ORGANIC,Organic Search,Direct,177.12,0.8,0.85
ATTR-01516,ORD-01516,CMP-2025-01,LinkedIn,Last Click,549.88,1.0,0.95
ATTR-01517,ORD-01517,CMP-2025-02,TikTok,Last Click,376.92,1.0,0.95
ATTR-01518,ORD-01518,CMP-ORGANIC,Organic Search,Direct,86.52,0.8,0.85
ATTR-01519,ORD-01519,CMP-ORGANIC,Social Organic,Direct,108.12,0.8,0.85
ATTR-01520,ORD-01520,CMP-2025-01,Google Search,Last Click,127.87,1.0,0.95
ATTR-01521,ORD-01521,CMP-2025-03,Instagram,Last Click,75.72,1.0,0.95
ATTR-01522,ORD-01522,CMP-2025-01,Google Search,Last Click,211.9,1.0,0.95
ATTR-01523,ORD-01523,CMP-ORGANIC,Email Newsletter,Direct,201.96,0.8,0.85
ATTR-01524,ORD-01524,CMP-2025-03,Pinterest,Last Click,171.67,1.0,0.95
ATTR-01525,ORD-01525,CMP-ORGANIC,Email Newsletter,Direct,64.92,0.8,0.85
ATTR-01526,ORD-01526,CMP-ORGANIC,Email Newsletter,Direct,376.92,0.8,0.85
ATTR-01527,ORD-01527,CMP-2025-01,Google Search,Last Click,301.54,1.0,0.95
ATTR-01528,ORD-01528,CMP-ORGANIC,Email Newsletter,Direct,86.52,0.8,0.85
ATTR-01529,ORD-01529,CMP-2025-05,SMS,Last Click,882.36,1.0,0.95
ATTR-01530,ORD-01530,CMP-2025-04,YouTube Video Ads,Last Click,386.86,1.0,0.95
ATTR-01531,ORD-01531,CMP-ORGANIC,Organic Search,Direct,385.56,0.8,0.85
ATTR-01532,ORD-01532,CMP-2025-01,Google Search,Last Click,158.98,1.0,0.95
ATTR-01533,ORD-01533,CMP-2025-02,TikTok,Last Click,646.92,1.0,0.95
ATTR-01534,ORD-01534,CMP-2025-04,Google Shopping,Last Click,66.16,1.0,0.95
ATTR-01535,ORD-01535,CMP-2025-03,Email Marketing,Last Click,289.66,1.0,0.95
ATTR-01536,ORD-01536,CMP-2025-01,Google Search,Last Click,224.64,1.0,0.95
ATTR-01537,ORD-01537,CMP-2025-04,YouTube Video Ads,Last Click,247.97,1.0,0.95
ATTR-01538,ORD-01538,CMP-ORGANIC,Email Newsletter,Direct,201.96,0.8,0.85
ATTR-01539,ORD-01539,CMP-2025-03,Instagram,Last Click,43.32,1.0,0.95
ATTR-01540,ORD-01540,CMP-ORGANIC,Organic Search,Direct,160.92,0.8,0.85
ATTR-01541,ORD-01541,CMP-ORGANIC,Organic Search,Direct,278.64,0.8,0.85
ATTR-01542,ORD-01542,CMP-2025-02,TikTok,Last Click,412.99,1.0,0.95
ATTR-01543,ORD-01543,CMP-2025-05,Meta Retargeting,Last Click,582.23,1.0,0.95
ATTR-01544,ORD-01544,CMP-ORGANIC,Social Organic,Direct,97.32,0.8,0.85
ATTR-01545,ORD-01545,CMP-2025-05,Meta Retargeting,Last Click,126.68,1.0,0.95
ATTR-01546,ORD-01546,CMP-2025-03,Pinterest,Last Click,74.64,1.0,0.95
ATTR-01547,ORD-01547,CMP-ORGANIC,Direct Traffic,Direct,633.96,0.8,0.85
ATTR-01548,ORD-01548,CMP-2025-05,Google Remarketing,Last Click,40.19,1.0,0.95
ATTR-01549,ORD-01549,CMP-2025-02,TikTok,Last Click,66.16,1.0,0.95
ATTR-01550,ORD-01550,CMP-2025-04,Google Shopping,Last Click,107.04,1.0,0.95
ATTR-01551,ORD-01551,CMP-ORGANIC,Direct Traffic,Direct,169.56,0.8,0.85
ATTR-01552,ORD-01552,CMP-2025-01,LinkedIn,Last Click,88.9,1.0,0.95
ATTR-01553,ORD-01553,CMP-ORGANIC,Email Newsletter,Direct,440.64,0.8,0.85
ATTR-01554,ORD-01554,CMP-ORGANIC,Direct Traffic,Direct,359.64,0.8,0.85
ATTR-01555,ORD-01555,CMP-2025-05,Meta Retargeting,Last Click,98.51,1.0,0.95
ATTR-01556,ORD-01556,CMP-2025-01,LinkedIn,Last Click,108.32,1.0,0.95
ATTR-01557,ORD-01557,CMP-2025-01,Google Search,Last Click,585.79,1.0,0.95
ATTR-01558,ORD-01558,CMP-ORGANIC,Email Newsletter,Direct,860.76,0.8,0.85
ATTR-01559,ORD-01559,CMP-2025-05,SMS,Last Click,93.7,1.0,0.95
ATTR-01560,ORD-01560,CMP-ORGANIC,Social Organic,Direct,228.96,0.8,0.85
ATTR-01561,ORD-01561,CMP-2025-01,Meta Ads,Last Click,88.79,1.0,0.95
ATTR-01562,ORD-01562,CMP-2025-02,TikTok,Last Click,111.46,1.0,0.95
ATTR-01563,ORD-01563,CMP-2025-04,Meta Ads,Last Click,88.9,1.0,0.95
ATTR-01564,ORD-01564,CMP-2025-01,LinkedIn,Last Click,163.3,1.0,0.95
ATTR-01565,ORD-01565,CMP-2025-02,Instagram Reels,Last Click,144.83,1.0,0.95
ATTR-01566,ORD-01566,CMP-2025-02,Influencer,Last Click,163.4,1.0,0.95
ATTR-01567,ORD-01567,CMP-2025-01,Google Search,Last Click,677.48,1.0,0.95
ATTR-01568,ORD-01568,CMP-2025-05,SMS,Last Click,154.44,1.0,0.95
ATTR-01569,ORD-01569,CMP-ORGANIC,Social Organic,Direct,165.24,0.8,0.85
ATTR-01570,ORD-01570,CMP-ORGANIC,Email Newsletter,Direct,108.12,0.8,0.85
ATTR-01571,ORD-01571,CMP-ORGANIC,Social Organic,Direct,75.72,0.8,0.85
ATTR-01572,ORD-01572,CMP-2025-01,LinkedIn,Last Click,128.74,1.0,0.95
ATTR-01573,ORD-01573,CMP-ORGANIC,Email Newsletter,Direct,170.64,0.8,0.85
ATTR-01574,ORD-01574,CMP-2025-01,Meta Ads,Last Click,1095.55,1.0,0.95
ATTR-01575,ORD-01575,CMP-2025-03,Instagram,Last Click,93.7,1.0,0.95
ATTR-01576,ORD-01576,CMP-2025-04,Google Shopping,Last Click,56.98,1.0,0.95
ATTR-01577,ORD-01577,CMP-2025-05,SMS,Last Click,79.07,1.0,0.95
ATTR-01578,ORD-01578,CMP-2025-02,Influencer,Last Click,270.81,1.0,0.95
ATTR-01579,ORD-01579,CMP-2025-04,YouTube Video Ads,Last Click,93.7,1.0,0.95
ATTR-01580,ORD-01580,CMP-2025-03,Pinterest,Last Click,69.35,1.0,0.95
ATTR-01581,ORD-01581,CMP-ORGANIC,Organic Search,Direct,817.56,0.8,0.85
ATTR-01582,ORD-01582,CMP-2025-04,Meta Ads,Last Click,144.29,1.0,0.95
ATTR-01583,ORD-01583,CMP-2025-03,Pinterest,Last Click,62.11,1.0,0.95
ATTR-01584,ORD-01584,CMP-2025-03,Pinterest,Last Click,678.46,1.0,0.95
ATTR-01585,ORD-01585,CMP-2025-04,Meta Ads,Last Click,93.7,1.0,0.95
ATTR-01586,ORD-01586,CMP-ORGANIC,Email Newsletter,Direct,43.32,0.8,0.85
ATTR-01587,ORD-01587,CMP-2025-02,Instagram Reels,Last Click,245.11,1.0,0.95
ATTR-01588,ORD-01588,CMP-2025-05,SMS,Last Click,40.19,1.0,0.95
ATTR-01589,ORD-01589,CMP-2025-04,Meta Ads,Last Click,96.67,1.0,0.95
ATTR-01590,ORD-01590,CMP-ORGANIC,Social Organic,Direct,180.36,0.8,0.85
ATTR-01591,ORD-01591,CMP-ORGANIC,Email Newsletter,Direct,97.32,0.8,0.85
ATTR-01592,ORD-01592,CMP-2025-05,Google Remarketing,Last Click,84.52,1.0,0.95
ATTR-01593,ORD-01593,CMP-ORGANIC,Social Organic,Direct,97.32,0.8,0.85
ATTR-01594,ORD-01594,CMP-ORGANIC,Organic Search,Direct,203.04,0.8,0.85
ATTR-01595,ORD-01595,CMP-2025-02,Instagram Reels,Last Click,80.26,1.0,0.95
ATTR-01596,ORD-01596,CMP-2025-01,Google Search,Last Click,133.92,1.0,0.95
ATTR-01597,ORD-01597,CMP-2025-03,Email Marketing,Last Click,88.79,1.0,0.95
ATTR-01598,ORD-01598,CMP-ORGANIC,Direct Traffic,Direct,97.32,0.8,0.85
ATTR-01599,ORD-01599,CMP-2025-03,Instagram,Last Click,139.32,1.0,0.95
ATTR-01600,ORD-01600,CMP-ORGANIC,Email Newsletter,Direct,97.32,0.8,0.85
ATTR-01601,ORD-01601,CMP-2025-02,Influencer,Last Click,111.46,1.0,0.95
ATTR-01602,ORD-01602,CMP-ORGANIC,Organic Search,Direct,147.96,0.8,0.85
ATTR-01603,ORD-01603,CMP-2025-01,Google Search,Last Click,222.91,1.0,0.95
ATTR-01604,ORD-01604,CMP-2025-01,Google Search,Last Click,196.13,1.0,0.95
ATTR-01605,ORD-01605,CMP-ORGANIC,Organic Search,Direct,213.84,0.8,0.85
ATTR-01606,ORD-01606,CMP-2025-05,SMS,Last Click,108.12,1.0,0.95
ATTR-01607,ORD-01607,CMP-2025-02,Instagram Reels,Last Click,127.87,1.0,0.95
ATTR-01608,ORD-01608,CMP-ORGANIC,Organic Search,Direct,376.92,0.8,0.85
ATTR-01609,ORD-01609,CMP-2025-04,Meta Ads,Last Click,84.52,1.0,0.95
ATTR-01610,ORD-01610,CMP-ORGANIC,Direct Traffic,Direct,149.04,0.8,0.85
ATTR-01611,ORD-01611,CMP-2025-03,Email Marketing,Last Click,107.26,1.0,0.95
ATTR-01612,ORD-01612,CMP-ORGANIC,Direct Traffic,Direct,785.16,0.8,0.85
ATTR-01613,ORD-01613,CMP-2025-04,Meta Ads,Last Click,192.24,1.0,0.95
ATTR-01614,ORD-01614,CMP-2025-01,LinkedIn,Last Click,119.23,1.0,0.95
ATTR-01615,ORD-01615,CMP-2025-01,LinkedIn,Last Click,235.93,1.0,0.95
ATTR-01616,ORD-01616,CMP-ORGANIC,Organic Search,Direct,341.28,0.8,0.85
ATTR-01617,ORD-01617,CMP-2025-03,Instagram,Last Click,320.38,1.0,0.95
ATTR-01618,ORD-01618,CMP-ORGANIC,Organic Search,Direct,127.44,0.8,0.85
ATTR-01619,ORD-01619,CMP-2025-02,TikTok,Last Click,56.98,1.0,0.95
ATTR-01620,ORD-01620,CMP-2025-02,Influencer,Last Click,430.27,1.0,0.95
ATTR-01621,ORD-01621,CMP-2025-01,Google Search,Last Click,145.04,1.0,0.95
ATTR-01622,ORD-01622,CMP-2025-01,Meta Ads,Last Click,71.62,1.0,0.95
ATTR-01623,ORD-01623,CMP-2025-01,LinkedIn,Last Click,75.34,1.0,0.95
ATTR-01624,ORD-01624,CMP-2025-04,Google Shopping,Last Click,79.07,1.0,0.95
ATTR-01625,ORD-01625,CMP-2025-05,Meta Retargeting,Last Click,86.52,1.0,0.95
ATTR-01626,ORD-01626,CMP-2025-01,Google Search,Last Click,921.46,1.0,0.95
ATTR-01627,ORD-01627,CMP-2025-02,Influencer,Last Click,68.38,1.0,0.95
ATTR-01628,ORD-01628,CMP-2025-04,YouTube Video Ads,Last Click,42.24,1.0,0.95
ATTR-01629,ORD-01629,CMP-2025-02,Instagram Reels,Last Click,902.39,1.0,0.95
ATTR-01630,ORD-01630,CMP-2025-02,Instagram Reels,Last Click,108.12,1.0,0.95
ATTR-01631,ORD-01631,CMP-ORGANIC,Social Organic,Direct,97.32,0.8,0.85
ATTR-01632,ORD-01632,CMP-2025-02,TikTok,Last Click,84.52,1.0,0.95
ATTR-01633,ORD-01633,CMP-ORGANIC,Organic Search,Direct,359.64,0.8,0.85
ATTR-01634,ORD-01634,CMP-2025-05,Meta Retargeting,Last Click,118.42,1.0,0.95
ATTR-01635,ORD-01635,CMP-2025-04,Google Shopping,Last Click,97.32,1.0,0.95
ATTR-01636,ORD-01636,CMP-ORGANIC,Social Organic,Direct,64.92,0.8,0.85
ATTR-01637,ORD-01637,CMP-2025-04,Google Shopping,Last Click,37.06,1.0,0.95
ATTR-01638,ORD-01638,CMP-2025-05,Meta Retargeting,Last Click,477.36,1.0,0.95
ATTR-01639,ORD-01639,CMP-ORGANIC,Email Newsletter,Direct,97.32,0.8,0.85
ATTR-01640,ORD-01640,CMP-ORGANIC,Organic Search,Direct,97.32,0.8,0.85
ATTR-01641,ORD-01641,CMP-ORGANIC,Social Organic,Direct,223.56,0.8,0.85
ATTR-01642,ORD-01642,CMP-2025-01,LinkedIn,Last Click,163.3,1.0,0.95
ATTR-01643,ORD-01643,CMP-ORGANIC,Direct Traffic,Direct,97.32,0.8,0.85
ATTR-01644,ORD-01644,CMP-2025-04,YouTube Video Ads,Last Click,37.06,1.0,0.95
ATTR-01645,ORD-01645,CMP-ORGANIC,Social Organic,Direct,49.8,0.8,0.85
ATTR-01646,ORD-01646,CMP-2025-05,Meta Retargeting,Last Click,74.64,1.0,0.95
ATTR-01647,ORD-01647,CMP-2025-02,TikTok,Last Click,37.06,1.0,0.95
ATTR-01648,ORD-01648,CMP-ORGANIC,Email Newsletter,Direct,139.32,0.8,0.85
ATTR-01649,ORD-01649,CMP-2025-04,YouTube Video Ads,Last Click,75.34,1.0,0.95
ATTR-01650,ORD-01650,CMP-2025-02,Instagram Reels,Last Click,640.76,1.0,0.95
ATTR-01651,ORD-01651,CMP-2025-03,Instagram,Last Click,265.68,1.0,0.95
ATTR-01652,ORD-01652,CMP-ORGANIC,Email Newsletter,Direct,363.96,0.8,0.85
ATTR-01653,ORD-01653,CMP-ORGANIC,Email Newsletter,Direct,108.12,0.8,0.85
ATTR-01654,ORD-01654,CMP-2025-03,Email Marketing,Last Click,282.53,1.0,0.95
ATTR-01655,ORD-01655,CMP-2025-02,TikTok,Last Click,98.51,1.0,0.95
ATTR-01656,ORD-01656,CMP-ORGANIC,Direct Traffic,Direct,462.24,0.8,0.85
ATTR-01657,ORD-01657,CMP-2025-03,Pinterest,Last Click,59.63,1.0,0.95
ATTR-01658,ORD-01658,CMP-2025-05,SMS,Last Click,49.8,1.0,0.95
ATTR-01659,ORD-01659,CMP-ORGANIC,Direct Traffic,Direct,86.52,0.8,0.85
ATTR-01660,ORD-01660,CMP-ORGANIC,Direct Traffic,Direct,108.12,0.8,0.85
ATTR-01661,ORD-01661,CMP-2025-04,Google Shopping,Last Click,86.52,1.0,0.95
ATTR-01662,ORD-01662,CMP-2025-02,Influencer,Last Click,161.57,1.0,0.95
ATTR-01663,ORD-01663,CMP-2025-01,Meta Ads,Last Click,143.86,1.0,0.95
ATTR-01664,ORD-01664,CMP-ORGANIC,Email Newsletter,Direct,277.56,0.8,0.85
ATTR-01665,ORD-01665,CMP-ORGANIC,Direct Traffic,Direct,646.92,0.8,0.85
ATTR-01666,ORD-01666,CMP-2025-03,Instagram,Last Click,411.26,1.0,0.95
ATTR-01667,ORD-01667,CMP-2025-04,YouTube Video Ads,Last Click,549.88,1.0,0.95
ATTR-01668,ORD-01668,CMP-2025-05,SMS,Last Click,75.72,1.0,0.95
ATTR-01669,ORD-01669,CMP-2025-03,Email Marketing,Last Click,88.9,1.0,0.95
ATTR-01670,ORD-01670,CMP-2025-02,Influencer,Last Click,42.24,1.0,0.95
ATTR-01671,ORD-01671,CMP-2025-04,Google Shopping,Last Click,549.88,1.0,0.95
ATTR-01672,ORD-01672,CMP-2025-05,SMS,Last Click,235.44,1.0,0.95
ATTR-01673,ORD-01673,CMP-ORGANIC,Direct Traffic,Direct,234.36,0.8,0.85
ATTR-01674,ORD-01674,CMP-ORGANIC,Social Organic,Direct,97.32,0.8,0.85
ATTR-01675,ORD-01675,CMP-2025-01,Meta Ads,Last Click,149.63,1.0,0.95
ATTR-01676,ORD-01676,CMP-2025-03,Email Marketing,Last Click,136.51,1.0,0.95
ATTR-01677,ORD-01677,CMP-2025-03,Email Marketing,Last Click,56.98,1.0,0.95
ATTR-01678,ORD-01678,CMP-2025-03,Email Marketing,Last Click,46.02,1.0,0.95
ATTR-01679,ORD-01679,CMP-2025-03,Instagram,Last Click,98.5,1.0,0.95
ATTR-01680,ORD-01680,CMP-ORGANIC,Organic Search,Direct,1433.16,0.8,0.85
ATTR-01681,ORD-01681,CMP-ORGANIC,Organic Search,Direct,300.24,0.8,0.85
ATTR-01682,ORD-01682,CMP-2025-03,Instagram,Last Click,136.51,1.0,0.95
ATTR-01683,ORD-01683,CMP-2025-04,Google Shopping,Last Click,171.67,1.0,0.95
ATTR-01684,ORD-01684,CMP-2025-01,Meta Ads,Last Click,71.62,1.0,0.95
ATTR-01685,ORD-01685,CMP-2025-01,Google Search,Last Click,376.92,1.0,0.95
ATTR-01686,ORD-01686,CMP-ORGANIC,Organic Search,Direct,223.56,0.8,0.85
ATTR-01687,ORD-01687,CMP-ORGANIC,Organic Search,Direct,64.92,0.8,0.85
ATTR-01688,ORD-01688,CMP-2025-02,Influencer,Last Click,98.51,1.0,0.95
ATTR-01689,ORD-01689,CMP-2025-02,Influencer,Last Click,202.18,1.0,0.95
ATTR-01690,ORD-01690,CMP-2025-02,TikTok,Last Click,88.79,1.0,0.95
ATTR-01691,ORD-01691,CMP-2025-02,Instagram Reels,Last Click,368.06,1.0,0.95
ATTR-01692,ORD-01692,CMP-2025-05,Meta Retargeting,Last Click,1399.68,1.0,0.95
ATTR-01693,ORD-01693,CMP-ORGANIC,Direct Traffic,Direct,177.12,0.8,0.85
ATTR-01694,ORD-01694,CMP-2025-01,Google Search,Last Click,42.24,1.0,0.95
ATTR-01695,ORD-01695,CMP-ORGANIC,Email Newsletter,Direct,97.32,0.8,0.85
ATTR-01696,ORD-01696,CMP-2025-02,Instagram Reels,Last Click,144.83,1.0,0.95
ATTR-01697,ORD-01697,CMP-2025-01,LinkedIn,Last Click,136.78,1.0,0.95
ATTR-01698,ORD-01698,CMP-ORGANIC,Social Organic,Direct,86.52,0.8,0.85
ATTR-01699,ORD-01699,CMP-ORGANIC,Social Organic,Direct,376.92,0.8,0.85
ATTR-01700,ORD-01700,CMP-ORGANIC,Social Organic,Direct,75.72,0.8,0.85
ATTR-01701,ORD-01701,CMP-2025-02,Influencer,Last Click,67.3,1.0,0.95
ATTR-01702,ORD-01702,CMP-2025-01,Google Search,Last Click,451.44,1.0,0.95
ATTR-01703,ORD-01703,CMP-2025-05,Meta Retargeting,Last Click,1293.84,1.0,0.95
ATTR-01704,ORD-01704,CMP-2025-05,Google Remarketing,Last Click,101.95,1.0,0.95
ATTR-01705,ORD-01705,CMP-2025-04,YouTube Video Ads,Last Click,49.8,1.0,0.95
ATTR-01706,ORD-01706,CMP-2025-04,YouTube Video Ads,Last Click,139.32,1.0,0.95
ATTR-01707,ORD-01707,CMP-2025-01,Meta Ads,Last Click,37.06,1.0,0.95
ATTR-01708,ORD-01708,CMP-2025-03,Email Marketing,Last Click,668.74,1.0,0.95
ATTR-01709,ORD-01709,CMP-ORGANIC,Email Newsletter,Direct,139.32,0.8,0.85
ATTR-01710,ORD-01710,CMP-2025-01,Google Search,Last Click,113.83,1.0,0.95
ATTR-01711,ORD-01711,CMP-2025-05,Meta Retargeting,Last Click,160.92,1.0,0.95
ATTR-01712,ORD-01712,CMP-2025-01,LinkedIn,Last Click,339.23,1.0,0.95
ATTR-01713,ORD-01713,CMP-2025-01,Meta Ads,Last Click,170.64,1.0,0.95
ATTR-01714,ORD-01714,CMP-2025-04,Google Shopping,Last Click,646.92,1.0,0.95
ATTR-01715,ORD-01715,CMP-2025-01,LinkedIn,Last Click,610.42,1.0,0.95
ATTR-01716,ORD-01716,CMP-ORGANIC,Direct Traffic,Direct,170.64,0.8,0.85
ATTR-01717,ORD-01717,CMP-2025-03,Email Marketing,Last Click,124.42,1.0,0.95
ATTR-01718,ORD-01718,CMP-2025-02,TikTok,Last Click,455.33,1.0,0.95
ATTR-01719,ORD-01719,CMP-2025-02,Influencer,Last Click,127.44,1.0,0.95
ATTR-01720,ORD-01720,CMP-2025-02,Instagram Reels,Last Click,1099.76,1.0,0.95
ATTR-01721,ORD-01721,CMP-2025-04,Meta Ads,Last Click,181.76,1.0,0.95
ATTR-01722,ORD-01722,CMP-2025-05,SMS,Last Click,180.36,1.0,0.95
ATTR-01723,ORD-01723,CMP-2025-02,Influencer,Last Click,134.14,1.0,0.95
ATTR-01724,ORD-01724,CMP-2025-04,Meta Ads,Last Click,71.62,1.0,0.95
ATTR-01725,ORD-01725,CMP-2025-04,Google Shopping,Last Click,43.32,1.0,0.95
ATTR-01726,ORD-01726,CMP-ORGANIC,Direct Traffic,Direct,439.56,0.8,0.85
ATTR-01727,ORD-01727,CMP-ORGANIC,Organic Search,Direct,170.64,0.8,0.85
ATTR-01728,ORD-01728,CMP-ORGANIC,Email Newsletter,Direct,376.92,0.8,0.85
ATTR-01729,ORD-01729,CMP-2025-03,Email Marketing,Last Click,179.71,1.0,0.95
ATTR-01730,ORD-01730,CMP-2025-05,SMS,Last Click,46.02,1.0,0.95
ATTR-01731,ORD-01731,CMP-2025-05,Google Remarketing,Last Click,97.32,1.0,0.95
ATTR-01732,ORD-01732,CMP-2025-05,SMS,Last Click,412.99,1.0,0.95
ATTR-01733,ORD-01733,CMP-2025-05,Google Remarketing,Last Click,134.14,1.0,0.95
ATTR-01734,ORD-01734,CMP-2025-04,Meta Ads,Last Click,54.34,1.0,0.95
ATTR-01735,ORD-01735,CMP-2025-01,Meta Ads,Last Click,569.16,1.0,0.95
ATTR-01736,ORD-01736,CMP-2025-02,TikTok,Last Click,80.04,1.0,0.95
ATTR-01737,ORD-01737,CMP-ORGANIC,Direct Traffic,Direct,139.32,0.8,0.85
ATTR-01738,ORD-01738,CMP-ORGANIC,Email Newsletter,Direct,86.52,0.8,0.85
ATTR-01739,ORD-01739,CMP-2025-03,Instagram,Last Click,65.24,1.0,0.95
ATTR-01740,ORD-01740,CMP-2025-01,Google Search,Last Click,64.92,1.0,0.95
ATTR-01741,ORD-01741,CMP-ORGANIC,Social Organic,Direct,75.72,0.8,0.85
ATTR-01742,ORD-01742,CMP-2025-01,Meta Ads,Last Click,149.04,1.0,0.95
ATTR-01743,ORD-01743,CMP-2025-04,Google Shopping,Last Click,1188.0,1.0,0.95
ATTR-01744,ORD-01744,CMP-2025-02,Influencer,Last Click,144.83,1.0,0.95
ATTR-01745,ORD-01745,CMP-ORGANIC,Organic Search,Direct,117.84,0.8,0.85
ATTR-01746,ORD-01746,CMP-2025-04,YouTube Video Ads,Last Click,97.54,1.0,0.95
ATTR-01747,ORD-01747,CMP-2025-01,Meta Ads,Last Click,139.32,1.0,0.95
ATTR-01748,ORD-01748,CMP-ORGANIC,Social Organic,Direct,139.32,0.8,0.85
ATTR-01749,ORD-01749,CMP-ORGANIC,Organic Search,Direct,646.92,0.8,0.85
ATTR-01750,ORD-01750,CMP-2025-04,YouTube Video Ads,Last Click,582.23,1.0,0.95
ATTR-01751,ORD-01751,CMP-2025-04,Google Shopping,Last Click,590.76,1.0,0.95
ATTR-01752,ORD-01752,CMP-ORGANIC,Email Newsletter,Direct,49.8,0.8,0.85
ATTR-01753,ORD-01753,CMP-2025-04,YouTube Video Ads,Last Click,86.52,1.0,0.95
ATTR-01754,ORD-01754,CMP-ORGANIC,Email Newsletter,Direct,97.32,0.8,0.85
ATTR-01755,ORD-01755,CMP-ORGANIC,Organic Search,Direct,97.32,0.8,0.85
ATTR-01756,ORD-01756,CMP-2025-02,TikTok,Last Click,668.3,1.0,0.95
ATTR-01757,ORD-01757,CMP-2025-05,Meta Retargeting,Last Click,320.38,1.0,0.95
ATTR-01758,ORD-01758,CMP-ORGANIC,Email Newsletter,Direct,97.32,0.8,0.85
ATTR-01759,ORD-01759,CMP-2025-04,Google Shopping,Last Click,659.02,1.0,0.95
ATTR-01760,ORD-01760,CMP-2025-05,SMS,Last Click,205.63,1.0,0.95
ATTR-01761,ORD-01761,CMP-ORGANIC,Direct Traffic,Direct,170.64,0.8,0.85
ATTR-01762,ORD-01762,CMP-2025-03,Instagram,Last Click,88.9,1.0,0.95
ATTR-01763,ORD-01763,CMP-2025-02,Instagram Reels,Last Click,75.72,1.0,0.95
ATTR-01764,ORD-01764,CMP-ORGANIC,Email Newsletter,Direct,224.64,0.8,0.85
ATTR-01765,ORD-01765,CMP-2025-05,Meta Retargeting,Last Click,42.24,1.0,0.95
ATTR-01766,ORD-01766,CMP-2025-04,Google Shopping,Last Click,75.34,1.0,0.95
ATTR-01767,ORD-01767,CMP-2025-03,Email Marketing,Last Click,139.32,1.0,0.95
ATTR-01768,ORD-01768,CMP-ORGANIC,Social Organic,Direct,74.64,0.8,0.85
ATTR-01769,ORD-01769,CMP-ORGANIC,Organic Search,Direct,266.76,0.8,0.85
ATTR-01770,ORD-01770,CMP-2025-04,Google Shopping,Last Click,626.99,1.0,0.95
ATTR-01771,ORD-01771,CMP-2025-04,Meta Ads,Last Click,59.63,1.0,0.95
ATTR-01772,ORD-01772,CMP-2025-05,Meta Retargeting,Last Click,97.32,1.0,0.95
ATTR-01773,ORD-01773,CMP-ORGANIC,Organic Search,Direct,288.36,0.8,0.85
ATTR-01774,ORD-01774,CMP-ORGANIC,Direct Traffic,Direct,287.28,0.8,0.85
ATTR-01775,ORD-01775,CMP-2025-05,SMS,Last Click,84.52,1.0,0.95
ATTR-01776,ORD-01776,CMP-ORGANIC,Direct Traffic,Direct,123.12,0.8,0.85
ATTR-01777,ORD-01777,CMP-ORGANIC,Direct Traffic,Direct,807.84,0.8,0.85
ATTR-01778,ORD-01778,CMP-ORGANIC,Direct Traffic,Direct,646.92,0.8,0.85
ATTR-01779,ORD-01779,CMP-2025-05,Meta Retargeting,Last Click,547.78,1.0,0.95
ATTR-01780,ORD-01780,CMP-ORGANIC,Social Organic,Direct,108.12,0.8,0.85
ATTR-01781,ORD-01781,CMP-2025-01,LinkedIn,Last Click,125.39,1.0,0.95
ATTR-01782,ORD-01782,CMP-ORGANIC,Social Organic,Direct,234.36,0.8,0.85
ATTR-01783,ORD-01783,CMP-2025-02,TikTok,Last Click,124.42,1.0,0.95
ATTR-01784,ORD-01784,CMP-2025-02,TikTok,Last Click,66.16,1.0,0.95
ATTR-01785,ORD-01785,CMP-2025-02,TikTok,Last Click,339.23,1.0,0.95
ATTR-01786,ORD-01786,CMP-ORGANIC,Social Organic,Direct,75.72,0.8,0.85
ATTR-01787,ORD-01787,CMP-2025-01,Meta Ads,Last Click,144.83,1.0,0.95
ATTR-01788,ORD-01788,CMP-2025-01,Meta Ads,Last Click,80.26,1.0,0.95
ATTR-01789,ORD-01789,CMP-ORGANIC,Organic Search,Direct,49.8,0.8,0.85
ATTR-01790,ORD-01790,CMP-ORGANIC,Organic Search,Direct,97.32,0.8,0.85
ATTR-01791,ORD-01791,CMP-ORGANIC,Direct Traffic,Direct,1293.84,0.8,0.85
ATTR-01792,ORD-01792,CMP-2025-01,LinkedIn,Last Click,667.39,1.0,0.95
ATTR-01793,ORD-01793,CMP-2025-04,YouTube Video Ads,Last Click,97.32,1.0,0.95
ATTR-01794,ORD-01794,CMP-2025-02,Influencer,Last Click,86.52,1.0,0.95
ATTR-01795,ORD-01795,CMP-2025-04,Meta Ads,Last Click,97.54,1.0,0.95
ATTR-01796,ORD-01796,CMP-2025-01,Google Search,Last Click,645.41,1.0,0.95
ATTR-01797,ORD-01797,CMP-ORGANIC,Email Newsletter,Direct,127.44,0.8,0.85
ATTR-01798,ORD-01798,CMP-2025-02,TikTok,Last Click,679.1,1.0,0.95
ATTR-01799,ORD-01799,CMP-ORGANIC,Direct Traffic,Direct,43.32,0.8,0.85
ATTR-01800,ORD-01800,CMP-2025-05,Google Remarketing,Last Click,214.92,1.0,0.95
ATTR-01801,ORD-01801,CMP-ORGANIC,Social Organic,Direct,49.8,0.8,0.85
ATTR-01802,ORD-01802,CMP-ORGANIC,Organic Search,Direct,363.96,0.8,0.85
ATTR-01803,ORD-01803,CMP-ORGANIC,Direct Traffic,Direct,646.92,0.8,0.85
ATTR-01804,ORD-01804,CMP-ORGANIC,Organic Search,Direct,785.16,0.8,0.85
ATTR-01805,ORD-01805,CMP-2025-02,Instagram Reels,Last Click,582.23,1.0,0.95
ATTR-01806,ORD-01806,CMP-ORGANIC,Email Newsletter,Direct,154.44,0.8,0.85
ATTR-01807,ORD-01807,CMP-2025-03,Instagram,Last Click,301.54,1.0,0.95
ATTR-01808,ORD-01808,CMP-2025-04,YouTube Video Ads,Last Click,640.76,1.0,0.95
ATTR-01809,ORD-01809,CMP-ORGANIC,Social Organic,Direct,646.92,0.8,0.85
ATTR-01810,ORD-01810,CMP-ORGANIC,Direct Traffic,Direct,1432.08,0.8,0.85
ATTR-01811,ORD-01811,CMP-2025-01,LinkedIn,Last Click,202.18,1.0,0.95
ATTR-01812,ORD-01812,CMP-ORGANIC,Direct Traffic,Direct,108.12,0.8,0.85
ATTR-01813,ORD-01813,CMP-2025-04,Meta Ads,Last Click,416.02,1.0,0.95
ATTR-01814,ORD-01814,CMP-ORGANIC,Organic Search,Direct,170.64,0.8,0.85
ATTR-01815,ORD-01815,CMP-2025-01,Google Search,Last Click,646.92,1.0,0.95
ATTR-01816,ORD-01816,CMP-2025-05,Google Remarketing,Last Click,62.98,1.0,0.95
ATTR-01817,ORD-01817,CMP-2025-01,Meta Ads,Last Click,79.07,1.0,0.95
ATTR-01818,ORD-01818,CMP-2025-05,Meta Retargeting,Last Click,170.64,1.0,0.95
ATTR-01819,ORD-01819,CMP-2025-03,Pinterest,Last Click,44.13,1.0,0.95
ATTR-01820,ORD-01820,CMP-ORGANIC,Email Newsletter,Direct,462.24,0.8,0.85
ATTR-01821,ORD-01821,CMP-2025-02,Instagram Reels,Last Click,582.23,1.0,0.95
ATTR-01822,ORD-01822,CMP-2025-02,Instagram Reels,Last Click,75.72,1.0,0.95
ATTR-01823,ORD-01823,CMP-2025-03,Pinterest,Last Click,79.07,1.0,0.95
ATTR-01824,ORD-01824,CMP-ORGANIC,Organic Search,Direct,64.92,0.8,0.85
ATTR-01825,ORD-01825,CMP-ORGANIC,Direct Traffic,Direct,86.52,0.8,0.85
ATTR-01826,ORD-01826,CMP-2025-04,Meta Ads,Last Click,66.16,1.0,0.95
ATTR-01827,ORD-01827,CMP-ORGANIC,Social Organic,Direct,160.92,0.8,0.85
ATTR-01828,ORD-01828,CMP-2025-02,Influencer,Last Click,378.43,1.0,0.95
ATTR-01829,ORD-01829,CMP-2025-01,Meta Ads,Last Click,805.09,1.0,0.95
ATTR-01830,ORD-01830,CMP-2025-02,Instagram Reels,Last Click,301.54,1.0,0.95
ATTR-01831,ORD-01831,CMP-ORGANIC,Organic Search,Direct,138.24,0.8,0.85
ATTR-01832,ORD-01832,CMP-ORGANIC,Direct Traffic,Direct,170.64,0.8,0.85
ATTR-01833,ORD-01833,CMP-2025-01,Meta Ads,Last Click,108.12,1.0,0.95
ATTR-01834,ORD-01834,CMP-ORGANIC,Organic Search,Direct,170.64,0.8,0.85
ATTR-01835,ORD-01835,CMP-2025-01,LinkedIn,Last Click,66.16,1.0,0.95
ATTR-01836,ORD-01836,CMP-2025-03,Email Marketing,Last Click,40.19,1.0,0.95
ATTR-01837,ORD-01837,CMP-2025-01,Google Search,Last Click,192.46,1.0,0.95
ATTR-01838,ORD-01838,CMP-2025-04,Meta Ads,Last Click,88.9,1.0,0.95
ATTR-01839,ORD-01839,CMP-2025-05,Meta Retargeting,Last Click,108.12,1.0,0.95
ATTR-01840,ORD-01840,CMP-2025-05,Meta Retargeting,Last Click,71.62,1.0,0.95
ATTR-01841,ORD-01841,CMP-2025-04,Meta Ads,Last Click,138.02,1.0,0.95
ATTR-01842,ORD-01842,CMP-2025-01,LinkedIn,Last Click,42.24,1.0,0.95
ATTR-01843,ORD-01843,CMP-2025-02,Instagram Reels,Last Click,703.19,1.0,0.95
ATTR-01844,ORD-01844,CMP-2025-05,Google Remarketing,Last Click,43.32,1.0,0.95
ATTR-01845,ORD-01845,CMP-2025-01,Google Search,Last Click,1260.68,1.0,0.95
ATTR-01846,ORD-01846,CMP-2025-03,Instagram,Last Click,710.64,1.0,0.95
ATTR-01847,ORD-01847,CMP-2025-04,Google Shopping,Last Click,320.38,1.0,0.95
ATTR-01848,ORD-01848,CMP-ORGANIC,Email Newsletter,Direct,108.12,0.8,0.85
ATTR-01849,ORD-01849,CMP-2025-05,Google Remarketing,Last Click,160.92,1.0,0.95
ATTR-01850,ORD-01850,CMP-ORGANIC,Direct Traffic,Direct,1293.84,0.8,0.85
ATTR-01851,ORD-01851,CMP-2025-05,SMS,Last Click,80.26,1.0,0.95
ATTR-01852,ORD-01852,CMP-ORGANIC,Email Newsletter,Direct,75.72,0.8,0.85
ATTR-01853,ORD-01853,CMP-ORGANIC,Direct Traffic,Direct,75.72,0.8,0.85
ATTR-01854,ORD-01854,CMP-ORGANIC,Social Organic,Direct,363.96,0.8,0.85
ATTR-01855,ORD-01855,CMP-ORGANIC,Email Newsletter,Direct,49.8,0.8,0.85
ATTR-01856,ORD-01856,CMP-ORGANIC,Direct Traffic,Direct,234.36,0.8,0.85
ATTR-01857,ORD-01857,CMP-2025-03,Instagram,Last Click,88.9,1.0,0.95
ATTR-01858,ORD-01858,CMP-2025-01,Google Search,Last Click,59.63,1.0,0.95
ATTR-01859,ORD-01859,CMP-ORGANIC,Email Newsletter,Direct,97.32,0.8,0.85
ATTR-01860,ORD-01860,CMP-2025-03,Pinterest,Last Click,69.35,1.0,0.95
ATTR-01861,ORD-01861,CMP-2025-02,TikTok,Last Click,298.4,1.0,0.95
ATTR-01862,ORD-01862,CMP-2025-05,Meta Retargeting,Last Click,646.92,1.0,0.95
ATTR-01863,ORD-01863,CMP-2025-01,Google Search,Last Click,111.46,1.0,0.95
ATTR-01864,ORD-01864,CMP-2025-03,Pinterest,Last Click,753.84,1.0,0.95
ATTR-01865,ORD-01865,CMP-2025-05,SMS,Last Click,117.84,1.0,0.95
ATTR-01866,ORD-01866,CMP-ORGANIC,Direct Traffic,Direct,473.04,0.8,0.85
ATTR-01867,ORD-01867,CMP-2025-04,YouTube Video Ads,Last Click,375.19,1.0,0.95
ATTR-01868,ORD-01868,CMP-2025-02,Influencer,Last Click,463.64,1.0,0.95
ATTR-01869,ORD-01869,CMP-2025-04,Meta Ads,Last Click,190.94,1.0,0.95
ATTR-01870,ORD-01870,CMP-2025-04,Meta Ads,Last Click,231.34,1.0,0.95
ATTR-01871,ORD-01871,CMP-ORGANIC,Direct Traffic,Direct,316.44,0.8,0.85
ATTR-01872,ORD-01872,CMP-2025-05,SMS,Last Click,88.79,1.0,0.95
ATTR-01873,ORD-01873,CMP-2025-05,Google Remarketing,Last Click,46.02,1.0,0.95
ATTR-01874,ORD-01874,CMP-ORGANIC,Organic Search,Direct,482.76,0.8,0.85
ATTR-01875,ORD-01875,CMP-2025-03,Pinterest,Last Click,80.26,1.0,0.95
ATTR-01876,ORD-01876,CMP-ORGANIC,Social Organic,Direct,49.8,0.8,0.85
ATTR-01877,ORD-01877,CMP-ORGANIC,Direct Traffic,Direct,126.36,0.8,0.85
ATTR-01878,ORD-01878,CMP-2025-02,Influencer,Last Click,222.91,1.0,0.95
ATTR-01879,ORD-01879,CMP-2025-02,Influencer,Last Click,97.32,1.0,0.95
ATTR-01880,ORD-01880,CMP-ORGANIC,Social Organic,Direct,97.32,0.8,0.85
ATTR-01881,ORD-01881,CMP-2025-02,Influencer,Last Click,134.14,1.0,0.95
ATTR-01882,ORD-01882,CMP-ORGANIC,Organic Search,Direct,75.72,0.8,0.85
ATTR-01883,ORD-01883,CMP-ORGANIC,Direct Traffic,Direct,439.56,0.8,0.85
ATTR-01884,ORD-01884,CMP-ORGANIC,Direct Traffic,Direct,43.32,0.8,0.85
ATTR-01885,ORD-01885,CMP-2025-01,Meta Ads,Last Click,98.51,1.0,0.95
ATTR-01886,ORD-01886,CMP-ORGANIC,Direct Traffic,Direct,192.24,0.8,0.85
ATTR-01887,ORD-01887,CMP-ORGANIC,Email Newsletter,Direct,108.12,0.8,0.85
ATTR-01888,ORD-01888,CMP-2025-04,Google Shopping,Last Click,128.74,1.0,0.95
ATTR-01889,ORD-01889,CMP-2025-05,Meta Retargeting,Last Click,136.78,1.0,0.95
ATTR-01890,ORD-01890,CMP-2025-02,Influencer,Last Click,93.7,1.0,0.95
ATTR-01891,ORD-01891,CMP-2025-03,Instagram,Last Click,1399.68,1.0,0.95
ATTR-01892,ORD-01892,CMP-2025-03,Email Marketing,Last Click,461.16,1.0,0.95
ATTR-01893,ORD-01893,CMP-2025-01,Meta Ads,Last Click,582.23,1.0,0.95
ATTR-01894,ORD-01894,CMP-ORGANIC,Social Organic,Direct,112.32,0.8,0.85
ATTR-01895,ORD-01895,CMP-2025-04,YouTube Video Ads,Last Click,80.26,1.0,0.95
ATTR-01896,ORD-01896,CMP-2025-04,Google Shopping,Last Click,113.52,1.0,0.95
ATTR-01897,ORD-01897,CMP-2025-03,Email Marketing,Last Click,111.46,1.0,0.95
ATTR-01898,ORD-01898,CMP-2025-05,SMS,Last Click,97.32,1.0,0.95
ATTR-01899,ORD-01899,CMP-2025-02,Influencer,Last Click,160.92,1.0,0.95
ATTR-01900,ORD-01900,CMP-2025-01,LinkedIn,Last Click,520.51,1.0,0.95
ATTR-01901,ORD-01901,CMP-2025-02,Influencer,Last Click,131.27,1.0,0.95
ATTR-01902,ORD-01902,CMP-2025-03,Pinterest,Last Click,118.42,1.0,0.95
ATTR-01903,ORD-01903,CMP-2025-01,Meta Ads,Last Click,227.23,1.0,0.95
ATTR-01904,ORD-01904,CMP-2025-02,TikTok,Last Click,75.72,1.0,0.95
ATTR-01905,ORD-01905,CMP-2025-03,Pinterest,Last Click,80.26,1.0,0.95
ATTR-01906,ORD-01906,CMP-ORGANIC,Direct Traffic,Direct,108.12,0.8,0.85
ATTR-01907,ORD-01907,CMP-ORGANIC,Social Organic,Direct,160.92,0.8,0.85
ATTR-01908,ORD-01908,CMP-2025-04,Google Shopping,Last Click,520.99,1.0,0.95
ATTR-01909,ORD-01909,CMP-ORGANIC,Email Newsletter,Direct,223.56,0.8,0.85
ATTR-01910,ORD-01910,CMP-2025-05,SMS,Last Click,646.92,1.0,0.95
ATTR-01911,ORD-01911,CMP-2025-02,TikTok,Last Click,54.34,1.0,0.95
ATTR-01912,ORD-01912,CMP-2025-05,Google Remarketing,Last Click,59.63,1.0,0.95
ATTR-01913,ORD-01913,CMP-2025-04,Meta Ads,Last Click,119.23,1.0,0.95
ATTR-01914,ORD-01914,CMP-ORGANIC,Email Newsletter,Direct,97.32,0.8,0.85
ATTR-01915,ORD-01915,CMP-ORGANIC,Email Newsletter,Direct,160.92,0.8,0.85
ATTR-01916,ORD-01916,CMP-ORGANIC,Email Newsletter,Direct,376.92,0.8,0.85
ATTR-01917,ORD-01917,CMP-ORGANIC,Email Newsletter,Direct,732.24,0.8,0.85
ATTR-01918,ORD-01918,CMP-2025-03,Pinterest,Last Click,140.45,1.0,0.95
ATTR-01919,ORD-01919,CMP-2025-01,LinkedIn,Last Click,317.84,1.0,0.95
ATTR-01920,ORD-01920,CMP-ORGANIC,Organic Search,Direct,721.44,0.8,0.85
ATTR-01921,ORD-01921,CMP-2025-05,SMS,Last Click,80.26,1.0,0.95
ATTR-01922,ORD-01922,CMP-ORGANIC,Social Organic,Direct,192.24,0.8,0.85
ATTR-01923,ORD-01923,CMP-2025-05,Google Remarketing,Last Click,192.24,1.0,0.95
ATTR-01924,ORD-01924,CMP-ORGANIC,Organic Search,Direct,467.64,0.8,0.85
ATTR-01925,ORD-01925,CMP-2025-02,TikTok,Last Click,37.06,1.0,0.95
ATTR-01926,ORD-01926,CMP-2025-02,Influencer,Last Click,79.07,1.0,0.95
ATTR-01927,ORD-01927,CMP-2025-05,SMS,Last Click,582.23,1.0,0.95
ATTR-01928,ORD-01928,CMP-ORGANIC,Email Newsletter,Direct,160.92,0.8,0.85
ATTR-01929,ORD-01929,CMP-2025-03,Pinterest,Last Click,86.52,1.0,0.95
ATTR-01930,ORD-01930,CMP-2025-02,Instagram Reels,Last Click,75.34,1.0,0.95
ATTR-01931,ORD-01931,CMP-2025-03,Email Marketing,Last Click,646.27,1.0,0.95
ATTR-01932,ORD-01932,CMP-2025-04,Google Shopping,Last Click,75.72,1.0,0.95
ATTR-01933,ORD-01933,CMP-2025-05,SMS,Last Click,49.8,1.0,0.95
ATTR-01934,ORD-01934,CMP-2025-04,Meta Ads,Last Click,289.66,1.0,0.95
ATTR-01935,ORD-01935,CMP-2025-03,Pinterest,Last Click,113.83,1.0,0.95
ATTR-01936,ORD-01936,CMP-ORGANIC,Social Organic,Direct,139.32,0.8,0.85
ATTR-01937,ORD-01937,CMP-2025-04,YouTube Video Ads,Last Click,134.14,1.0,0.95
ATTR-01938,ORD-01938,CMP-ORGANIC,Email Newsletter,Direct,43.32,0.8,0.85
ATTR-01939,ORD-01939,CMP-2025-04,Meta Ads,Last Click,697.25,1.0,0.95
ATTR-01940,ORD-01940,CMP-ORGANIC,Email Newsletter,Direct,97.32,0.8,0.85
ATTR-01941,ORD-01941,CMP-2025-01,Meta Ads,Last Click,582.23,1.0,0.95
ATTR-01942,ORD-01942,CMP-2025-01,LinkedIn,Last Click,376.92,1.0,0.95
ATTR-01943,ORD-01943,CMP-2025-02,TikTok,Last Click,339.23,1.0,0.95
ATTR-01944,ORD-01944,CMP-ORGANIC,Direct Traffic,Direct,97.32,0.8,0.85
ATTR-01945,ORD-01945,CMP-2025-02,TikTok,Last Click,171.07,1.0,0.95
ATTR-01946,ORD-01946,CMP-2025-01,LinkedIn,Last Click,62.98,1.0,0.95
ATTR-01947,ORD-01947,CMP-ORGANIC,Email Newsletter,Direct,160.92,0.8,0.85
ATTR-01948,ORD-01948,CMP-ORGANIC,Direct Traffic,Direct,97.32,0.8,0.85
ATTR-01949,ORD-01949,CMP-2025-04,YouTube Video Ads,Last Click,96.67,1.0,0.95
ATTR-01950,ORD-01950,CMP-2025-05,SMS,Last Click,283.39,1.0,0.95
ATTR-01951,ORD-01951,CMP-2025-03,Email Marketing,Last Click,66.16,1.0,0.95
ATTR-01952,ORD-01952,CMP-2025-05,Google Remarketing,Last Click,56.98,1.0,0.95
ATTR-01953,ORD-01953,CMP-2025-04,Meta Ads,Last Click,637.63,1.0,0.95
ATTR-01954,ORD-01954,CMP-2025-04,YouTube Video Ads,Last Click,240.19,1.0,0.95
ATTR-01955,ORD-01955,CMP-2025-01,Meta Ads,Last Click,352.51,1.0,0.95
ATTR-01956,ORD-01956,CMP-ORGANIC,Organic Search,Direct,414.72,0.8,0.85
ATTR-01957,ORD-01957,CMP-ORGANIC,Social Organic,Direct,97.32,0.8,0.85
ATTR-01958,ORD-01958,CMP-ORGANIC,Social Organic,Direct,49.8,0.8,0.85
ATTR-01959,ORD-01959,CMP-ORGANIC,Organic Search,Direct,143.64,0.8,0.85
ATTR-01960,ORD-01960,CMP-2025-05,Meta Retargeting,Last Click,646.92,1.0,0.95
ATTR-01961,ORD-01961,CMP-2025-03,Instagram,Last Click,37.06,1.0,0.95
ATTR-01962,ORD-01962,CMP-2025-02,Instagram Reels,Last Click,49.8,1.0,0.95
ATTR-01963,ORD-01963,CMP-2025-05,SMS,Last Click,320.38,1.0,0.95
ATTR-01964,ORD-01964,CMP-ORGANIC,Organic Search,Direct,49.8,0.8,0.85
ATTR-01965,ORD-01965,CMP-2025-02,Influencer,Last Click,339.23,1.0,0.95
ATTR-01966,ORD-01966,CMP-2025-05,SMS,Last Click,56.98,1.0,0.95
ATTR-01967,ORD-01967,CMP-ORGANIC,Email Newsletter,Direct,235.44,0.8,0.85
ATTR-01968,ORD-01968,CMP-2025-02,TikTok,Last Click,339.23,1.0,0.95
ATTR-01969,ORD-01969,CMP-2025-03,Instagram,Last Click,80.26,1.0,0.95
ATTR-01970,ORD-01970,CMP-ORGANIC,Email Newsletter,Direct,376.92,0.8,0.85
ATTR-01971,ORD-01971,CMP-ORGANIC,Social Organic,Direct,138.24,0.8,0.85
ATTR-01972,ORD-01972,CMP-2025-05,SMS,Last Click,86.52,1.0,0.95
ATTR-01973,ORD-01973,CMP-2025-03,Instagram,Last Click,517.54,1.0,0.95
ATTR-01974,ORD-01974,CMP-2025-01,LinkedIn,Last Click,93.7,1.0,0.95
ATTR-01975,ORD-01975,CMP-2025-04,Meta Ads,Last Click,1099.76,1.0,0.95
ATTR-01976,ORD-01976,CMP-ORGANIC,Email Newsletter,Direct,87.6,0.8,0.85
ATTR-01977,ORD-01977,CMP-2025-02,Instagram Reels,Last Click,412.99,1.0,0.95
ATTR-01978,ORD-01978,CMP-2025-05,Meta Retargeting,Last Click,305.69,1.0,0.95
ATTR-01979,ORD-01979,CMP-2025-02,Instagram Reels,Last Click,128.74,1.0,0.95
ATTR-01980,ORD-01980,CMP-ORGANIC,Organic Search,Direct,212.76,0.8,0.85
ATTR-01981,ORD-01981,CMP-2025-03,Email Marketing,Last Click,101.95,1.0,0.95
ATTR-01982,ORD-01982,CMP-ORGANIC,Direct Traffic,Direct,139.32,0.8,0.85
ATTR-01983,ORD-01983,CMP-2025-05,Google Remarketing,Last Click,144.83,1.0,0.95
ATTR-01984,ORD-01984,CMP-2025-04,YouTube Video Ads,Last Click,80.26,1.0,0.95
ATTR-01985,ORD-01985,CMP-2025-03,Email Marketing,Last Click,406.3,1.0,0.95
ATTR-01986,ORD-01986,CMP-ORGANIC,Organic Search,Direct,588.6,0.8,0.85
ATTR-01987,ORD-01987,CMP-2025-04,YouTube Video Ads,Last Click,136.78,1.0,0.95
ATTR-01988,ORD-01988,CMP-2025-02,Influencer,Last Click,603.07,1.0,0.95
ATTR-01989,ORD-01989,CMP-ORGANIC,Direct Traffic,Direct,839.16,0.8,0.85
ATTR-01990,ORD-01990,CMP-2025-03,Pinterest,Last Click,170.64,1.0,0.95
ATTR-01991,ORD-01991,CMP-2025-02,Instagram Reels,Last Click,517.54,1.0,0.95
ATTR-01992,ORD-01992,CMP-ORGANIC,Email Newsletter,Direct,139.32,0.8,0.85
ATTR-01993,ORD-01993,CMP-2025-04,Meta Ads,Last Click,537.84,1.0,0.95
ATTR-01994,ORD-01994,CMP-2025-02,Instagram Reels,Last Click,1035.07,1.0,0.95
ATTR-01995,ORD-01995,CMP-2025-03,Pinterest,Last Click,118.42,1.0,0.95
ATTR-01996,ORD-01996,CMP-2025-03,Instagram,Last Click,40.19,1.0,0.95
ATTR-01997,ORD-01997,CMP-2025-02,Influencer,Last Click,1099.76,1.0,0.95
ATTR-01998,ORD-01998,CMP-2025-05,Google Remarketing,Last Click,65.24,1.0,0.95
ATTR-01999,ORD-01999,CMP-ORGANIC,Organic Search,Direct,49.8,0.8,0.85
ATTR-02000,ORD-02000,CMP-ORGANIC,Email Newsletter,Direct,64.92,0.8,0.85
ATTR-02001,ORD-02001,CMP-2025-02,Instagram Reels,Last Click,255.74,1.0,0.95
ATTR-02002,ORD-02002,CMP-2025-04,YouTube Video Ads,Last Click,128.74,1.0,0.95
ATTR-02003,ORD-02003,CMP-ORGANIC,Email Newsletter,Direct,108.12,0.8,0.85
ATTR-02004,ORD-02004,CMP-ORGANIC,Direct Traffic,Direct,149.04,0.8,0.85
ATTR-02005,ORD-02005,CMP-2025-03,Instagram,Last Click,223.07,1.0,0.95
ATTR-02006,ORD-02006,CMP-2025-03,Email Marketing,Last Click,144.83,1.0,0.95
ATTR-02007,ORD-02007,CMP-2025-03,Instagram,Last Click,160.92,1.0,0.95
ATTR-02008,ORD-02008,CMP-2025-03,Email Marketing,Last Click,59.63,1.0,0.95
ATTR-02009,ORD-02009,CMP-ORGANIC,Organic Search,Direct,376.92,0.8,0.85
ATTR-02010,ORD-02010,CMP-2025-01,LinkedIn,Last Click,230.69,1.0,0.95
ATTR-02011,ORD-02011,CMP-2025-01,LinkedIn,Last Click,101.09,1.0,0.95
ATTR-02012,ORD-02012,CMP-ORGANIC,Organic Search,Direct,266.76,0.8,0.85
ATTR-02013,ORD-02013,CMP-2025-04,YouTube Video Ads,Last Click,84.52,1.0,0.95
ATTR-02014,ORD-02014,CMP-2025-01,Meta Ads,Last Click,97.32,1.0,0.95
ATTR-02015,ORD-02015,CMP-2025-01,Meta Ads,Last Click,582.23,1.0,0.95
ATTR-02016,ORD-02016,CMP-2025-04,Meta Ads,Last Click,139.32,1.0,0.95
ATTR-02017,ORD-02017,CMP-ORGANIC,Organic Search,Direct,49.8,0.8,0.85
ATTR-02018,ORD-02018,CMP-2025-02,Instagram Reels,Last Click,125.39,1.0,0.95
ATTR-02019,ORD-02019,CMP-2025-05,Google Remarketing,Last Click,118.42,1.0,0.95
ATTR-02020,ORD-02020,CMP-2025-05,Google Remarketing,Last Click,84.52,1.0,0.95
ATTR-02021,ORD-02021,CMP-ORGANIC,Direct Traffic,Direct,300.24,0.8,0.85
ATTR-02022,ORD-02022,CMP-2025-05,Google Remarketing,Last Click,88.79,1.0,0.95
ATTR-02023,ORD-02023,CMP-2025-03,Instagram,Last Click,112.44,1.0,0.95
ATTR-02024,ORD-02024,CMP-2025-01,LinkedIn,Last Click,383.72,1.0,0.95
ATTR-02025,ORD-02025,CMP-2025-01,LinkedIn,Last Click,44.13,1.0,0.95
ATTR-02026,ORD-02026,CMP-2025-05,Google Remarketing,Last Click,271.73,1.0,0.95
ATTR-02027,ORD-02027,CMP-2025-02,Instagram Reels,Last Click,49.8,1.0,0.95
ATTR-02028,ORD-02028,CMP-2025-02,Influencer,Last Click,284.04,1.0,0.95
ATTR-02029,ORD-02029,CMP-2025-04,Google Shopping,Last Click,46.02,1.0,0.95
ATTR-02030,ORD-02030,CMP-2025-01,LinkedIn,Last Click,320.38,1.0,0.95
ATTR-02031,ORD-02031,CMP-2025-05,Meta Retargeting,Last Click,46.02,1.0,0.95
ATTR-02032,ORD-02032,CMP-2025-04,Google Shopping,Last Click,429.84,1.0,0.95
ATTR-02033,ORD-02033,CMP-2025-02,Instagram Reels,Last Click,79.07,1.0,0.95
ATTR-02034,ORD-02034,CMP-ORGANIC,Organic Search,Direct,49.8,0.8,0.85
ATTR-02035,ORD-02035,CMP-2025-01,LinkedIn,Last Click,40.19,1.0,0.95
ATTR-02036,ORD-02036,CMP-2025-05,Google Remarketing,Last Click,450.36,1.0,0.95
ATTR-02037,ORD-02037,CMP-2025-02,Influencer,Last Click,603.07,1.0,0.95
ATTR-02038,ORD-02038,CMP-2025-01,LinkedIn,Last Click,144.83,1.0,0.95
ATTR-02039,ORD-02039,CMP-ORGANIC,Social Organic,Direct,75.72,0.8,0.85
ATTR-02040,ORD-02040,CMP-2025-04,YouTube Video Ads,Last Click,88.79,1.0,0.95
ATTR-02041,ORD-02041,CMP-ORGANIC,Direct Traffic,Direct,139.32,0.8,0.85
ATTR-02042,ORD-02042,CMP-2025-01,Google Search,Last Click,822.96,1.0,0.95
ATTR-02043,ORD-02043,CMP-ORGANIC,Email Newsletter,Direct,924.48,0.8,0.85
ATTR-02044,ORD-02044,CMP-2025-04,Google Shopping,Last Click,136.51,1.0,0.95
ATTR-02045,ORD-02045,CMP-2025-02,TikTok,Last Click,62.98,1.0,0.95
ATTR-02046,ORD-02046,CMP-ORGANIC,Organic Search,Direct,234.36,0.8,0.85
ATTR-02047,ORD-02047,CMP-2025-02,TikTok,Last Click,517.54,1.0,0.95
ATTR-02048,ORD-02048,CMP-ORGANIC,Social Organic,Direct,96.24,0.8,0.85
ATTR-02049,ORD-02049,CMP-2025-03,Instagram,Last Click,327.73,1.0,0.95
ATTR-02050,ORD-02050,CMP-ORGANIC,Social Organic,Direct,86.52,0.8,0.85
ATTR-02051,ORD-02051,CMP-2025-01,Meta Ads,Last Click,307.58,1.0,0.95
ATTR-02052,ORD-02052,CMP-2025-05,Meta Retargeting,Last Click,56.98,1.0,0.95
ATTR-02053,ORD-02053,CMP-2025-03,Email Marketing,Last Click,56.98,1.0,0.95
ATTR-02054,ORD-02054,CMP-2025-04,Meta Ads,Last Click,320.38,1.0,0.95
ATTR-02055,ORD-02055,CMP-2025-04,Meta Ads,Last Click,646.92,1.0,0.95
ATTR-02056,ORD-02056,CMP-2025-01,Meta Ads,Last Click,59.63,1.0,0.95
ATTR-02057,ORD-02057,CMP-ORGANIC,Email Newsletter,Direct,86.52,0.8,0.85
ATTR-02058,ORD-02058,CMP-ORGANIC,Organic Search,Direct,64.92,0.8,0.85
ATTR-02059,ORD-02059,CMP-2025-03,Email Marketing,Last Click,125.39,1.0,0.95
ATTR-02060,ORD-02060,CMP-2025-03,Email Marketing,Last Click,79.07,1.0,0.95
ATTR-02061,ORD-02061,CMP-ORGANIC,Social Organic,Direct,97.32,0.8,0.85
ATTR-02062,ORD-02062,CMP-2025-04,Meta Ads,Last Click,713.66,1.0,0.95
ATTR-02063,ORD-02063,CMP-ORGANIC,Email Newsletter,Direct,575.64,0.8,0.85
ATTR-02064,ORD-02064,CMP-2025-05,Google Remarketing,Last Click,170.64,1.0,0.95
ATTR-02065,ORD-02065,CMP-2025-01,Google Search,Last Click,585.79,1.0,0.95
ATTR-02066,ORD-02066,CMP-ORGANIC,Social Organic,Direct,112.32,0.8,0.85
ATTR-02067,ORD-02067,CMP-ORGANIC,Email Newsletter,Direct,127.44,0.8,0.85
ATTR-02068,ORD-02068,CMP-ORGANIC,Organic Search,Direct,160.92,0.8,0.85
ATTR-02069,ORD-02069,CMP-2025-05,SMS,Last Click,128.74,1.0,0.95
ATTR-02070,ORD-02070,CMP-ORGANIC,Social Organic,Direct,1293.84,0.8,0.85
ATTR-02071,ORD-02071,CMP-2025-01,Google Search,Last Click,75.34,1.0,0.95
ATTR-02072,ORD-02072,CMP-2025-03,Email Marketing,Last Click,101.95,1.0,0.95
ATTR-02073,ORD-02073,CMP-2025-01,Google Search,Last Click,74.64,1.0,0.95
ATTR-02074,ORD-02074,CMP-2025-05,SMS,Last Click,250.78,1.0,0.95
ATTR-02075,ORD-02075,CMP-ORGANIC,Social Organic,Direct,86.52,0.8,0.85
ATTR-02076,ORD-02076,CMP-2025-03,Pinterest,Last Click,128.74,1.0,0.95
ATTR-02077,ORD-02077,CMP-ORGANIC,Organic Search,Direct,807.84,0.8,0.85
ATTR-02078,ORD-02078,CMP-2025-04,Meta Ads,Last Click,43.32,1.0,0.95
ATTR-02079,ORD-02079,CMP-ORGANIC,Social Organic,Direct,117.84,0.8,0.85
ATTR-02080,ORD-02080,CMP-ORGANIC,Email Newsletter,Direct,149.04,0.8,0.85
ATTR-02081,ORD-02081,CMP-2025-01,LinkedIn,Last Click,126.68,1.0,0.95
ATTR-02082,ORD-02082,CMP-2025-05,SMS,Last Click,299.81,1.0,0.95
ATTR-02083,ORD-02083,CMP-2025-04,Meta Ads,Last Click,68.38,1.0,0.95
ATTR-02084,ORD-02084,CMP-2025-03,Instagram,Last Click,87.82,1.0,0.95
ATTR-02085,ORD-02085,CMP-2025-05,Google Remarketing,Last Click,707.62,1.0,0.95
ATTR-02086,ORD-02086,CMP-ORGANIC,Social Organic,Direct,139.32,0.8,0.85
ATTR-02087,ORD-02087,CMP-2025-01,Meta Ads,Last Click,64.92,1.0,0.95
ATTR-02088,ORD-02088,CMP-2025-02,TikTok,Last Click,37.06,1.0,0.95
ATTR-02089,ORD-02089,CMP-ORGANIC,Direct Traffic,Direct,64.92,0.8,0.85
ATTR-02090,ORD-02090,CMP-2025-05,Meta Retargeting,Last Click,191.48,1.0,0.95
ATTR-02091,ORD-02091,CMP-2025-04,Google Shopping,Last Click,179.71,1.0,0.95
ATTR-02092,ORD-02092,CMP-2025-01,LinkedIn,Last Click,80.26,1.0,0.95
ATTR-02093,ORD-02093,CMP-2025-01,Google Search,Last Click,1163.81,1.0,0.95
ATTR-02094,ORD-02094,CMP-2025-02,Instagram Reels,Last Click,153.58,1.0,0.95
ATTR-02095,ORD-02095,CMP-2025-01,Google Search,Last Click,668.3,1.0,0.95
ATTR-02096,ORD-02096,CMP-2025-03,Pinterest,Last Click,339.23,1.0,0.95
ATTR-02097,ORD-02097,CMP-ORGANIC,Organic Search,Direct,235.44,0.8,0.85
ATTR-02098,ORD-02098,CMP-2025-04,Meta Ads,Last Click,365.47,1.0,0.95
ATTR-02099,ORD-02099,CMP-2025-02,TikTok,Last Click,378.43,1.0,0.95
ATTR-02100,ORD-02100,CMP-2025-05,SMS,Last Click,517.54,1.0,0.95
ATTR-02101,ORD-02101,CMP-2025-02,TikTok,Last Click,93.65,1.0,0.95
ATTR-02102,ORD-02102,CMP-2025-04,Meta Ads,Last Click,49.8,1.0,0.95
ATTR-02103,ORD-02103,CMP-2025-04,YouTube Video Ads,Last Click,143.64,1.0,0.95
ATTR-02104,ORD-02104,CMP-ORGANIC,Email Newsletter,Direct,49.8,0.8,0.85
ATTR-02105,ORD-02105,CMP-2025-03,Pinterest,Last Click,484.06,1.0,0.95
ATTR-02106,ORD-02106,CMP-2025-02,TikTok,Last Click,54.34,1.0,0.95
ATTR-02107,ORD-02107,CMP-2025-05,SMS,Last Click,107.26,1.0,0.95
ATTR-02108,ORD-02108,CMP-2025-05,SMS,Last Click,46.02,1.0,0.95
ATTR-02109,ORD-02109,CMP-2025-03,Instagram,Last Click,37.06,1.0,0.95
ATTR-02110,ORD-02110,CMP-ORGANIC,Organic Search,Direct,139.32,0.8,0.85
ATTR-02111,ORD-02111,CMP-2025-01,Google Search,Last Click,71.62,1.0,0.95
ATTR-02112,ORD-02112,CMP-ORGANIC,Email Newsletter,Direct,43.32,0.8,0.85
ATTR-02113,ORD-02113,CMP-ORGANIC,Social Organic,Direct,321.84,0.8,0.85
ATTR-02114,ORD-02114,CMP-2025-01,LinkedIn,Last Click,107.14,1.0,0.95
ATTR-02115,ORD-02115,CMP-2025-03,Pinterest,Last Click,93.7,1.0,0.95
ATTR-02116,ORD-02116,CMP-ORGANIC,Social Organic,Direct,49.8,0.8,0.85
ATTR-02117,ORD-02117,CMP-2025-01,Meta Ads,Last Click,160.92,1.0,0.95
ATTR-02118,ORD-02118,CMP-2025-04,YouTube Video Ads,Last Click,46.02,1.0,0.95
ATTR-02119,ORD-02119,CMP-ORGANIC,Email Newsletter,Direct,64.92,0.8,0.85
ATTR-02120,ORD-02120,CMP-ORGANIC,Email Newsletter,Direct,108.12,0.8,0.85
ATTR-02121,ORD-02121,CMP-2025-04,Meta Ads,Last Click,549.88,1.0,0.95
ATTR-02122,ORD-02122,CMP-2025-04,Google Shopping,Last Click,56.98,1.0,0.95
ATTR-02123,ORD-02123,CMP-ORGANIC,Direct Traffic,Direct,116.64,0.8,0.85
ATTR-02124,ORD-02124,CMP-2025-04,YouTube Video Ads,Last Click,235.93,1.0,0.95
ATTR-02125,ORD-02125,CMP-2025-05,Google Remarketing,Last Click,66.16,1.0,0.95
ATTR-02126,ORD-02126,CMP-2025-05,Google Remarketing,Last Click,149.04,1.0,0.95
ATTR-02127,ORD-02127,CMP-2025-05,Google Remarketing,Last Click,301.54,1.0,0.95
ATTR-02128,ORD-02128,CMP-ORGANIC,Email Newsletter,Direct,43.32,0.8,0.85
ATTR-02129,ORD-02129,CMP-2025-03,Pinterest,Last Click,93.31,1.0,0.95
ATTR-02130,ORD-02130,CMP-ORGANIC,Direct Traffic,Direct,97.32,0.8,0.85
ATTR-02131,ORD-02131,CMP-2025-05,Meta Retargeting,Last Click,88.9,1.0,0.95
ATTR-02132,ORD-02132,CMP-2025-01,Meta Ads,Last Click,786.24,1.0,0.95
ATTR-02133,ORD-02133,CMP-2025-01,Google Search,Last Click,86.52,1.0,0.95
ATTR-02134,ORD-02134,CMP-2025-01,Google Search,Last Click,139.32,1.0,0.95
ATTR-02135,ORD-02135,CMP-2025-02,Instagram Reels,Last Click,88.9,1.0,0.95
ATTR-02136,ORD-02136,CMP-ORGANIC,Email Newsletter,Direct,806.76,0.8,0.85
ATTR-02137,ORD-02137,CMP-2025-03,Pinterest,Last Click,98.51,1.0,0.95
ATTR-02138,ORD-02138,CMP-2025-04,Meta Ads,Last Click,97.32,1.0,0.95
ATTR-02139,ORD-02139,CMP-2025-04,YouTube Video Ads,Last Click,549.88,1.0,0.95
ATTR-02140,ORD-02140,CMP-ORGANIC,Organic Search,Direct,817.56,0.8,0.85
ATTR-02141,ORD-02141,CMP-2025-05,Google Remarketing,Last Click,56.98,1.0,0.95
ATTR-02142,ORD-02142,CMP-2025-01,LinkedIn,Last Click,62.98,1.0,0.95
ATTR-02143,ORD-02143,CMP-2025-01,LinkedIn,Last Click,144.83,1.0,0.95
ATTR-02144,ORD-02144,CMP-ORGANIC,Social Organic,Direct,64.92,0.8,0.85
ATTR-02145,ORD-02145,CMP-2025-05,Meta Retargeting,Last Click,93.7,1.0,0.95
ATTR-02146,ORD-02146,CMP-ORGANIC,Social Organic,Direct,1293.84,0.8,0.85
ATTR-02147,ORD-02147,CMP-2025-01,Google Search,Last Click,80.26,1.0,0.95
ATTR-02148,ORD-02148,CMP-2025-04,Meta Ads,Last Click,300.24,1.0,0.95
ATTR-02149,ORD-02149,CMP-ORGANIC,Social Organic,Direct,288.36,0.8,0.85
ATTR-02150,ORD-02150,CMP-2025-01,Meta Ads,Last Click,46.02,1.0,0.95
ATTR-02151,ORD-02151,CMP-2025-02,Influencer,Last Click,158.76,1.0,0.95
ATTR-02152,ORD-02152,CMP-ORGANIC,Social Organic,Direct,170.64,0.8,0.85
ATTR-02153,ORD-02153,CMP-ORGANIC,Organic Search,Direct,414.72,0.8,0.85
ATTR-02154,ORD-02154,CMP-2025-03,Email Marketing,Last Click,376.92,1.0,0.95
ATTR-02155,ORD-02155,CMP-ORGANIC,Organic Search,Direct,86.52,0.8,0.85
ATTR-02156,ORD-02156,CMP-ORGANIC,Email Newsletter,Direct,408.24,0.8,0.85
ATTR-02157,ORD-02157,CMP-2025-05,Google Remarketing,Last Click,170.64,1.0,0.95
ATTR-02158,ORD-02158,CMP-2025-03,Email Marketing,Last Click,104.98,1.0,0.95
ATTR-02159,ORD-02159,CMP-ORGANIC,Organic Search,Direct,160.92,0.8,0.85
ATTR-02160,ORD-02160,CMP-2025-02,Influencer,Last Click,80.26,1.0,0.95
ATTR-02161,ORD-02161,CMP-2025-02,Influencer,Last Click,118.42,1.0,0.95
ATTR-02162,ORD-02162,CMP-2025-04,Meta Ads,Last Click,42.24,1.0,0.95
ATTR-02163,ORD-02163,CMP-2025-04,YouTube Video Ads,Last Click,477.36,1.0,0.95
ATTR-02164,ORD-02164,CMP-ORGANIC,Email Newsletter,Direct,108.12,0.8,0.85
ATTR-02165,ORD-02165,CMP-2025-04,YouTube Video Ads,Last Click,216.76,1.0,0.95
ATTR-02166,ORD-02166,CMP-ORGANIC,Organic Search,Direct,97.32,0.8,0.85
ATTR-02167,ORD-02167,CMP-ORGANIC,Direct Traffic,Direct,86.52,0.8,0.85
ATTR-02168,ORD-02168,CMP-2025-03,Instagram,Last Click,84.52,1.0,0.95
ATTR-02169,ORD-02169,CMP-ORGANIC,Organic Search,Direct,646.92,0.8,0.85
ATTR-02170,ORD-02170,CMP-2025-03,Instagram,Last Click,376.92,1.0,0.95
ATTR-02171,ORD-02171,CMP-2025-04,YouTube Video Ads,Last Click,255.96,1.0,0.95
ATTR-02172,ORD-02172,CMP-2025-02,Instagram Reels,Last Click,473.04,1.0,0.95
ATTR-02173,ORD-02173,CMP-ORGANIC,Email Newsletter,Direct,86.52,0.8,0.85
ATTR-02174,ORD-02174,CMP-2025-04,YouTube Video Ads,Last Click,727.06,1.0,0.95
ATTR-02175,ORD-02175,CMP-2025-04,YouTube Video Ads,Last Click,368.93,1.0,0.95
ATTR-02176,ORD-02176,CMP-ORGANIC,Social Organic,Direct,255.96,0.8,0.85
ATTR-02177,ORD-02177,CMP-2025-03,Instagram,Last Click,59.63,1.0,0.95
ATTR-02178,ORD-02178,CMP-ORGANIC,Direct Traffic,Direct,86.52,0.8,0.85
ATTR-02179,ORD-02179,CMP-2025-02,TikTok,Last Click,81.12,1.0,0.95
ATTR-02180,ORD-02180,CMP-2025-02,Instagram Reels,Last Click,54.34,1.0,0.95
ATTR-02181,ORD-02181,CMP-2025-03,Email Marketing,Last Click,125.39,1.0,0.95
ATTR-02182,ORD-02182,CMP-2025-04,YouTube Video Ads,Last Click,107.04,1.0,0.95
ATTR-02183,ORD-02183,CMP-2025-01,Google Search,Last Click,339.23,1.0,0.95
ATTR-02184,ORD-02184,CMP-2025-01,Google Search,Last Click,451.44,1.0,0.95
ATTR-02185,ORD-02185,CMP-2025-04,Google Shopping,Last Click,80.26,1.0,0.95
ATTR-02186,ORD-02186,CMP-2025-04,Meta Ads,Last Click,80.26,1.0,0.95
ATTR-02187,ORD-02187,CMP-ORGANIC,Social Organic,Direct,192.24,0.8,0.85
ATTR-02188,ORD-02188,CMP-ORGANIC,Email Newsletter,Direct,376.92,0.8,0.85
ATTR-02189,ORD-02189,CMP-ORGANIC,Direct Traffic,Direct,97.32,0.8,0.85
ATTR-02190,ORD-02190,CMP-ORGANIC,Social Organic,Direct,414.72,0.8,0.85
ATTR-02191,ORD-02191,CMP-ORGANIC,Email Newsletter,Direct,117.84,0.8,0.85
ATTR-02192,ORD-02192,CMP-2025-05,SMS,Last Click,88.9,1.0,0.95
ATTR-02193,ORD-02193,CMP-2025-01,Meta Ads,Last Click,136.78,1.0,0.95
ATTR-02194,ORD-02194,CMP-2025-04,Google Shopping,Last Click,678.46,1.0,0.95
ATTR-02195,ORD-02195,CMP-2025-03,Pinterest,Last Click,577.15,1.0,0.95
ATTR-02196,ORD-02196,CMP-ORGANIC,Organic Search,Direct,75.72,0.8,0.85
ATTR-02197,ORD-02197,CMP-2025-05,Meta Retargeting,Last Click,74.21,1.0,0.95
ATTR-02198,ORD-02198,CMP-2025-05,SMS,Last Click,202.18,1.0,0.95
ATTR-02199,ORD-02199,CMP-2025-01,Google Search,Last Click,139.32,1.0,0.95
ATTR-02200,ORD-02200,CMP-2025-04,Google Shopping,Last Click,98.51,1.0,0.95
ATTR-02201,ORD-02201,CMP-2025-03,Pinterest,Last Click,234.36,1.0,0.95
ATTR-02202,ORD-02202,CMP-2025-04,Meta Ads,Last Click,1345.68,1.0,0.95
ATTR-02203,ORD-02203,CMP-ORGANIC,Direct Traffic,Direct,186.84,0.8,0.85
ATTR-02204,ORD-02204,CMP-ORGANIC,Social Organic,Direct,81.12,0.8,0.85
ATTR-02205,ORD-02205,CMP-2025-05,SMS,Last Click,378.43,1.0,0.95
ATTR-02206,ORD-02206,CMP-2025-02,Instagram Reels,Last Click,66.16,1.0,0.95
ATTR-02207,ORD-02207,CMP-2025-05,Meta Retargeting,Last Click,828.36,1.0,0.95
ATTR-02208,ORD-02208,CMP-2025-05,SMS,Last Click,71.62,1.0,0.95
ATTR-02209,ORD-02209,CMP-2025-05,Google Remarketing,Last Click,646.92,1.0,0.95
ATTR-02210,ORD-02210,CMP-2025-01,LinkedIn,Last Click,259.52,1.0,0.95
ATTR-02211,ORD-02211,CMP-2025-05,Meta Retargeting,Last Click,263.47,1.0,0.95
ATTR-02212,ORD-02212,CMP-ORGANIC,Organic Search,Direct,75.72,0.8,0.85
ATTR-02213,ORD-02213,CMP-2025-05,SMS,Last Click,75.72,1.0,0.95
ATTR-02214,ORD-02214,CMP-2025-01,Meta Ads,Last Click,202.18,1.0,0.95
ATTR-02215,ORD-02215,CMP-2025-04,Google Shopping,Last Click,217.57,1.0,0.95
ATTR-02216,ORD-02216,CMP-ORGANIC,Direct Traffic,Direct,75.72,0.8,0.85
ATTR-02217,ORD-02217,CMP-2025-03,Pinterest,Last Click,69.35,1.0,0.95
ATTR-02218,ORD-02218,CMP-ORGANIC,Email Newsletter,Direct,139.32,0.8,0.85
ATTR-02219,ORD-02219,CMP-ORGANIC,Email Newsletter,Direct,43.32,0.8,0.85
ATTR-02220,ORD-02220,CMP-2025-03,Email Marketing,Last Click,210.92,1.0,0.95
ATTR-02221,ORD-02221,CMP-2025-04,Google Shopping,Last Click,62.98,1.0,0.95
ATTR-02222,ORD-02222,CMP-ORGANIC,Email Newsletter,Direct,159.84,0.8,0.85
ATTR-02223,ORD-02223,CMP-2025-03,Email Marketing,Last Click,437.89,1.0,0.95
ATTR-02224,ORD-02224,CMP-ORGANIC,Organic Search,Direct,235.44,0.8,0.85
ATTR-02225,ORD-02225,CMP-2025-05,SMS,Last Click,54.34,1.0,0.95
ATTR-02226,ORD-02226,CMP-ORGANIC,Social Organic,Direct,646.92,0.8,0.85
ATTR-02227,ORD-02227,CMP-2025-01,Meta Ads,Last Click,38.62,1.0,0.95
ATTR-02228,ORD-02228,CMP-2025-02,TikTok,Last Click,139.32,1.0,0.95
ATTR-02229,ORD-02229,CMP-ORGANIC,Direct Traffic,Direct,1293.84,0.8,0.85
ATTR-02230,ORD-02230,CMP-2025-01,Meta Ads,Last Click,659.02,1.0,0.95
ATTR-02231,ORD-02231,CMP-2025-02,Influencer,Last Click,93.7,1.0,0.95
ATTR-02232,ORD-02232,CMP-2025-04,Google Shopping,Last Click,1212.08,1.0,0.95
ATTR-02233,ORD-02233,CMP-2025-05,Meta Retargeting,Last Click,549.88,1.0,0.95
ATTR-02234,ORD-02234,CMP-2025-01,LinkedIn,Last Click,646.92,1.0,0.95
ATTR-02235,ORD-02235,CMP-2025-03,Pinterest,Last Click,46.02,1.0,0.95
ATTR-02236,ORD-02236,CMP-ORGANIC,Organic Search,Direct,192.24,0.8,0.85
ATTR-02237,ORD-02237,CMP-ORGANIC,Email Newsletter,Direct,192.24,0.8,0.85
ATTR-02238,ORD-02238,CMP-ORGANIC,Direct Traffic,Direct,160.92,0.8,0.85
ATTR-02239,ORD-02239,CMP-ORGANIC,Social Organic,Direct,75.72,0.8,0.85
ATTR-02240,ORD-02240,CMP-2025-05,SMS,Last Click,64.92,1.0,0.95
ATTR-02241,ORD-02241,CMP-2025-02,Instagram Reels,Last Click,84.52,1.0,0.95
ATTR-02242,ORD-02242,CMP-2025-02,Instagram Reels,Last Click,756.0,1.0,0.95
ATTR-02243,ORD-02243,CMP-2025-01,LinkedIn,Last Click,549.88,1.0,0.95
ATTR-02244,ORD-02244,CMP-2025-04,YouTube Video Ads,Last Click,124.42,1.0,0.95
ATTR-02245,ORD-02245,CMP-2025-05,Meta Retargeting,Last Click,97.32,1.0,0.95
ATTR-02246,ORD-02246,CMP-ORGANIC,Email Newsletter,Direct,646.92,0.8,0.85
ATTR-02247,ORD-02247,CMP-2025-04,YouTube Video Ads,Last Click,230.69,1.0,0.95
ATTR-02248,ORD-02248,CMP-ORGANIC,Social Organic,Direct,752.76,0.8,0.85
ATTR-02249,ORD-02249,CMP-2025-02,Instagram Reels,Last Click,84.52,1.0,0.95
ATTR-02250,ORD-02250,CMP-2025-05,SMS,Last Click,108.12,1.0,0.95
ATTR-02251,ORD-02251,CMP-2025-05,Meta Retargeting,Last Click,88.79,1.0,0.95
ATTR-02252,ORD-02252,CMP-2025-04,Meta Ads,Last Click,97.32,1.0,0.95
ATTR-02253,ORD-02253,CMP-2025-01,Google Search,Last Click,320.38,1.0,0.95
ATTR-02254,ORD-02254,CMP-2025-03,Email Marketing,Last Click,43.32,1.0,0.95
ATTR-02255,ORD-02255,CMP-ORGANIC,Organic Search,Direct,376.92,0.8,0.85
ATTR-02256,ORD-02256,CMP-2025-01,LinkedIn,Last Click,66.16,1.0,0.95
ATTR-02257,ORD-02257,CMP-ORGANIC,Email Newsletter,Direct,201.96,0.8,0.85
ATTR-02258,ORD-02258,CMP-2025-03,Instagram,Last Click,301.54,1.0,0.95
ATTR-02259,ORD-02259,CMP-ORGANIC,Direct Traffic,Direct,149.04,0.8,0.85
ATTR-02260,ORD-02260,CMP-ORGANIC,Social Organic,Direct,97.32,0.8,0.85
ATTR-02261,ORD-02261,CMP-2025-05,SMS,Last Click,704.11,1.0,0.95
ATTR-02262,ORD-02262,CMP-2025-05,Meta Retargeting,Last Click,622.4,1.0,0.95
ATTR-02263,ORD-02263,CMP-ORGANIC,Organic Search,Direct,160.92,0.8,0.85
ATTR-02264,ORD-02264,CMP-2025-03,Email Marketing,Last Click,118.42,1.0,0.95
ATTR-02265,ORD-02265,CMP-ORGANIC,Direct Traffic,Direct,43.32,0.8,0.85
ATTR-02266,ORD-02266,CMP-2025-02,Instagram Reels,Last Click,80.26,1.0,0.95
ATTR-02267,ORD-02267,CMP-ORGANIC,Direct Traffic,Direct,64.92,0.8,0.85
ATTR-02268,ORD-02268,CMP-2025-02,Influencer,Last Click,159.84,1.0,0.95
ATTR-02269,ORD-02269,CMP-2025-03,Email Marketing,Last Click,75.34,1.0,0.95
ATTR-02270,ORD-02270,CMP-2025-04,Google Shopping,Last Click,443.23,1.0,0.95
ATTR-02271,ORD-02271,CMP-2025-03,Instagram,Last Click,1035.07,1.0,0.95
ATTR-02272,ORD-02272,CMP-2025-05,Google Remarketing,Last Click,289.66,1.0,0.95
ATTR-02273,ORD-02273,CMP-2025-04,Meta Ads,Last Click,210.92,1.0,0.95
ATTR-02274,ORD-02274,CMP-2025-01,Google Search,Last Click,180.85,1.0,0.95
ATTR-02275,ORD-02275,CMP-ORGANIC,Email Newsletter,Direct,282.96,0.8,0.85
ATTR-02276,ORD-02276,CMP-2025-01,LinkedIn,Last Click,64.92,1.0,0.95
ATTR-02277,ORD-02277,CMP-2025-01,Meta Ads,Last Click,136.51,1.0,0.95
ATTR-02278,ORD-02278,CMP-2025-02,Influencer,Last Click,88.9,1.0,0.95
ATTR-02279,ORD-02279,CMP-ORGANIC,Direct Traffic,Direct,102.72,0.8,0.85
ATTR-02280,ORD-02280,CMP-ORGANIC,Organic Search,Direct,97.32,0.8,0.85
ATTR-02281,ORD-02281,CMP-2025-01,Google Search,Last Click,160.92,1.0,0.95
ATTR-02282,ORD-02282,CMP-2025-02,Influencer,Last Click,153.79,1.0,0.95
ATTR-02283,ORD-02283,CMP-2025-01,Meta Ads,Last Click,114.7,1.0,0.95
ATTR-02284,ORD-02284,CMP-2025-05,Google Remarketing,Last Click,465.43,1.0,0.95
ATTR-02285,ORD-02285,CMP-ORGANIC,Social Organic,Direct,376.92,0.8,0.85
ATTR-02286,ORD-02286,CMP-ORGANIC,Social Organic,Direct,160.92,0.8,0.85
ATTR-02287,ORD-02287,CMP-2025-01,LinkedIn,Last Click,42.24,1.0,0.95
ATTR-02288,ORD-02288,CMP-2025-04,YouTube Video Ads,Last Click,301.54,1.0,0.95
ATTR-02289,ORD-02289,CMP-ORGANIC,Direct Traffic,Direct,43.32,0.8,0.85
ATTR-02290,ORD-02290,CMP-2025-03,Pinterest,Last Click,84.52,1.0,0.95
ATTR-02291,ORD-02291,CMP-2025-03,Email Marketing,Last Click,44.13,1.0,0.95
ATTR-02292,ORD-02292,CMP-ORGANIC,Organic Search,Direct,384.48,0.8,0.85
ATTR-02293,ORD-02293,CMP-2025-01,Meta Ads,Last Click,144.83,1.0,0.95
ATTR-02294,ORD-02294,CMP-2025-04,Meta Ads,Last Click,66.16,1.0,0.95
ATTR-02295,ORD-02295,CMP-ORGANIC,Organic Search,Direct,86.52,0.8,0.85
ATTR-02296,ORD-02296,CMP-ORGANIC,Direct Traffic,Direct,86.52,0.8,0.85
ATTR-02297,ORD-02297,CMP-2025-03,Email Marketing,Last Click,145.15,1.0,0.95
ATTR-02298,ORD-02298,CMP-2025-01,Google Search,Last Click,54.34,1.0,0.95
ATTR-02299,ORD-02299,CMP-2025-03,Pinterest,Last Click,250.78,1.0,0.95
ATTR-02300,ORD-02300,CMP-2025-04,Google Shopping,Last Click,79.07,1.0,0.95
ATTR-02301,ORD-02301,CMP-2025-02,Influencer,Last Click,86.52,1.0,0.95
ATTR-02302,ORD-02302,CMP-2025-02,Influencer,Last Click,145.04,1.0,0.95
ATTR-02303,ORD-02303,CMP-ORGANIC,Organic Search,Direct,170.64,0.8,0.85
ATTR-02304,ORD-02304,CMP-2025-05,Google Remarketing,Last Click,349.92,1.0,0.95
ATTR-02305,ORD-02305,CMP-2025-04,YouTube Video Ads,Last Click,235.44,1.0,0.95
ATTR-02306,ORD-02306,CMP-2025-05,Google Remarketing,Last Click,97.32,1.0,0.95
ATTR-02307,ORD-02307,CMP-2025-04,Google Shopping,Last Click,139.32,1.0,0.95
ATTR-02308,ORD-02308,CMP-ORGANIC,Direct Traffic,Direct,97.32,0.8,0.85
ATTR-02309,ORD-02309,CMP-ORGANIC,Direct Traffic,Direct,646.92,0.8,0.85
ATTR-02310,ORD-02310,CMP-ORGANIC,Direct Traffic,Direct,97.32,0.8,0.85
ATTR-02311,ORD-02311,CMP-2025-05,Google Remarketing,Last Click,201.2,1.0,0.95
ATTR-02312,ORD-02312,CMP-2025-02,TikTok,Last Click,98.51,1.0,0.95
ATTR-02313,ORD-02313,CMP-2025-03,Instagram,Last Click,88.9,1.0,0.95
ATTR-02314,ORD-02314,CMP-2025-01,Meta Ads,Last Click,80.26,1.0,0.95
ATTR-02315,ORD-02315,CMP-ORGANIC,Email Newsletter,Direct,75.72,0.8,0.85
ATTR-02316,ORD-02316,CMP-2025-03,Instagram,Last Click,208.44,1.0,0.95
ATTR-02317,ORD-02317,CMP-2025-03,Instagram,Last Click,37.06,1.0,0.95
ATTR-02318,ORD-02318,CMP-ORGANIC,Direct Traffic,Direct,352.08,0.8,0.85
ATTR-02319,ORD-02319,CMP-2025-03,Email Marketing,Last Click,221.18,1.0,0.95
ATTR-02320,ORD-02320,CMP-2025-01,Google Search,Last Click,339.23,1.0,0.95
ATTR-02321,ORD-02321,CMP-2025-02,Instagram Reels,Last Click,84.52,1.0,0.95
ATTR-02322,ORD-02322,CMP-2025-02,TikTok,Last Click,414.72,1.0,0.95
ATTR-02323,ORD-02323,CMP-2025-05,Google Remarketing,Last Click,88.79,1.0,0.95
ATTR-02324,ORD-02324,CMP-2025-02,Instagram Reels,Last Click,159.84,1.0,0.95
ATTR-02325,ORD-02325,CMP-2025-05,Google Remarketing,Last Click,153.58,1.0,0.95
ATTR-02326,ORD-02326,CMP-ORGANIC,Social Organic,Direct,376.92,0.8,0.85
ATTR-02327,ORD-02327,CMP-ORGANIC,Direct Traffic,Direct,123.12,0.8,0.85
ATTR-02328,ORD-02328,CMP-2025-05,Google Remarketing,Last Click,97.32,1.0,0.95
ATTR-02329,ORD-02329,CMP-ORGANIC,Direct Traffic,Direct,64.92,0.8,0.85
ATTR-02330,ORD-02330,CMP-2025-03,Email Marketing,Last Click,43.32,1.0,0.95
ATTR-02331,ORD-02331,CMP-2025-04,Google Shopping,Last Click,86.52,1.0,0.95
ATTR-02332,ORD-02332,CMP-2025-03,Instagram,Last Click,163.4,1.0,0.95
ATTR-02333,ORD-02333,CMP-2025-04,Google Shopping,Last Click,86.52,1.0,0.95
ATTR-02334,ORD-02334,CMP-2025-03,Pinterest,Last Click,339.23,1.0,0.95
ATTR-02335,ORD-02335,CMP-2025-02,Instagram Reels,Last Click,429.84,1.0,0.95
ATTR-02336,ORD-02336,CMP-2025-05,Meta Retargeting,Last Click,376.92,1.0,0.95
ATTR-02337,ORD-02337,CMP-2025-04,Meta Ads,Last Click,291.17,1.0,0.95
ATTR-02338,ORD-02338,CMP-ORGANIC,Organic Search,Direct,224.64,0.8,0.85
ATTR-02339,ORD-02339,CMP-2025-03,Pinterest,Last Click,179.71,1.0,0.95
ATTR-02340,ORD-02340,CMP-2025-03,Email Marketing,Last Click,110.81,1.0,0.95
ATTR-02341,ORD-02341,CMP-2025-01,Google Search,Last Click,54.34,1.0,0.95
ATTR-02342,ORD-02342,CMP-ORGANIC,Direct Traffic,Direct,97.32,0.8,0.85
ATTR-02343,ORD-02343,CMP-ORGANIC,Email Newsletter,Direct,43.32,0.8,0.85
ATTR-02344,ORD-02344,CMP-ORGANIC,Email Newsletter,Direct,127.44,0.8,0.85
ATTR-02345,ORD-02345,CMP-2025-05,SMS,Last Click,110.81,1.0,0.95
ATTR-02346,ORD-02346,CMP-2025-05,Meta Retargeting,Last Click,160.92,1.0,0.95
ATTR-02347,ORD-02347,CMP-2025-04,YouTube Video Ads,Last Click,128.74,1.0,0.95
ATTR-02348,ORD-02348,CMP-2025-05,SMS,Last Click,97.32,1.0,0.95
ATTR-02349,ORD-02349,CMP-2025-02,Influencer,Last Click,111.46,1.0,0.95
ATTR-02350,ORD-02350,CMP-2025-03,Email Marketing,Last Click,646.27,1.0,0.95
ATTR-02351,ORD-02351,CMP-2025-01,LinkedIn,Last Click,153.58,1.0,0.95
ATTR-02352,ORD-02352,CMP-ORGANIC,Direct Traffic,Direct,160.92,0.8,0.85
ATTR-02353,ORD-02353,CMP-2025-01,Google Search,Last Click,170.64,1.0,0.95
ATTR-02354,ORD-02354,CMP-2025-03,Email Marketing,Last Click,44.13,1.0,0.95
ATTR-02355,ORD-02355,CMP-ORGANIC,Email Newsletter,Direct,462.24,0.8,0.85
ATTR-02356,ORD-02356,CMP-2025-02,Instagram Reels,Last Click,108.12,1.0,0.95
ATTR-02357,ORD-02357,CMP-2025-04,YouTube Video Ads,Last Click,66.16,1.0,0.95
ATTR-02358,ORD-02358,CMP-2025-02,Influencer,Last Click,98.29,1.0,0.95
ATTR-02359,ORD-02359,CMP-2025-01,Google Search,Last Click,604.04,1.0,0.95
ATTR-02360,ORD-02360,CMP-2025-03,Pinterest,Last Click,86.52,1.0,0.95
ATTR-02361,ORD-02361,CMP-ORGANIC,Social Organic,Direct,64.92,0.8,0.85
ATTR-02362,ORD-02362,CMP-2025-03,Pinterest,Last Click,646.92,1.0,0.95
ATTR-02363,ORD-02363,CMP-2025-05,SMS,Last Click,173.02,1.0,0.95
ATTR-02364,ORD-02364,CMP-2025-03,Email Marketing,Last Click,331.78,1.0,0.95
ATTR-02365,ORD-02365,CMP-ORGANIC,Social Organic,Direct,49.8,0.8,0.85
ATTR-02366,ORD-02366,CMP-2025-02,Instagram Reels,Last Click,191.16,1.0,0.95
ATTR-02367,ORD-02367,CMP-ORGANIC,Social Organic,Direct,246.24,0.8,0.85
ATTR-02368,ORD-02368,CMP-2025-01,LinkedIn,Last Click,86.52,1.0,0.95
ATTR-02369,ORD-02369,CMP-ORGANIC,Organic Search,Direct,786.24,0.8,0.85
ATTR-02370,ORD-02370,CMP-2025-01,LinkedIn,Last Click,125.39,1.0,0.95
ATTR-02371,ORD-02371,CMP-2025-01,Meta Ads,Last Click,44.13,1.0,0.95
ATTR-02372,ORD-02372,CMP-2025-05,SMS,Last Click,86.52,1.0,0.95
ATTR-02373,ORD-02373,CMP-ORGANIC,Organic Search,Direct,49.8,0.8,0.85
ATTR-02374,ORD-02374,CMP-2025-01,Google Search,Last Click,301.54,1.0,0.95
ATTR-02375,ORD-02375,CMP-2025-04,Meta Ads,Last Click,99.14,1.0,0.95
ATTR-02376,ORD-02376,CMP-ORGANIC,Direct Traffic,Direct,170.64,0.8,0.85
ATTR-02377,ORD-02377,CMP-2025-02,Influencer,Last Click,376.92,1.0,0.95
ATTR-02378,ORD-02378,CMP-ORGANIC,Email Newsletter,Direct,330.48,0.8,0.85
ATTR-02379,ORD-02379,CMP-2025-01,LinkedIn,Last Click,75.72,1.0,0.95
ATTR-02380,ORD-02380,CMP-2025-05,Google Remarketing,Last Click,37.06,1.0,0.95
ATTR-02381,ORD-02381,CMP-2025-03,Pinterest,Last Click,75.72,1.0,0.95
ATTR-02382,ORD-02382,CMP-2025-04,YouTube Video Ads,Last Click,246.02,1.0,0.95
ATTR-02383,ORD-02383,CMP-ORGANIC,Organic Search,Direct,473.04,0.8,0.85
ATTR-02384,ORD-02384,CMP-2025-03,Pinterest,Last Click,170.64,1.0,0.95
ATTR-02385,ORD-02385,CMP-2025-03,Email Marketing,Last Click,339.23,1.0,0.95
ATTR-02386,ORD-02386,CMP-ORGANIC,Social Organic,Direct,43.32,0.8,0.85
ATTR-02387,ORD-02387,CMP-ORGANIC,Organic Search,Direct,160.92,0.8,0.85
ATTR-02388,ORD-02388,CMP-2025-05,SMS,Last Click,265.25,1.0,0.95
ATTR-02389,ORD-02389,CMP-ORGANIC,Email Newsletter,Direct,235.44,0.8,0.85
ATTR-02390,ORD-02390,CMP-ORGANIC,Social Organic,Direct,684.72,0.8,0.85
ATTR-02391,ORD-02391,CMP-ORGANIC,Email Newsletter,Direct,246.24,0.8,0.85
ATTR-02392,ORD-02392,CMP-ORGANIC,Direct Traffic,Direct,127.44,0.8,0.85
ATTR-02393,ORD-02393,CMP-ORGANIC,Direct Traffic,Direct,97.32,0.8,0.85
ATTR-02394,ORD-02394,CMP-2025-01,LinkedIn,Last Click,125.39,1.0,0.95
ATTR-02395,ORD-02395,CMP-2025-04,Google Shopping,Last Click,676.57,1.0,0.95
ATTR-02396,ORD-02396,CMP-ORGANIC,Social Organic,Direct,376.92,0.8,0.85
ATTR-02397,ORD-02397,CMP-2025-01,Meta Ads,Last Click,66.16,1.0,0.95
ATTR-02398,ORD-02398,CMP-ORGANIC,Email Newsletter,Direct,646.92,0.8,0.85
ATTR-02399,ORD-02399,CMP-ORGANIC,Social Organic,Direct,138.24,0.8,0.85
ATTR-02400,ORD-02400,CMP-2025-05,Google Remarketing,Last Click,376.92,1.0,0.95
ATTR-02401,ORD-02401,CMP-ORGANIC,Social Organic,Direct,64.92,0.8,0.85
ATTR-02402,ORD-02402,CMP-2025-03,Email Marketing,Last Click,93.7,1.0,0.95
ATTR-02403,ORD-02403,CMP-2025-01,LinkedIn,Last Click,365.36,1.0,0.95
ATTR-02404,ORD-02404,CMP-2025-02,Instagram Reels,Last Click,585.79,1.0,0.95
ATTR-02405,ORD-02405,CMP-2025-02,Instagram Reels,Last Click,54.34,1.0,0.95
ATTR-02406,ORD-02406,CMP-ORGANIC,Direct Traffic,Direct,43.32,0.8,0.85
ATTR-02407,ORD-02407,CMP-2025-01,LinkedIn,Last Click,93.7,1.0,0.95
ATTR-02408,ORD-02408,CMP-ORGANIC,Direct Traffic,Direct,590.76,0.8,0.85
ATTR-02409,ORD-02409,CMP-ORGANIC,Direct Traffic,Direct,86.52,0.8,0.85
ATTR-02410,ORD-02410,CMP-2025-01,LinkedIn,Last Click,88.9,1.0,0.95
ATTR-02411,ORD-02411,CMP-ORGANIC,Social Organic,Direct,752.76,0.8,0.85
ATTR-02412,ORD-02412,CMP-2025-01,Google Search,Last Click,97.32,1.0,0.95
ATTR-02413,ORD-02413,CMP-2025-05,Meta Retargeting,Last Click,339.23,1.0,0.95
ATTR-02414,ORD-02414,CMP-2025-04,YouTube Video Ads,Last Click,40.19,1.0,0.95
ATTR-02415,ORD-02415,CMP-ORGANIC,Email Newsletter,Direct,839.16,0.8,0.85
ATTR-02416,ORD-02416,CMP-2025-03,Email Marketing,Last Click,98.51,1.0,0.95
ATTR-02417,ORD-02417,CMP-2025-03,Instagram,Last Click,139.32,1.0,0.95
ATTR-02418,ORD-02418,CMP-2025-01,Google Search,Last Click,56.98,1.0,0.95
ATTR-02419,ORD-02419,CMP-2025-04,YouTube Video Ads,Last Click,93.7,1.0,0.95
ATTR-02420,ORD-02420,CMP-ORGANIC,Direct Traffic,Direct,203.04,0.8,0.85
ATTR-02421,ORD-02421,CMP-ORGANIC,Email Newsletter,Direct,116.64,0.8,0.85
ATTR-02422,ORD-02422,CMP-ORGANIC,Email Newsletter,Direct,376.92,0.8,0.85
ATTR-02423,ORD-02423,CMP-2025-01,Meta Ads,Last Click,46.02,1.0,0.95
ATTR-02424,ORD-02424,CMP-2025-04,Google Shopping,Last Click,84.52,1.0,0.95
ATTR-02425,ORD-02425,CMP-2025-05,SMS,Last Click,170.64,1.0,0.95
ATTR-02426,ORD-02426,CMP-ORGANIC,Email Newsletter,Direct,102.72,0.8,0.85
ATTR-02427,ORD-02427,CMP-2025-04,Google Shopping,Last Click,84.52,1.0,0.95
ATTR-02428,ORD-02428,CMP-2025-02,Instagram Reels,Last Click,88.9,1.0,0.95
ATTR-02429,ORD-02429,CMP-2025-03,Email Marketing,Last Click,278.64,1.0,0.95
ATTR-02430,ORD-02430,CMP-ORGANIC,Organic Search,Direct,159.84,0.8,0.85
ATTR-02431,ORD-02431,CMP-2025-03,Pinterest,Last Click,84.52,1.0,0.95
ATTR-02432,ORD-02432,CMP-2025-01,LinkedIn,Last Click,159.41,1.0,0.95
ATTR-02433,ORD-02433,CMP-ORGANIC,Organic Search,Direct,224.64,0.8,0.85
ATTR-02434,ORD-02434,CMP-2025-05,Meta Retargeting,Last Click,171.07,1.0,0.95
ATTR-02435,ORD-02435,CMP-2025-03,Instagram,Last Click,208.39,1.0,0.95
ATTR-02436,ORD-02436,CMP-ORGANIC,Social Organic,Direct,75.72,0.8,0.85
ATTR-02437,ORD-02437,CMP-2025-04,Meta Ads,Last Click,367.42,1.0,0.95
ATTR-02438,ORD-02438,CMP-2025-04,Google Shopping,Last Click,582.23,1.0,0.95
ATTR-02439,ORD-02439,CMP-ORGANIC,Email Newsletter,Direct,159.84,0.8,0.85
ATTR-02440,ORD-02440,CMP-2025-01,Meta Ads,Last Click,301.54,1.0,0.95
ATTR-02441,ORD-02441,CMP-ORGANIC,Social Organic,Direct,97.32,0.8,0.85
ATTR-02442,ORD-02442,CMP-2025-05,SMS,Last Click,320.38,1.0,0.95
ATTR-02443,ORD-02443,CMP-2025-01,Google Search,Last Click,369.79,1.0,0.95
ATTR-02444,ORD-02444,CMP-2025-04,Meta Ads,Last Click,264.38,1.0,0.95
ATTR-02445,ORD-02445,CMP-2025-03,Instagram,Last Click,46.02,1.0,0.95
ATTR-02446,ORD-02446,CMP-2025-03,Pinterest,Last Click,97.32,1.0,0.95
ATTR-02447,ORD-02447,CMP-2025-01,Meta Ads,Last Click,104.65,1.0,0.95
ATTR-02448,ORD-02448,CMP-2025-03,Pinterest,Last Click,140.45,1.0,0.95
ATTR-02449,ORD-02449,CMP-2025-02,Instagram Reels,Last Click,118.42,1.0,0.95
ATTR-02450,ORD-02450,CMP-ORGANIC,Direct Traffic,Direct,64.92,0.8,0.85
ATTR-02451,ORD-02451,CMP-ORGANIC,Direct Traffic,Direct,97.32,0.8,0.85
ATTR-02452,ORD-02452,CMP-2025-02,Instagram Reels,Last Click,320.38,1.0,0.95
ATTR-02453,ORD-02453,CMP-2025-02,Instagram Reels,Last Click,88.79,1.0,0.95
ATTR-02454,ORD-02454,CMP-ORGANIC,Organic Search,Direct,75.72,0.8,0.85
ATTR-02455,ORD-02455,CMP-ORGANIC,Email Newsletter,Direct,159.84,0.8,0.85
ATTR-02456,ORD-02456,CMP-2025-03,Email Marketing,Last Click,66.16,1.0,0.95
ATTR-02457,ORD-02457,CMP-2025-05,Google Remarketing,Last Click,646.92,1.0,0.95
ATTR-02458,ORD-02458,CMP-2025-05,Google Remarketing,Last Click,56.98,1.0,0.95
ATTR-02459,ORD-02459,CMP-ORGANIC,Direct Traffic,Direct,233.28,0.8,0.85
ATTR-02460,ORD-02460,CMP-2025-01,Meta Ads,Last Click,1163.11,1.0,0.95
ATTR-02461,ORD-02461,CMP-ORGANIC,Organic Search,Direct,139.32,0.8,0.85
ATTR-02462,ORD-02462,CMP-2025-03,Email Marketing,Last Click,236.84,1.0,0.95
ATTR-02463,ORD-02463,CMP-ORGANIC,Organic Search,Direct,743.04,0.8,0.85
ATTR-02464,ORD-02464,CMP-ORGANIC,Social Organic,Direct,74.64,0.8,0.85
ATTR-02465,ORD-02465,CMP-ORGANIC,Social Organic,Direct,108.12,0.8,0.85
ATTR-02466,ORD-02466,CMP-2025-03,Pinterest,Last Click,245.16,1.0,0.95
ATTR-02467,ORD-02467,CMP-2025-02,Influencer,Last Click,102.72,1.0,0.95
ATTR-02468,ORD-02468,CMP-2025-02,TikTok,Last Click,136.51,1.0,0.95
ATTR-02469,ORD-02469,CMP-2025-01,Google Search,Last Click,120.1,1.0,0.95
ATTR-02470,ORD-02470,CMP-2025-01,LinkedIn,Last Click,43.32,1.0,0.95
ATTR-02471,ORD-02471,CMP-2025-02,TikTok,Last Click,80.26,1.0,0.95
ATTR-02472,ORD-02472,CMP-2025-03,Instagram,Last Click,282.53,1.0,0.95
ATTR-02473,ORD-02473,CMP-2025-03,Pinterest,Last Click,59.63,1.0,0.95
ATTR-02474,ORD-02474,CMP-2025-02,Influencer,Last Click,277.56,1.0,0.95
ATTR-02475,ORD-02475,CMP-2025-01,Meta Ads,Last Click,163.4,1.0,0.95
ATTR-02476,ORD-02476,CMP-2025-05,Google Remarketing,Last Click,66.16,1.0,0.95
ATTR-02477,ORD-02477,CMP-2025-01,Meta Ads,Last Click,339.23,1.0,0.95
ATTR-02478,ORD-02478,CMP-2025-05,Google Remarketing,Last Click,98.51,1.0,0.95
ATTR-02479,ORD-02479,CMP-ORGANIC,Direct Traffic,Direct,451.44,0.8,0.85
ATTR-02480,ORD-02480,CMP-ORGANIC,Email Newsletter,Direct,255.96,0.8,0.85
ATTR-02481,ORD-02481,CMP-2025-04,Meta Ads,Last Click,582.23,1.0,0.95
ATTR-02482,ORD-02482,CMP-2025-04,Meta Ads,Last Click,472.39,1.0,0.95
ATTR-02483,ORD-02483,CMP-2025-01,Meta Ads,Last Click,80.26,1.0,0.95
ATTR-02484,ORD-02484,CMP-2025-03,Pinterest,Last Click,160.92,1.0,0.95
ATTR-02485,ORD-02485,CMP-ORGANIC,Organic Search,Direct,646.92,0.8,0.85
ATTR-02486,ORD-02486,CMP-2025-02,Instagram Reels,Last Click,38.62,1.0,0.95
ATTR-02487,ORD-02487,CMP-ORGANIC,Social Organic,Direct,732.24,0.8,0.85
ATTR-02488,ORD-02488,CMP-2025-01,Google Search,Last Click,93.7,1.0,0.95
ATTR-02489,ORD-02489,CMP-2025-02,Instagram Reels,Last Click,339.23,1.0,0.95
ATTR-02490,ORD-02490,CMP-2025-02,Instagram Reels,Last Click,585.79,1.0,0.95
ATTR-02491,ORD-02491,CMP-2025-04,Meta Ads,Last Click,255.74,1.0,0.95
ATTR-02492,ORD-02492,CMP-2025-01,LinkedIn,Last Click,56.98,1.0,0.95
ATTR-02493,ORD-02493,CMP-2025-03,Instagram,Last Click,42.24,1.0,0.95
ATTR-02494,ORD-02494,CMP-2025-04,YouTube Video Ads,Last Click,88.9,1.0,0.95
ATTR-02495,ORD-02495,CMP-2025-03,Email Marketing,Last Click,144.83,1.0,0.95
ATTR-02496,ORD-02496,CMP-2025-03,Pinterest,Last Click,273.56,1.0,0.95
ATTR-02497,ORD-02497,CMP-ORGANIC,Organic Search,Direct,646.92,0.8,0.85
ATTR-02498,ORD-02498,CMP-2025-02,TikTok,Last Click,119.23,1.0,0.95
ATTR-02499,ORD-02499,CMP-ORGANIC,Direct Traffic,Direct,192.24,0.8,0.85
ATTR-02500,ORD-02500,CMP-2025-03,Email Marketing,Last Click,538.87,1.0,0.95
ATTR-02501,ORD-02501,CMP-2025-02,TikTok,Last Click,139.32,1.0,0.95
ATTR-02502,ORD-02502,CMP-2025-01,Google Search,Last Click,46.02,1.0,0.95
ATTR-02503,ORD-02503,CMP-2025-03,Instagram,Last Click,190.94,1.0,0.95
ATTR-02504,ORD-02504,CMP-ORGANIC,Email Newsletter,Direct,710.64,0.8,0.85
ATTR-02505,ORD-02505,CMP-2025-04,Meta Ads,Last Click,245.16,1.0,0.95
ATTR-02506,ORD-02506,CMP-ORGANIC,Email Newsletter,Direct,170.64,0.8,0.85
ATTR-02507,ORD-02507,CMP-2025-04,Meta Ads,Last Click,162.49,1.0,0.95
ATTR-02508,ORD-02508,CMP-2025-01,Google Search,Last Click,93.31,1.0,0.95
ATTR-02509,ORD-02509,CMP-2025-02,Instagram Reels,Last Click,54.34,1.0,0.95
ATTR-02510,ORD-02510,CMP-2025-03,Instagram,Last Click,144.83,1.0,0.95
ATTR-02511,ORD-02511,CMP-ORGANIC,Direct Traffic,Direct,97.32,0.8,0.85
ATTR-02512,ORD-02512,CMP-2025-01,Meta Ads,Last Click,56.98,1.0,0.95
ATTR-02513,ORD-02513,CMP-2025-04,YouTube Video Ads,Last Click,96.67,1.0,0.95
ATTR-02514,ORD-02514,CMP-2025-03,Pinterest,Last Click,465.43,1.0,0.95
ATTR-02515,ORD-02515,CMP-2025-04,YouTube Video Ads,Last Click,179.71,1.0,0.95
ATTR-02516,ORD-02516,CMP-ORGANIC,Organic Search,Direct,160.92,0.8,0.85
ATTR-02517,ORD-02517,CMP-ORGANIC,Email Newsletter,Direct,170.64,0.8,0.85
ATTR-02518,ORD-02518,CMP-2025-01,LinkedIn,Last Click,128.74,1.0,0.95
ATTR-02519,ORD-02519,CMP-2025-03,Instagram,Last Click,320.38,1.0,0.95
ATTR-02520,ORD-02520,CMP-2025-05,SMS,Last Click,42.24,1.0,0.95
ATTR-02521,ORD-02521,CMP-2025-04,Google Shopping,Last Click,139.32,1.0,0.95
ATTR-02522,ORD-02522,CMP-2025-01,Meta Ads,Last Click,40.19,1.0,0.95
ATTR-02523,ORD-02523,CMP-ORGANIC,Organic Search,Direct,117.84,0.8,0.85
ATTR-02524,ORD-02524,CMP-2025-03,Email Marketing,Last Click,136.78,1.0,0.95
ATTR-02525,ORD-02525,CMP-2025-01,Google Search,Last Click,84.52,1.0,0.95
ATTR-02526,ORD-02526,CMP-2025-05,Meta Retargeting,Last Click,277.99,1.0,0.95
ATTR-02527,ORD-02527,CMP-2025-04,YouTube Video Ads,Last Click,98.51,1.0,0.95
ATTR-02528,ORD-02528,CMP-ORGANIC,Email Newsletter,Direct,504.36,0.8,0.85
ATTR-02529,ORD-02529,CMP-ORGANIC,Organic Search,Direct,191.16,0.8,0.85
ATTR-02530,ORD-02530,CMP-2025-04,YouTube Video Ads,Last Click,107.26,1.0,0.95
ATTR-02531,ORD-02531,CMP-ORGANIC,Social Organic,Direct,74.64,0.8,0.85
ATTR-02532,ORD-02532,CMP-2025-05,Google Remarketing,Last Click,64.92,1.0,0.95
ATTR-02533,ORD-02533,CMP-ORGANIC,Email Newsletter,Direct,1379.16,0.8,0.85
ATTR-02534,ORD-02534,CMP-ORGANIC,Direct Traffic,Direct,223.56,0.8,0.85
ATTR-02535,ORD-02535,CMP-ORGANIC,Social Organic,Direct,97.32,0.8,0.85
ATTR-02536,ORD-02536,CMP-ORGANIC,Social Organic,Direct,127.44,0.8,0.85
ATTR-02537,ORD-02537,CMP-2025-03,Instagram,Last Click,163.4,1.0,0.95
ATTR-02538,ORD-02538,CMP-2025-03,Instagram,Last Click,97.32,1.0,0.95
ATTR-02539,ORD-02539,CMP-2025-01,Google Search,Last Click,172.04,1.0,0.95
ATTR-02540,ORD-02540,CMP-2025-02,Instagram Reels,Last Click,582.23,1.0,0.95
ATTR-02541,ORD-02541,CMP-ORGANIC,Email Newsletter,Direct,86.52,0.8,0.85
ATTR-02542,ORD-02542,CMP-ORGANIC,Organic Search,Direct,75.72,0.8,0.85
ATTR-02543,ORD-02543,CMP-2025-03,Instagram,Last Click,223.07,1.0,0.95
ATTR-02544,ORD-02544,CMP-2025-01,Google Search,Last Click,93.7,1.0,0.95
ATTR-02545,ORD-02545,CMP-ORGANIC,Organic Search,Direct,139.32,0.8,0.85
ATTR-02546,ORD-02546,CMP-2025-02,Influencer,Last Click,86.52,1.0,0.95
ATTR-02547,ORD-02547,CMP-ORGANIC,Organic Search,Direct,86.52,0.8,0.85
ATTR-02548,ORD-02548,CMP-2025-05,Meta Retargeting,Last Click,56.98,1.0,0.95
ATTR-02549,ORD-02549,CMP-2025-03,Instagram,Last Click,88.79,1.0,0.95
ATTR-02550,ORD-02550,CMP-2025-01,Google Search,Last Click,93.7,1.0,0.95
ATTR-02551,ORD-02551,CMP-2025-01,Meta Ads,Last Click,59.63,1.0,0.95
ATTR-02552,ORD-02552,CMP-2025-04,YouTube Video Ads,Last Click,320.38,1.0,0.95
ATTR-02553,ORD-02553,CMP-2025-03,Email Marketing,Last Click,88.9,1.0,0.95
ATTR-02554,ORD-02554,CMP-2025-02,Influencer,Last Click,582.23,1.0,0.95
ATTR-02555,ORD-02555,CMP-ORGANIC,Direct Traffic,Direct,75.72,0.8,0.85
ATTR-02556,ORD-02556,CMP-ORGANIC,Social Organic,Direct,1023.84,0.8,0.85
ATTR-02557,ORD-02557,CMP-ORGANIC,Organic Search,Direct,1293.84,0.8,0.85
ATTR-02558,ORD-02558,CMP-2025-02,Influencer,Last Click,172.58,1.0,0.95
ATTR-02559,ORD-02559,CMP-2025-04,Meta Ads,Last Click,149.04,1.0,0.95
ATTR-02560,ORD-02560,CMP-2025-04,Meta Ads,Last Click,75.34,1.0,0.95
ATTR-02561,ORD-02561,CMP-ORGANIC,Organic Search,Direct,64.92,0.8,0.85
ATTR-02562,ORD-02562,CMP-2025-04,Meta Ads,Last Click,463.1,1.0,0.95
ATTR-02563,ORD-02563,CMP-2025-03,Pinterest,Last Click,80.26,1.0,0.95
ATTR-02564,ORD-02564,CMP-2025-02,Instagram Reels,Last Click,181.76,1.0,0.95
ATTR-02565,ORD-02565,CMP-2025-02,Influencer,Last Click,136.78,1.0,0.95
ATTR-02566,ORD-02566,CMP-2025-05,SMS,Last Click,42.24,1.0,0.95
ATTR-02567,ORD-02567,CMP-2025-03,Instagram,Last Click,817.56,1.0,0.95
ATTR-02568,ORD-02568,CMP-ORGANIC,Direct Traffic,Direct,97.32,0.8,0.85
ATTR-02569,ORD-02569,CMP-2025-02,Influencer,Last Click,136.78,1.0,0.95
ATTR-02570,ORD-02570,CMP-2025-03,Instagram,Last Click,517.54,1.0,0.95
ATTR-02571,ORD-02571,CMP-2025-01,LinkedIn,Last Click,165.24,1.0,0.95
ATTR-02572,ORD-02572,CMP-ORGANIC,Direct Traffic,Direct,139.32,0.8,0.85
ATTR-02573,ORD-02573,CMP-2025-03,Instagram,Last Click,44.13,1.0,0.95
ATTR-02574,ORD-02574,CMP-2025-05,SMS,Last Click,629.86,1.0,0.95
ATTR-02575,ORD-02575,CMP-ORGANIC,Email Newsletter,Direct,245.16,0.8,0.85
ATTR-02576,ORD-02576,CMP-ORGANIC,Email Newsletter,Direct,288.36,0.8,0.85
ATTR-02577,ORD-02577,CMP-ORGANIC,Direct Traffic,Direct,646.92,0.8,0.85
ATTR-02578,ORD-02578,CMP-2025-02,TikTok,Last Click,119.23,1.0,0.95
ATTR-02579,ORD-02579,CMP-2025-01,Google Search,Last Click,64.92,1.0,0.95
ATTR-02580,ORD-02580,CMP-ORGANIC,Email Newsletter,Direct,115.56,0.8,0.85
ATTR-02581,ORD-02581,CMP-2025-03,Email Marketing,Last Click,195.53,1.0,0.95
ATTR-02582,ORD-02582,CMP-2025-04,Google Shopping,Last Click,320.38,1.0,0.95
ATTR-02583,ORD-02583,CMP-2025-05,SMS,Last Click,114.7,1.0,0.95
ATTR-02584,ORD-02584,CMP-2025-05,Meta Retargeting,Last Click,88.9,1.0,0.95
ATTR-02585,ORD-02585,CMP-2025-05,Meta Retargeting,Last Click,299.81,1.0,0.95
ATTR-02586,ORD-02586,CMP-2025-03,Instagram,Last Click,93.7,1.0,0.95
ATTR-02587,ORD-02587,CMP-2025-02,Instagram Reels,Last Click,49.8,1.0,0.95
ATTR-02588,ORD-02588,CMP-ORGANIC,Direct Traffic,Direct,75.72,0.8,0.85
ATTR-02589,ORD-02589,CMP-2025-05,Meta Retargeting,Last Click,320.38,1.0,0.95
ATTR-02590,ORD-02590,CMP-ORGANIC,Email Newsletter,Direct,97.32,0.8,0.85
ATTR-02591,ORD-02591,CMP-2025-01,Meta Ads,Last Click,123.12,1.0,0.95
ATTR-02592,ORD-02592,CMP-2025-03,Instagram,Last Click,238.46,1.0,0.95
ATTR-02593,ORD-02593,CMP-2025-01,LinkedIn,Last Click,139.32,1.0,0.95
ATTR-02594,ORD-02594,CMP-ORGANIC,Email Newsletter,Direct,75.72,0.8,0.85
ATTR-02595,ORD-02595,CMP-ORGANIC,Organic Search,Direct,87.6,0.8,0.85
ATTR-02596,ORD-02596,CMP-2025-05,SMS,Last Click,414.72,1.0,0.95
ATTR-02597,ORD-02597,CMP-2025-01,LinkedIn,Last Click,231.34,1.0,0.95
ATTR-02598,ORD-02598,CMP-2025-03,Email Marketing,Last Click,97.32,1.0,0.95
ATTR-02599,ORD-02599,CMP-2025-01,Google Search,Last Click,59.63,1.0,0.95
ATTR-02600,ORD-02600,CMP-ORGANIC,Organic Search,Direct,376.92,0.8,0.85
ATTR-02601,ORD-02601,CMP-2025-04,YouTube Video Ads,Last Click,64.92,1.0,0.95
ATTR-02602,ORD-02602,CMP-2025-03,Email Marketing,Last Click,270.22,1.0,0.95
ATTR-02603,ORD-02603,CMP-2025-05,Google Remarketing,Last Click,181.44,1.0,0.95
ATTR-02604,ORD-02604,CMP-ORGANIC,Social Organic,Direct,684.72,0.8,0.85
ATTR-02605,ORD-02605,CMP-2025-03,Instagram,Last Click,222.91,1.0,0.95
ATTR-02606,ORD-02606,CMP-2025-04,Google Shopping,Last Click,75.72,1.0,0.95
ATTR-02607,ORD-02607,CMP-2025-02,Instagram Reels,Last Click,49.8,1.0,0.95
ATTR-02608,ORD-02608,CMP-ORGANIC,Social Organic,Direct,1023.84,0.8,0.85
ATTR-02609,ORD-02609,CMP-2025-05,SMS,Last Click,160.92,1.0,0.95
ATTR-02610,ORD-02610,CMP-ORGANIC,Social Organic,Direct,160.92,0.8,0.85
ATTR-02611,ORD-02611,CMP-2025-04,Google Shopping,Last Click,753.84,1.0,0.95
ATTR-02612,ORD-02612,CMP-2025-03,Email Marketing,Last Click,44.13,1.0,0.95
ATTR-02613,ORD-02613,CMP-ORGANIC,Organic Search,Direct,117.84,0.8,0.85
ATTR-02614,ORD-02614,CMP-2025-05,Meta Retargeting,Last Click,320.38,1.0,0.95
ATTR-02615,ORD-02615,CMP-2025-05,SMS,Last Click,46.02,1.0,0.95
ATTR-02616,ORD-02616,CMP-ORGANIC,Organic Search,Direct,536.76,0.8,0.85
ATTR-02617,ORD-02617,CMP-2025-01,Google Search,Last Click,54.34,1.0,0.95
ATTR-02618,ORD-02618,CMP-2025-01,Google Search,Last Click,101.95,1.0,0.95
ATTR-02619,ORD-02619,CMP-2025-02,Influencer,Last Click,107.26,1.0,0.95
ATTR-02620,ORD-02620,CMP-2025-02,Influencer,Last Click,108.12,1.0,0.95
ATTR-02621,ORD-02621,CMP-2025-02,Influencer,Last Click,66.16,1.0,0.95
ATTR-02622,ORD-02622,CMP-2025-04,YouTube Video Ads,Last Click,119.23,1.0,0.95
ATTR-02623,ORD-02623,CMP-2025-03,Pinterest,Last Click,37.06,1.0,0.95
ATTR-02624,ORD-02624,CMP-ORGANIC,Email Newsletter,Direct,86.52,0.8,0.85
ATTR-02625,ORD-02625,CMP-2025-05,SMS,Last Click,196.99,1.0,0.95
ATTR-02626,ORD-02626,CMP-2025-02,Instagram Reels,Last Click,372.6,1.0,0.95
ATTR-02627,ORD-02627,CMP-2025-02,TikTok,Last Click,117.84,1.0,0.95
ATTR-02628,ORD-02628,CMP-2025-02,Influencer,Last Click,317.09,1.0,0.95
ATTR-02629,ORD-02629,CMP-ORGANIC,Email Newsletter,Direct,86.52,0.8,0.85
ATTR-02630,ORD-02630,CMP-ORGANIC,Social Organic,Direct,149.04,0.8,0.85
ATTR-02631,ORD-02631,CMP-2025-04,YouTube Video Ads,Last Click,84.52,1.0,0.95
ATTR-02632,ORD-02632,CMP-ORGANIC,Social Organic,Direct,49.8,0.8,0.85
ATTR-02633,ORD-02633,CMP-2025-01,Meta Ads,Last Click,603.07,1.0,0.95
ATTR-02634,ORD-02634,CMP-ORGANIC,Direct Traffic,Direct,251.64,0.8,0.85
ATTR-02635,ORD-02635,CMP-2025-04,Meta Ads,Last Click,138.24,1.0,0.95
ATTR-02636,ORD-02636,CMP-2025-01,Google Search,Last Click,210.92,1.0,0.95
ATTR-02637,ORD-02637,CMP-2025-05,SMS,Last Click,1241.24,1.0,0.95
ATTR-02638,ORD-02638,CMP-2025-02,Influencer,Last Click,250.78,1.0,0.95
ATTR-02639,ORD-02639,CMP-2025-04,Meta Ads,Last Click,452.52,1.0,0.95
ATTR-02640,ORD-02640,CMP-2025-05,SMS,Last Click,88.79,1.0,0.95
ATTR-02641,ORD-02641,CMP-ORGANIC,Direct Traffic,Direct,785.16,0.8,0.85
ATTR-02642,ORD-02642,CMP-2025-01,Google Search,Last Click,97.32,1.0,0.95
ATTR-02643,ORD-02643,CMP-ORGANIC,Direct Traffic,Direct,473.04,0.8,0.85
ATTR-02644,ORD-02644,CMP-ORGANIC,Email Newsletter,Direct,97.32,0.8,0.85
ATTR-02645,ORD-02645,CMP-ORGANIC,Organic Search,Direct,1464.48,0.8,0.85
ATTR-02646,ORD-02646,CMP-2025-03,Email Marketing,Last Click,111.46,1.0,0.95
ATTR-02647,ORD-02647,CMP-ORGANIC,Organic Search,Direct,86.52,0.8,0.85
ATTR-02648,ORD-02648,CMP-2025-04,Google Shopping,Last Click,62.98,1.0,0.95
ATTR-02649,ORD-02649,CMP-ORGANIC,Social Organic,Direct,117.84,0.8,0.85
ATTR-02650,ORD-02650,CMP-ORGANIC,Social Organic,Direct,97.32,0.8,0.85
ATTR-02651,ORD-02651,CMP-2025-04,YouTube Video Ads,Last Click,84.52,1.0,0.95
ATTR-02652,ORD-02652,CMP-2025-05,SMS,Last Click,88.9,1.0,0.95
ATTR-02653,ORD-02653,CMP-2025-01,LinkedIn,Last Click,86.52,1.0,0.95
ATTR-02654,ORD-02654,CMP-2025-03,Instagram,Last Click,765.5,1.0,0.95
ATTR-02655,ORD-02655,CMP-2025-01,Google Search,Last Click,111.46,1.0,0.95
ATTR-02656,ORD-02656,CMP-ORGANIC,Organic Search,Direct,86.52,0.8,0.85
ATTR-02657,ORD-02657,CMP-2025-04,YouTube Video Ads,Last Click,339.23,1.0,0.95
ATTR-02658,ORD-02658,CMP-2025-03,Email Marketing,Last Click,186.35,1.0,0.95
ATTR-02659,ORD-02659,CMP-2025-04,Meta Ads,Last Click,326.81,1.0,0.95
ATTR-02660,ORD-02660,CMP-ORGANIC,Social Organic,Direct,138.24,0.8,0.85
ATTR-02661,ORD-02661,CMP-2025-02,Influencer,Last Click,75.72,1.0,0.95
ATTR-02662,ORD-02662,CMP-2025-03,Instagram,Last Click,166.75,1.0,0.95
ATTR-02663,ORD-02663,CMP-ORGANIC,Email Newsletter,Direct,87.6,0.8,0.85
ATTR-02664,ORD-02664,CMP-2025-02,TikTok,Last Click,135.86,1.0,0.95
ATTR-02665,ORD-02665,CMP-2025-01,Meta Ads,Last Click,56.98,1.0,0.95
ATTR-02666,ORD-02666,CMP-ORGANIC,Organic Search,Direct,267.84,0.8,0.85
ATTR-02667,ORD-02667,CMP-ORGANIC,Social Organic,Direct,64.92,0.8,0.85
ATTR-02668,ORD-02668,CMP-2025-01,Meta Ads,Last Click,88.9,1.0,0.95
ATTR-02669,ORD-02669,CMP-2025-05,Google Remarketing,Last Click,128.74,1.0,0.95
ATTR-02670,ORD-02670,CMP-ORGANIC,Direct Traffic,Direct,795.96,0.8,0.85
ATTR-02671,ORD-02671,CMP-2025-04,Meta Ads,Last Click,186.84,1.0,0.95
ATTR-02672,ORD-02672,CMP-2025-02,Instagram Reels,Last Click,144.83,1.0,0.95
ATTR-02673,ORD-02673,CMP-2025-05,SMS,Last Click,339.23,1.0,0.95
ATTR-02674,ORD-02674,CMP-2025-04,Google Shopping,Last Click,111.46,1.0,0.95
ATTR-02675,ORD-02675,CMP-2025-03,Pinterest,Last Click,226.75,1.0,0.95
ATTR-02676,ORD-02676,CMP-2025-01,Meta Ads,Last Click,88.79,1.0,0.95
ATTR-02677,ORD-02677,CMP-ORGANIC,Direct Traffic,Direct,108.12,0.8,0.85
ATTR-02678,ORD-02678,CMP-2025-01,LinkedIn,Last Click,54.34,1.0,0.95
ATTR-02679,ORD-02679,CMP-2025-03,Instagram,Last Click,786.24,1.0,0.95
ATTR-02680,ORD-02680,CMP-2025-01,LinkedIn,Last Click,128.74,1.0,0.95
ATTR-02681,ORD-02681,CMP-2025-02,TikTok,Last Click,97.32,1.0,0.95
ATTR-02682,ORD-02682,CMP-2025-01,Google Search,Last Click,221.62,1.0,0.95
ATTR-02683,ORD-02683,CMP-2025-02,TikTok,Last Click,38.62,1.0,0.95
ATTR-02684,ORD-02684,CMP-ORGANIC,Organic Search,Direct,64.92,0.8,0.85
ATTR-02685,ORD-02685,CMP-ORGANIC,Email Newsletter,Direct,170.64,0.8,0.85
ATTR-02686,ORD-02686,CMP-2025-04,Google Shopping,Last Click,97.32,1.0,0.95
ATTR-02687,ORD-02687,CMP-2025-03,Instagram,Last Click,223.56,1.0,0.95
ATTR-02688,ORD-02688,CMP-2025-04,YouTube Video Ads,Last Click,549.88,1.0,0.95
ATTR-02689,ORD-02689,CMP-2025-01,Google Search,Last Click,153.58,1.0,0.95
ATTR-02690,ORD-02690,CMP-2025-01,Meta Ads,Last Click,54.34,1.0,0.95
ATTR-02691,ORD-02691,CMP-2025-04,Meta Ads,Last Click,320.38,1.0,0.95
ATTR-02692,ORD-02692,CMP-ORGANIC,Direct Traffic,Direct,429.84,0.8,0.85
ATTR-02693,ORD-02693,CMP-2025-02,Instagram Reels,Last Click,59.63,1.0,0.95
ATTR-02694,ORD-02694,CMP-ORGANIC,Social Organic,Direct,807.84,0.8,0.85
ATTR-02695,ORD-02695,CMP-2025-03,Pinterest,Last Click,150.55,1.0,0.95
ATTR-02696,ORD-02696,CMP-2025-04,Google Shopping,Last Click,549.88,1.0,0.95
ATTR-02697,ORD-02697,CMP-2025-04,Meta Ads,Last Click,88.79,1.0,0.95
ATTR-02698,ORD-02698,CMP-2025-03,Instagram,Last Click,88.79,1.0,0.95
ATTR-02699,ORD-02699,CMP-ORGANIC,Email Newsletter,Direct,169.56,0.8,0.85
ATTR-02700,ORD-02700,CMP-2025-05,SMS,Last Click,139.32,1.0,0.95
ATTR-02701,ORD-02701,CMP-2025-02,TikTok,Last Click,582.23,1.0,0.95
ATTR-02702,ORD-02702,CMP-2025-02,Instagram Reels,Last Click,429.84,1.0,0.95
ATTR-02703,ORD-02703,CMP-2025-03,Pinterest,Last Click,504.36,1.0,0.95
ATTR-02704,ORD-02704,CMP-ORGANIC,Email Newsletter,Direct,716.04,0.8,0.85
ATTR-02705,ORD-02705,CMP-2025-02,TikTok,Last Click,88.79,1.0,0.95
ATTR-02706,ORD-02706,CMP-2025-03,Pinterest,Last Click,97.32,1.0,0.95
ATTR-02707,ORD-02707,CMP-ORGANIC,Organic Search,Direct,159.84,0.8,0.85
ATTR-02708,ORD-02708,CMP-ORGANIC,Email Newsletter,Direct,117.84,0.8,0.85
ATTR-02709,ORD-02709,CMP-ORGANIC,Direct Traffic,Direct,516.24,0.8,0.85
ATTR-02710,ORD-02710,CMP-2025-02,Influencer,Last Click,98.5,1.0,0.95
ATTR-02711,ORD-02711,CMP-2025-05,SMS,Last Click,374.11,1.0,0.95
ATTR-02712,ORD-02712,CMP-ORGANIC,Direct Traffic,Direct,139.32,0.8,0.85
ATTR-02713,ORD-02713,CMP-2025-05,Meta Retargeting,Last Click,42.24,1.0,0.95
ATTR-02714,ORD-02714,CMP-2025-03,Instagram,Last Click,49.8,1.0,0.95
ATTR-02715,ORD-02715,CMP-2025-05,Meta Retargeting,Last Click,98.51,1.0,0.95
ATTR-02716,ORD-02716,CMP-2025-02,Influencer,Last Click,56.98,1.0,0.95
ATTR-02717,ORD-02717,CMP-2025-01,LinkedIn,Last Click,80.26,1.0,0.95
ATTR-02718,ORD-02718,CMP-2025-01,Google Search,Last Click,75.34,1.0,0.95
ATTR-02719,ORD-02719,CMP-2025-05,SMS,Last Click,40.19,1.0,0.95
ATTR-02720,ORD-02720,CMP-ORGANIC,Organic Search,Direct,75.72,0.8,0.85
ATTR-02721,ORD-02721,CMP-2025-01,LinkedIn,Last Click,84.52,1.0,0.95
ATTR-02722,ORD-02722,CMP-2025-02,Instagram Reels,Last Click,84.52,1.0,0.95
ATTR-02723,ORD-02723,CMP-2025-01,Google Search,Last Click,75.34,1.0,0.95
ATTR-02724,ORD-02724,CMP-2025-03,Email Marketing,Last Click,196.13,1.0,0.95
ATTR-02725,ORD-02725,CMP-2025-01,LinkedIn,Last Click,153.58,1.0,0.95
ATTR-02726,ORD-02726,CMP-ORGANIC,Social Organic,Direct,416.88,0.8,0.85
ATTR-02727,ORD-02727,CMP-2025-04,Google Shopping,Last Click,107.14,1.0,0.95
ATTR-02728,ORD-02728,CMP-2025-04,YouTube Video Ads,Last Click,173.02,1.0,0.95
ATTR-02729,ORD-02729,CMP-ORGANIC,Direct Traffic,Direct,97.32,0.8,0.85
ATTR-02730,ORD-02730,CMP-ORGANIC,Email Newsletter,Direct,646.92,0.8,0.85
ATTR-02731,ORD-02731,CMP-2025-03,Email Marketing,Last Click,75.72,1.0,0.95
ATTR-02732,ORD-02732,CMP-2025-01,LinkedIn,Last Click,110.59,1.0,0.95
ATTR-02733,ORD-02733,CMP-2025-03,Email Marketing,Last Click,93.7,1.0,0.95
ATTR-02734,ORD-02734,CMP-2025-03,Pinterest,Last Click,108.12,1.0,0.95
ATTR-02735,ORD-02735,CMP-2025-05,Meta Retargeting,Last Click,160.92,1.0,0.95
ATTR-02736,ORD-02736,CMP-ORGANIC,Email Newsletter,Direct,149.04,0.8,0.85
ATTR-02737,ORD-02737,CMP-ORGANIC,Social Organic,Direct,86.52,0.8,0.85
ATTR-02738,ORD-02738,CMP-ORGANIC,Social Organic,Direct,75.72,0.8,0.85
ATTR-02739,ORD-02739,CMP-2025-01,Meta Ads,Last Click,38.62,1.0,0.95
ATTR-02740,ORD-02740,CMP-2025-02,Influencer,Last Click,98.51,1.0,0.95
ATTR-02741,ORD-02741,CMP-2025-01,Google Search,Last Click,320.38,1.0,0.95
ATTR-02742,ORD-02742,CMP-2025-01,Meta Ads,Last Click,582.23,1.0,0.95
ATTR-02743,ORD-02743,CMP-2025-02,TikTok,Last Click,88.79,1.0,0.95
ATTR-02744,ORD-02744,CMP-2025-01,Meta Ads,Last Click,361.15,1.0,0.95
ATTR-02745,ORD-02745,CMP-ORGANIC,Direct Traffic,Direct,43.32,0.8,0.85
ATTR-02746,ORD-02746,CMP-ORGANIC,Email Newsletter,Direct,49.8,0.8,0.85
ATTR-02747,ORD-02747,CMP-ORGANIC,Social Organic,Direct,473.04,0.8,0.85
ATTR-02748,ORD-02748,CMP-2025-05,Meta Retargeting,Last Click,79.07,1.0,0.95
ATTR-02749,ORD-02749,CMP-2025-05,Meta Retargeting,Last Click,80.26,1.0,0.95
ATTR-02750,ORD-02750,CMP-2025-04,Meta Ads,Last Click,440.64,1.0,0.95
ATTR-02751,ORD-02751,CMP-2025-02,TikTok,Last Click,75.72,1.0,0.95
ATTR-02752,ORD-02752,CMP-2025-04,Google Shopping,Last Click,88.79,1.0,0.95
ATTR-02753,ORD-02753,CMP-ORGANIC,Direct Traffic,Direct,75.72,0.8,0.85
ATTR-02754,ORD-02754,CMP-2025-03,Instagram,Last Click,646.92,1.0,0.95
ATTR-02755,ORD-02755,CMP-2025-05,SMS,Last Click,211.9,1.0,0.95
ATTR-02756,ORD-02756,CMP-2025-04,Google Shopping,Last Click,118.42,1.0,0.95
ATTR-02757,ORD-02757,CMP-2025-03,Email Marketing,Last Click,136.78,1.0,0.95
ATTR-02758,ORD-02758,CMP-2025-05,Google Remarketing,Last Click,139.32,1.0,0.95
ATTR-02759,ORD-02759,CMP-ORGANIC,Organic Search,Direct,224.64,0.8,0.85
ATTR-02760,ORD-02760,CMP-2025-03,Email Marketing,Last Click,568.51,1.0,0.95
ATTR-02761,ORD-02761,CMP-2025-05,SMS,Last Click,204.77,1.0,0.95
ATTR-02762,ORD-02762,CMP-2025-04,YouTube Video Ads,Last Click,96.67,1.0,0.95
ATTR-02763,ORD-02763,CMP-2025-02,TikTok,Last Click,145.04,1.0,0.95
ATTR-02764,ORD-02764,CMP-2025-03,Email Marketing,Last Click,88.79,1.0,0.95
ATTR-02765,ORD-02765,CMP-2025-05,SMS,Last Click,289.66,1.0,0.95
ATTR-02766,ORD-02766,CMP-2025-01,LinkedIn,Last Click,54.34,1.0,0.95
ATTR-02767,ORD-02767,CMP-ORGANIC,Email Newsletter,Direct,257.04,0.8,0.85
ATTR-02768,ORD-02768,CMP-2025-03,Email Marketing,Last Click,192.46,1.0,0.95
ATTR-02769,ORD-02769,CMP-ORGANIC,Social Organic,Direct,117.84,0.8,0.85
ATTR-02770,ORD-02770,CMP-2025-01,Google Search,Last Click,97.32,1.0,0.95
ATTR-02771,ORD-02771,CMP-2025-03,Instagram,Last Click,366.44,1.0,0.95
ATTR-02772,ORD-02772,CMP-2025-01,Meta Ads,Last Click,173.02,1.0,0.95
ATTR-02773,ORD-02773,CMP-2025-04,YouTube Video Ads,Last Click,80.26,1.0,0.95
ATTR-02774,ORD-02774,CMP-ORGANIC,Social Organic,Direct,139.32,0.8,0.85
ATTR-02775,ORD-02775,CMP-2025-04,Meta Ads,Last Click,64.92,1.0,0.95
ATTR-02776,ORD-02776,CMP-2025-05,SMS,Last Click,134.14,1.0,0.95
ATTR-02777,ORD-02777,CMP-2025-01,LinkedIn,Last Click,549.88,1.0,0.95
ATTR-02778,ORD-02778,CMP-2025-05,Google Remarketing,Last Click,232.25,1.0,0.95
ATTR-02779,ORD-02779,CMP-2025-04,Google Shopping,Last Click,1263.17,1.0,0.95
ATTR-02780,ORD-02780,CMP-2025-03,Email Marketing,Last Click,46.02,1.0,0.95
ATTR-02781,ORD-02781,CMP-ORGANIC,Organic Search,Direct,376.92,0.8,0.85
ATTR-02782,ORD-02782,CMP-2025-02,TikTok,Last Click,266.76,1.0,0.95
ATTR-02783,ORD-02783,CMP-2025-04,Google Shopping,Last Click,97.32,1.0,0.95
ATTR-02784,ORD-02784,CMP-2025-05,Meta Retargeting,Last Click,139.32,1.0,0.95
ATTR-02785,ORD-02785,CMP-ORGANIC,Email Newsletter,Direct,49.8,0.8,0.85
ATTR-02786,ORD-02786,CMP-2025-03,Pinterest,Last Click,453.6,1.0,0.95
ATTR-02787,ORD-02787,CMP-2025-05,Google Remarketing,Last Click,538.87,1.0,0.95
ATTR-02788,ORD-02788,CMP-ORGANIC,Direct Traffic,Direct,64.92,0.8,0.85
ATTR-02789,ORD-02789,CMP-2025-01,Google Search,Last Click,88.79,1.0,0.95
ATTR-02790,ORD-02790,CMP-ORGANIC,Organic Search,Direct,203.04,0.8,0.85
ATTR-02791,ORD-02791,CMP-ORGANIC,Organic Search,Direct,75.72,0.8,0.85
ATTR-02792,ORD-02792,CMP-2025-01,LinkedIn,Last Click,143.86,1.0,0.95
ATTR-02793,ORD-02793,CMP-ORGANIC,Social Organic,Direct,1454.76,0.8,0.85
ATTR-02794,ORD-02794,CMP-2025-04,Meta Ads,Last Click,128.74,1.0,0.95
ATTR-02795,ORD-02795,CMP-2025-01,Meta Ads,Last Click,173.02,1.0,0.95
ATTR-02796,ORD-02796,CMP-ORGANIC,Direct Traffic,Direct,170.64,0.8,0.85
ATTR-02797,ORD-02797,CMP-2025-02,Influencer,Last Click,144.83,1.0,0.95
ATTR-02798,ORD-02798,CMP-2025-03,Pinterest,Last Click,98.29,1.0,0.95
ATTR-02799,ORD-02799,CMP-ORGANIC,Social Organic,Direct,743.04,0.8,0.85
ATTR-02800,ORD-02800,CMP-2025-01,Google Search,Last Click,246.24,1.0,0.95
