customer_id,name,email,created_at,segment_id,age,gender,location
CUST-0001,Maya Brown,maya.brown1@example.com,2025-03-13 23:00:00,SEG-1,32,Male,"Austin, TX"
CUST-0002,Morgan Perez,morgan.perez2@example.com,2025-08-05 01:00:00,SEG-3,42,Female,"Denver, CO"
CUST-0003,Alex Williams,alex.williams3@example.com,2025-10-15 06:00:00,SEG-1,36,Non-binary,"New York, NY"
CUST-0004,Noah Lee,noah.lee4@example.com,2025-10-29 08:00:00,SEG-3,38,Female,"London, UK"
CUST-0005,Ava Smith,ava.smith5@example.com,2025-06-24 08:00:00,SEG-4,25,Female,"Toronto, ON"
CUST-0006,Sam Miller,sam.miller6@example.com,2025-07-14 03:00:00,SEG-5,43,Male,"Los Angeles, CA"
CUST-0007,Reese Lopez,reese.lopez7@example.com,2025-03-05 12:00:00,SEG-3,26,Male,"Miami, FL"
CUST-0008,Taylor Moore,taylor.moore8@example.com,2025-10-23 06:00:00,SEG-1,38,Non-binary,"San Francisco, CA"
CUST-0009,Noah Williams,noah.williams9@example.com,2025-04-30 03:00:00,SEG-1,31,Female,"Los Angeles, CA"
CUST-0010,Quinn Rodriguez,quinn.rodriguez10@example.com,2025-07-09 11:00:00,SEG-2,24,Male,"Chicago, IL"
CUST-0011,Pat Perez,pat.perez11@example.com,2025-02-06 19:00:00,SEG-1,42,Non-binary,"Boston, MA"
CUST-0012,Maya Garcia,maya.garcia12@example.com,2025-07-14 08:00:00,SEG-2,19,Female,"London, UK"
CUST-0013,Ethan Lee,ethan.lee13@example.com,2025-04-28 01:00:00,SEG-3,32,Female,"New York, NY"
CUST-0014,Ava Hernandez,ava.hernandez14@example.com,2025-06-11 06:00:00,SEG-2,18,Female,"Denver, CO"
CUST-0015,Maya Thomas,maya.thomas15@example.com,2025-05-16 04:00:00,SEG-2,23,Non-binary,"Chicago, IL"
CUST-0016,Riley White,riley.white16@example.com,2025-07-24 11:00:00,SEG-3,33,Male,"Denver, CO"
CUST-0017,Riley Jones,riley.jones17@example.com,2025-03-20 20:00:00,SEG-2,18,Female,"Los Angeles, CA"
CUST-0018,Chris Perez,chris.perez18@example.com,2025-11-02 14:00:00,SEG-2,18,Non-binary,"Toronto, ON"
CUST-0019,Peyton Rodriguez,peyton.rodriguez19@example.com,2025-10-02 08:00:00,SEG-5,22,Male,"Boston, MA"
CUST-0020,Olivia Lee,olivia.lee20@example.com,2025-08-21 00:00:00,SEG-2,20,Non-binary,"Chicago, IL"
CUST-0021,Emma White,emma.white21@example.com,2025-02-24 20:00:00,SEG-1,36,Male,"Miami, FL"
CUST-0022,Dakota Lee,dakota.lee22@example.com,2025-03-24 17:00:00,SEG-2,19,Female,"San Francisco, CA"
CUST-0023,Olivia Taylor,olivia.taylor23@example.com,2025-02-27 11:00:00,SEG-5,42,Female,"New York, NY"
CUST-0024,Lucas Martinez,lucas.martinez24@example.com,2025-02-13 23:00:00,SEG-1,31,Non-binary,"Los Angeles, CA"
CUST-0025,Jamie Williams,jamie.williams25@example.com,2025-09-01 17:00:00,SEG-5,30,Male,"Boston, MA"
CUST-0026,Chris Rodriguez,chris.rodriguez26@example.com,2025-10-04 23:00:00,SEG-2,22,Non-binary,"Austin, TX"
CUST-0027,Noah Miller,noah.miller27@example.com,2025-09-22 14:00:00,SEG-3,37,Female,"London, UK"
CUST-0028,Morgan Davis,morgan.davis28@example.com,2025-10-11 07:00:00,SEG-1,33,Male,"Denver, CO"
CUST-0029,Hayden Davis,hayden.davis29@example.com,2025-04-28 02:00:00,SEG-1,39,Non-binary,"New York, NY"
CUST-0030,Lucas Johnson,lucas.johnson30@example.com,2025-05-23 21:00:00,SEG-4,22,Female,"Austin, TX"
CUST-0031,Jamie Miller,jamie.miller31@example.com,2025-08-31 13:00:00,SEG-2,23,Non-binary,"Austin, TX"
CUST-0032,Pat Brown,pat.brown32@example.com,2025-07-30 14:00:00,SEG-1,34,Female,"Toronto, ON"
CUST-0033,Isabella White,isabella.white33@example.com,2025-02-01 12:00:00,SEG-1,38,Non-binary,"Los Angeles, CA"
CUST-0034,Emma Hernandez,emma.hernandez34@example.com,2025-04-08 17:00:00,SEG-4,23,Male,"Austin, TX"
CUST-0035,Cameron Jones,cameron.jones35@example.com,2025-02-08 14:00:00,SEG-2,20,Non-binary,"Austin, TX"
CUST-0036,Ava Moore,ava.moore36@example.com,2025-02-17 07:00:00,SEG-1,38,Non-binary,"New York, NY"
CUST-0037,Chris Wilson,chris.wilson37@example.com,2025-03-26 12:00:00,SEG-2,19,Non-binary,"New York, NY"
CUST-0038,Alex Gonzalez,alex.gonzalez38@example.com,2025-08-05 22:00:00,SEG-1,40,Female,"Seattle, WA"
CUST-0039,Emma Moore,emma.moore39@example.com,2025-06-01 06:00:00,SEG-3,40,Female,"Austin, TX"
CUST-0040,Jordan Jackson,jordan.jackson40@example.com,2025-01-26 18:00:00,SEG-3,26,Female,"New York, NY"
CUST-0041,Jamie Taylor,jamie.taylor41@example.com,2025-09-18 02:00:00,SEG-5,55,Male,"New York, NY"
CUST-0042,Isabella Garcia,isabella.garcia42@example.com,2025-07-26 03:00:00,SEG-1,29,Non-binary,"Austin, TX"
CUST-0043,Lucas Jackson,lucas.jackson43@example.com,2025-02-11 13:00:00,SEG-1,37,Male,"Denver, CO"
CUST-0044,Liam Jackson,liam.jackson44@example.com,2025-12-09 22:00:00,SEG-3,35,Female,"Austin, TX"
CUST-0045,Avery Davis,avery.davis45@example.com,2025-06-03 14:00:00,SEG-1,30,Non-binary,"Boston, MA"
CUST-0046,Avery Harris,avery.harris46@example.com,2025-10-16 03:00:00,SEG-5,22,Female,"Denver, CO"
CUST-0047,Taylor Moore,taylor.moore47@example.com,2025-02-05 07:00:00,SEG-1,32,Male,"San Francisco, CA"
CUST-0048,Reese Martinez,reese.martinez48@example.com,2025-06-04 19:00:00,SEG-1,41,Non-binary,"Portland, OR"
CUST-0049,Ava Lee,ava.lee49@example.com,2025-02-23 04:00:00,SEG-2,23,Male,"Boston, MA"
CUST-0050,Casey Brown,casey.brown50@example.com,2025-11-06 06:00:00,SEG-4,24,Male,"Seattle, WA"
CUST-0051,Noah Hernandez,noah.hernandez51@example.com,2025-09-08 08:00:00,SEG-1,38,Female,"Miami, FL"
CUST-0052,Lucas Johnson,lucas.johnson52@example.com,2025-01-02 10:00:00,SEG-1,34,Female,"New York, NY"
CUST-0053,Olivia Jones,olivia.jones53@example.com,2025-08-15 17:00:00,SEG-3,33,Female,"Portland, OR"
CUST-0054,Noah Wilson,noah.wilson54@example.com,2025-03-18 17:00:00,SEG-3,28,Female,"Portland, OR"
CUST-0055,Jordan Lopez,jordan.lopez55@example.com,2025-01-22 09:00:00,SEG-3,29,Male,"Chicago, IL"
CUST-0056,Reese Johnson,reese.johnson56@example.com,2025-12-08 03:00:00,SEG-4,26,Female,"Austin, TX"
CUST-0057,Reese Harris,reese.harris57@example.com,2025-03-25 05:00:00,SEG-3,38,Female,"Austin, TX"
CUST-0058,Lucas Wilson,lucas.wilson58@example.com,2025-12-09 23:00:00,SEG-1,39,Female,"Toronto, ON"
CUST-0059,Ava Davis,ava.davis59@example.com,2025-07-15 01:00:00,SEG-1,40,Non-binary,"Los Angeles, CA"
CUST-0060,Isabella Thomas,isabella.thomas60@example.com,2025-06-06 07:00:00,SEG-1,41,Female,"San Francisco, CA"
CUST-0061,Riley Smith,riley.smith61@example.com,2025-02-05 08:00:00,SEG-3,37,Female,"Seattle, WA"
CUST-0062,Reese Lee,reese.lee62@example.com,2025-03-01 08:00:00,SEG-2,23,Male,"New York, NY"
CUST-0063,Chris Jackson,chris.jackson63@example.com,2025-11-02 13:00:00,SEG-5,38,Male,"Los Angeles, CA"
CUST-0064,Reese White,reese.white64@example.com,2025-03-01 12:00:00,SEG-4,33,Female,"Miami, FL"
CUST-0065,Lucas Jackson,lucas.jackson65@example.com,2025-01-01 16:00:00,SEG-1,28,Non-binary,"Toronto, ON"
CUST-0066,Ethan Moore,ethan.moore66@example.com,2025-02-05 21:00:00,SEG-3,31,Female,"Toronto, ON"
CUST-0067,Ethan Hernandez,ethan.hernandez67@example.com,2025-06-08 21:00:00,SEG-3,28,Female,"Miami, FL"
CUST-0068,Skyler Hernandez,skyler.hernandez68@example.com,2025-08-04 21:00:00,SEG-2,20,Female,"Austin, TX"
CUST-0069,Quinn Perez,quinn.perez69@example.com,2025-10-08 00:00:00,SEG-3,30,Female,"Toronto, ON"
CUST-0070,Dakota Martinez,dakota.martinez70@example.com,2025-12-02 10:00:00,SEG-1,40,Non-binary,"Denver, CO"
CUST-0071,Cameron Anderson,cameron.anderson71@example.com,2025-03-28 21:00:00,SEG-2,19,Non-binary,"Portland, OR"
CUST-0072,Taylor Martinez,taylor.martinez72@example.com,2025-05-01 21:00:00,SEG-2,23,Male,"Los Angeles, CA"
CUST-0073,Dakota Davis,dakota.davis73@example.com,2025-05-06 15:00:00,SEG-4,24,Male,"New York, NY"
CUST-0074,Logan Harris,logan.harris74@example.com,2025-04-10 22:00:00,SEG-1,34,Non-binary,"Denver, CO"
CUST-0075,Noah Gonzalez,noah.gonzalez75@example.com,2025-01-03 03:00:00,SEG-2,19,Female,"Boston, MA"
CUST-0076,Olivia Wilson,olivia.wilson76@example.com,2025-08-26 01:00:00,SEG-1,40,Non-binary,"Miami, FL"
CUST-0077,Kendall Davis,kendall.davis77@example.com,2025-08-26 21:00:00,SEG-5,29,Female,"Chicago, IL"
CUST-0078,Peyton Moore,peyton.moore78@example.com,2025-08-17 05:00:00,SEG-3,39,Male,"Miami, FL"
CUST-0079,Emma Thomas,emma.thomas79@example.com,2025-05-22 16:00:00,SEG-2,24,Female,"Boston, MA"
CUST-0080,Jamie Lee,jamie.lee80@example.com,2025-05-27 07:00:00,SEG-1,35,Male,"Portland, OR"
CUST-0081,Casey Hernandez,casey.hernandez81@example.com,2025-03-19 07:00:00,SEG-2,22,Female,"Chicago, IL"
CUST-0082,Quinn Thompson,quinn.thompson82@example.com,2025-07-28 10:00:00,SEG-1,31,Male,"Toronto, ON"
CUST-0083,Kendall Anderson,kendall.anderson83@example.com,2025-10-27 22:00:00,SEG-2,19,Non-binary,"Toronto, ON"
CUST-0084,Alex Harris,alex.harris84@example.com,2025-06-02 12:00:00,SEG-3,40,Female,"San Francisco, CA"
CUST-0085,Isabella Wilson,isabella.wilson85@example.com,2025-04-23 08:00:00,SEG-2,23,Female,"London, UK"
CUST-0086,Skyler Thomas,skyler.thomas86@example.com,2025-07-27 23:00:00,SEG-1,33,Non-binary,"Boston, MA"
CUST-0087,Chris Anderson,chris.anderson87@example.com,2025-10-16 21:00:00,SEG-5,23,Female,"Denver, CO"
CUST-0088,Alex Williams,alex.williams88@example.com,2025-01-26 08:00:00,SEG-3,29,Male,"Chicago, IL"
CUST-0089,Quinn Hernandez,quinn.hernandez89@example.com,2025-05-23 13:00:00,SEG-1,33,Female,"Toronto, ON"
CUST-0090,Casey Williams,casey.williams90@example.com,2025-04-25 20:00:00,SEG-2,23,Female,"San Francisco, CA"
CUST-0091,Taylor Harris,taylor.harris91@example.com,2025-04-13 00:00:00,SEG-5,24,Male,"Austin, TX"
CUST-0092,Logan Jones,logan.jones92@example.com,2025-10-16 06:00:00,SEG-1,35,Non-binary,"Los Angeles, CA"
CUST-0093,Cameron Thompson,cameron.thompson93@example.com,2025-11-07 23:00:00,SEG-1,33,Male,"Denver, CO"
CUST-0094,Noah Brown,noah.brown94@example.com,2025-10-24 00:00:00,SEG-4,25,Male,"Los Angeles, CA"
CUST-0095,Ethan Martinez,ethan.martinez95@example.com,2025-04-12 02:00:00,SEG-3,37,Male,"Portland, OR"
CUST-0096,Hayden Thompson,hayden.thompson96@example.com,2025-06-04 21:00:00,SEG-4,27,Male,"Portland, OR"
CUST-0097,Logan Brown,logan.brown97@example.com,2025-08-08 21:00:00,SEG-4,21,Male,"Miami, FL"
CUST-0098,Reese Williams,reese.williams98@example.com,2025-09-08 03:00:00,SEG-2,20,Female,"Toronto, ON"
CUST-0099,Skyler Lopez,skyler.lopez99@example.com,2025-04-01 23:00:00,SEG-3,39,Female,"Toronto, ON"
CUST-0100,Peyton Lee,peyton.lee100@example.com,2025-08-27 13:00:00,SEG-1,40,Non-binary,"London, UK"
CUST-0101,Sophia White,sophia.white101@example.com,2025-05-23 14:00:00,SEG-3,35,Female,"Los Angeles, CA"
CUST-0102,Riley Harris,riley.harris102@example.com,2025-01-15 15:00:00,SEG-2,22,Non-binary,"San Francisco, CA"
CUST-0103,Isabella Hernandez,isabella.hernandez103@example.com,2025-06-24 08:00:00,SEG-1,31,Female,"Seattle, WA"
CUST-0104,Lucas Martin,lucas.martin104@example.com,2025-04-08 02:00:00,SEG-3,33,Female,"Miami, FL"
CUST-0105,Riley White,riley.white105@example.com,2025-09-01 20:00:00,SEG-2,22,Female,"Portland, OR"
CUST-0106,Noah Thomas,noah.thomas106@example.com,2025-04-24 12:00:00,SEG-2,18,Female,"Seattle, WA"
CUST-0107,Noah Davis,noah.davis107@example.com,2025-10-11 16:00:00,SEG-2,22,Male,"London, UK"
CUST-0108,Reese Wilson,reese.wilson108@example.com,2025-08-21 08:00:00,SEG-5,43,Female,"Portland, OR"
CUST-0109,Dakota Rodriguez,dakota.rodriguez109@example.com,2025-03-03 23:00:00,SEG-1,39,Male,"San Francisco, CA"
CUST-0110,Kendall Harris,kendall.harris110@example.com,2025-09-05 08:00:00,SEG-3,31,Female,"Portland, OR"
CUST-0111,Emma Jackson,emma.jackson111@example.com,2025-04-10 09:00:00,SEG-5,55,Female,"Los Angeles, CA"
CUST-0112,Riley Lopez,riley.lopez112@example.com,2025-03-06 08:00:00,SEG-1,28,Non-binary,"Miami, FL"
CUST-0113,Jordan Johnson,jordan.johnson113@example.com,2025-01-07 18:00:00,SEG-3,29,Male,"Los Angeles, CA"
CUST-0114,Dakota Thomas,dakota.thomas114@example.com,2025-05-10 15:00:00,SEG-2,20,Female,"New York, NY"
CUST-0115,Morgan Williams,morgan.williams115@example.com,2025-03-18 18:00:00,SEG-2,18,Female,"Chicago, IL"
CUST-0116,Dakota Williams,dakota.williams116@example.com,2025-11-02 19:00:00,SEG-5,29,Female,"Denver, CO"
CUST-0117,Riley Harris,riley.harris117@example.com,2025-10-29 13:00:00,SEG-2,21,Non-binary,"Seattle, WA"
CUST-0118,Dakota Jackson,dakota.jackson118@example.com,2025-11-17 06:00:00,SEG-3,44,Female,"Austin, TX"
CUST-0119,Casey Perez,casey.perez119@example.com,2025-02-08 05:00:00,SEG-1,31,Male,"Miami, FL"
CUST-0120,Alex Wilson,alex.wilson120@example.com,2025-01-17 07:00:00,SEG-2,22,Non-binary,"Seattle, WA"
CUST-0121,Dakota Thompson,dakota.thompson121@example.com,2025-04-30 08:00:00,SEG-1,41,Female,"Los Angeles, CA"
CUST-0122,Ava Lee,ava.lee122@example.com,2025-10-06 07:00:00,SEG-3,31,Male,"Los Angeles, CA"
CUST-0123,Maya Jones,maya.jones123@example.com,2025-03-26 09:00:00,SEG-5,31,Male,"New York, NY"
CUST-0124,Logan White,logan.white124@example.com,2025-08-28 22:00:00,SEG-4,29,Male,"Los Angeles, CA"
CUST-0125,Dakota Thompson,dakota.thompson125@example.com,2025-02-11 19:00:00,SEG-2,20,Non-binary,"London, UK"
CUST-0126,Jordan Wilson,jordan.wilson126@example.com,2025-02-16 07:00:00,SEG-3,44,Female,"New York, NY"
CUST-0127,Liam Jackson,liam.jackson127@example.com,2025-01-21 05:00:00,SEG-3,25,Female,"Denver, CO"
CUST-0128,Jamie Taylor,jamie.taylor128@example.com,2025-08-12 20:00:00,SEG-3,33,Female,"Denver, CO"
CUST-0129,Sophia Thomas,sophia.thomas129@example.com,2025-06-20 10:00:00,SEG-5,52,Female,"Toronto, ON"
CUST-0130,Liam Brown,liam.brown130@example.com,2025-09-11 09:00:00,SEG-4,30,Male,"Portland, OR"
CUST-0131,Liam Gonzalez,liam.gonzalez131@example.com,2025-06-11 08:00:00,SEG-4,21,Male,"Los Angeles, CA"
CUST-0132,Avery Brown,avery.brown132@example.com,2025-10-05 14:00:00,SEG-5,47,Male,"Boston, MA"
CUST-0133,Skyler Johnson,skyler.johnson133@example.com,2025-11-17 14:00:00,SEG-1,33,Non-binary,"London, UK"
CUST-0134,Olivia Johnson,olivia.johnson134@example.com,2025-08-13 22:00:00,SEG-1,36,Male,"Seattle, WA"
CUST-0135,Jamie Brown,jamie.brown135@example.com,2025-03-23 09:00:00,SEG-1,38,Non-binary,"Austin, TX"
CUST-0136,Kendall Smith,kendall.smith136@example.com,2025-08-25 03:00:00,SEG-3,27,Female,"Los Angeles, CA"
CUST-0137,Maya Jones,maya.jones137@example.com,2025-05-20 13:00:00,SEG-2,23,Male,"Miami, FL"
CUST-0138,Sophia Thomas,sophia.thomas138@example.com,2025-03-16 12:00:00,SEG-5,37,Female,"Miami, FL"
CUST-0139,Pat Martin,pat.martin139@example.com,2025-08-01 10:00:00,SEG-2,19,Female,"Seattle, WA"
CUST-0140,Ethan Taylor,ethan.taylor140@example.com,2025-06-02 18:00:00,SEG-1,28,Female,"Portland, OR"
CUST-0141,Hayden Perez,hayden.perez141@example.com,2025-09-05 11:00:00,SEG-2,19,Non-binary,"Miami, FL"
CUST-0142,Avery Moore,avery.moore142@example.com,2025-04-07 22:00:00,SEG-4,32,Male,"San Francisco, CA"
CUST-0143,Riley Jackson,riley.jackson143@example.com,2025-06-12 23:00:00,SEG-2,24,Non-binary,"New York, NY"
CUST-0144,Jamie Thompson,jamie.thompson144@example.com,2025-11-30 04:00:00,SEG-5,46,Female,"Boston, MA"
CUST-0145,Jamie Johnson,jamie.johnson145@example.com,2025-08-14 03:00:00,SEG-1,37,Female,"Los Angeles, CA"
CUST-0146,Peyton Anderson,peyton.anderson146@example.com,2025-03-21 02:00:00,SEG-1,30,Female,"Boston, MA"
CUST-0147,Jamie Rodriguez,jamie.rodriguez147@example.com,2025-02-11 10:00:00,SEG-2,23,Non-binary,"Boston, MA"
CUST-0148,Isabella Perez,isabella.perez148@example.com,2025-09-07 17:00:00,SEG-4,32,Male,"Boston, MA"
CUST-0149,Jordan Martin,jordan.martin149@example.com,2025-04-27 23:00:00,SEG-1,38,Non-binary,"Seattle, WA"
CUST-0150,Taylor Wilson,taylor.wilson150@example.com,2025-06-03 00:00:00,SEG-5,28,Female,"Chicago, IL"
CUST-0151,Jordan Hernandez,jordan.hernandez151@example.com,2025-08-09 04:00:00,SEG-4,29,Male,"San Francisco, CA"
CUST-0152,Riley Taylor,riley.taylor152@example.com,2025-03-31 02:00:00,SEG-2,23,Female,"Chicago, IL"
CUST-0153,Logan Gonzalez,logan.gonzalez153@example.com,2025-03-15 07:00:00,SEG-3,32,Male,"Denver, CO"
CUST-0154,Cameron Lee,cameron.lee154@example.com,2025-08-27 09:00:00,SEG-1,32,Non-binary,"New York, NY"
CUST-0155,Liam Moore,liam.moore155@example.com,2025-06-03 20:00:00,SEG-1,35,Female,"Denver, CO"
CUST-0156,Skyler Thompson,skyler.thompson156@example.com,2025-07-16 15:00:00,SEG-1,41,Female,"Austin, TX"
CUST-0157,Morgan Davis,morgan.davis157@example.com,2025-06-01 00:00:00,SEG-2,20,Male,"Portland, OR"
CUST-0158,Sophia Perez,sophia.perez158@example.com,2025-09-12 09:00:00,SEG-2,18,Female,"Denver, CO"
CUST-0159,Olivia Davis,olivia.davis159@example.com,2025-04-08 19:00:00,SEG-3,36,Female,"Boston, MA"
CUST-0160,Casey Perez,casey.perez160@example.com,2025-11-18 20:00:00,SEG-4,24,Female,"Los Angeles, CA"
CUST-0161,Jordan Martinez,jordan.martinez161@example.com,2025-03-09 02:00:00,SEG-4,21,Female,"San Francisco, CA"
CUST-0162,Ethan Martinez,ethan.martinez162@example.com,2025-03-09 17:00:00,SEG-2,21,Female,"Austin, TX"
CUST-0163,Lucas Lopez,lucas.lopez163@example.com,2025-09-04 09:00:00,SEG-2,20,Female,"Seattle, WA"
CUST-0164,Emma Hernandez,emma.hernandez164@example.com,2025-04-26 21:00:00,SEG-4,34,Male,"Chicago, IL"
CUST-0165,Emma Perez,emma.perez165@example.com,2025-01-08 08:00:00,SEG-5,45,Male,"Toronto, ON"
CUST-0166,Kendall Brown,kendall.brown166@example.com,2025-07-15 20:00:00,SEG-2,23,Male,"Denver, CO"
CUST-0167,Reese Brown,reese.brown167@example.com,2025-10-15 10:00:00,SEG-3,40,Female,"Denver, CO"
CUST-0168,Ethan Martin,ethan.martin168@example.com,2025-06-04 20:00:00,SEG-1,29,Non-binary,"London, UK"
CUST-0169,Skyler Brown,skyler.brown169@example.com,2025-03-01 03:00:00,SEG-1,28,Female,"London, UK"
CUST-0170,Riley Moore,riley.moore170@example.com,2025-10-04 13:00:00,SEG-1,35,Female,"Boston, MA"
CUST-0171,Hayden White,hayden.white171@example.com,2025-11-12 13:00:00,SEG-3,38,Female,"London, UK"
CUST-0172,Casey Johnson,casey.johnson172@example.com,2025-05-01 11:00:00,SEG-3,31,Male,"London, UK"
CUST-0173,Morgan Perez,morgan.perez173@example.com,2025-07-23 08:00:00,SEG-2,23,Male,"New York, NY"
CUST-0174,Pat Brown,pat.brown174@example.com,2025-04-19 20:00:00,SEG-5,51,Male,"Boston, MA"
CUST-0175,Maya Martin,maya.martin175@example.com,2025-03-06 18:00:00,SEG-5,25,Female,"Austin, TX"
CUST-0176,Pat Williams,pat.williams176@example.com,2025-04-30 10:00:00,SEG-4,26,Female,"Austin, TX"
CUST-0177,Olivia Jones,olivia.jones177@example.com,2025-03-08 17:00:00,SEG-4,20,Male,"Chicago, IL"
CUST-0178,Casey Garcia,casey.garcia178@example.com,2025-01-08 11:00:00,SEG-1,41,Male,"Chicago, IL"
CUST-0179,Ava Davis,ava.davis179@example.com,2025-01-27 04:00:00,SEG-3,25,Female,"Seattle, WA"
CUST-0180,Emma Wilson,emma.wilson180@example.com,2025-08-18 11:00:00,SEG-2,23,Female,"London, UK"
CUST-0181,Peyton Jackson,peyton.jackson181@example.com,2025-01-23 23:00:00,SEG-1,36,Male,"Denver, CO"
CUST-0182,Ava Perez,ava.perez182@example.com,2025-09-03 12:00:00,SEG-2,21,Female,"New York, NY"
CUST-0183,Skyler Perez,skyler.perez183@example.com,2025-02-11 10:00:00,SEG-1,39,Female,"Los Angeles, CA"
CUST-0184,Logan Jones,logan.jones184@example.com,2025-10-27 17:00:00,SEG-1,32,Non-binary,"Boston, MA"
CUST-0185,Noah Hernandez,noah.hernandez185@example.com,2025-09-16 19:00:00,SEG-2,22,Male,"London, UK"
CUST-0186,Skyler Brown,skyler.brown186@example.com,2025-10-10 23:00:00,SEG-4,23,Female,"Boston, MA"
CUST-0187,Isabella Miller,isabella.miller187@example.com,2025-08-21 12:00:00,SEG-2,19,Non-binary,"San Francisco, CA"
CUST-0188,Skyler White,skyler.white188@example.com,2025-05-11 11:00:00,SEG-1,34,Female,"Boston, MA"
CUST-0189,Sam Perez,sam.perez189@example.com,2025-02-17 13:00:00,SEG-5,26,Male,"Los Angeles, CA"
CUST-0190,Morgan White,morgan.white190@example.com,2025-10-15 17:00:00,SEG-3,29,Female,"Denver, CO"
CUST-0191,Avery Perez,avery.perez191@example.com,2025-01-27 09:00:00,SEG-1,33,Non-binary,"Toronto, ON"
CUST-0192,Logan Martinez,logan.martinez192@example.com,2025-12-03 15:00:00,SEG-2,22,Female,"Chicago, IL"
CUST-0193,Riley Brown,riley.brown193@example.com,2025-05-23 18:00:00,SEG-2,22,Male,"Los Angeles, CA"
CUST-0194,Riley Wilson,riley.wilson194@example.com,2025-05-17 00:00:00,SEG-4,20,Female,"Boston, MA"
CUST-0195,Chris Rodriguez,chris.rodriguez195@example.com,2025-01-04 05:00:00,SEG-3,34,Female,"San Francisco, CA"
CUST-0196,Isabella Jones,isabella.jones196@example.com,2025-11-21 00:00:00,SEG-3,37,Female,"Chicago, IL"
CUST-0197,Taylor White,taylor.white197@example.com,2025-06-24 05:00:00,SEG-2,21,Non-binary,"London, UK"
CUST-0198,Reese Martinez,reese.martinez198@example.com,2025-03-21 05:00:00,SEG-3,43,Female,"New York, NY"
CUST-0199,Olivia Martin,olivia.martin199@example.com,2025-12-05 13:00:00,SEG-1,29,Female,"London, UK"
CUST-0200,Jamie Martin,jamie.martin200@example.com,2025-02-28 11:00:00,SEG-2,20,Female,"Miami, FL"
CUST-0201,Skyler Brown,skyler.brown201@example.com,2025-09-27 21:00:00,SEG-1,38,Non-binary,"London, UK"
CUST-0202,Dakota Johnson,dakota.johnson202@example.com,2025-04-15 09:00:00,SEG-1,37,Male,"New York, NY"
CUST-0203,Pat Harris,pat.harris203@example.com,2025-03-03 00:00:00,SEG-1,32,Female,"San Francisco, CA"
CUST-0204,Jamie White,jamie.white204@example.com,2025-04-28 16:00:00,SEG-2,19,Non-binary,"Miami, FL"
CUST-0205,Kendall Perez,kendall.perez205@example.com,2025-01-22 13:00:00,SEG-4,22,Male,"Portland, OR"
CUST-0206,Alex Anderson,alex.anderson206@example.com,2025-07-27 22:00:00,SEG-5,42,Female,"Denver, CO"
CUST-0207,Maya Wilson,maya.wilson207@example.com,2025-03-29 19:00:00,SEG-1,34,Male,"San Francisco, CA"
CUST-0208,Cameron Thompson,cameron.thompson208@example.com,2025-05-05 13:00:00,SEG-5,27,Female,"Los Angeles, CA"
CUST-0209,Hayden Gonzalez,hayden.gonzalez209@example.com,2025-06-23 07:00:00,SEG-2,21,Male,"Portland, OR"
CUST-0210,Avery Harris,avery.harris210@example.com,2025-09-29 16:00:00,SEG-1,36,Non-binary,"Los Angeles, CA"
CUST-0211,Pat Harris,pat.harris211@example.com,2025-02-22 04:00:00,SEG-2,23,Female,"Austin, TX"
CUST-0212,Casey Miller,casey.miller212@example.com,2025-04-01 20:00:00,SEG-1,30,Non-binary,"Los Angeles, CA"
CUST-0213,Jamie Anderson,jamie.anderson213@example.com,2025-11-26 20:00:00,SEG-4,34,Female,"Denver, CO"
CUST-0214,Logan Hernandez,logan.hernandez214@example.com,2025-02-04 15:00:00,SEG-4,30,Male,"London, UK"
CUST-0215,Cameron Lee,cameron.lee215@example.com,2025-09-17 02:00:00,SEG-2,20,Female,"San Francisco, CA"
CUST-0216,Dakota Anderson,dakota.anderson216@example.com,2025-02-09 20:00:00,SEG-2,18,Male,"Seattle, WA"
CUST-0217,Isabella Williams,isabella.williams217@example.com,2025-10-25 17:00:00,SEG-3,41,Male,"London, UK"
CUST-0218,Ava White,ava.white218@example.com,2025-04-07 10:00:00,SEG-4,34,Female,"Boston, MA"
CUST-0219,Logan Thomas,logan.thomas219@example.com,2025-06-25 22:00:00,SEG-2,18,Non-binary,"Los Angeles, CA"
CUST-0220,Taylor Taylor,taylor.taylor220@example.com,2025-08-13 14:00:00,SEG-3,26,Female,"Portland, OR"
CUST-0221,Peyton Taylor,peyton.taylor221@example.com,2025-07-18 13:00:00,SEG-3,36,Female,"Seattle, WA"
CUST-0222,Olivia Hernandez,olivia.hernandez222@example.com,2025-06-18 03:00:00,SEG-3,26,Female,"Los Angeles, CA"
CUST-0223,Kendall Perez,kendall.perez223@example.com,2025-02-11 18:00:00,SEG-2,20,Female,"San Francisco, CA"
CUST-0224,Liam Jones,liam.jones224@example.com,2025-11-01 22:00:00,SEG-5,41,Female,"Chicago, IL"
CUST-0225,Taylor Martinez,taylor.martinez225@example.com,2025-12-10 22:00:00,SEG-3,45,Female,"Chicago, IL"
CUST-0226,Sophia White,sophia.white226@example.com,2025-12-10 13:00:00,SEG-5,55,Male,"Boston, MA"
CUST-0227,Peyton Lopez,peyton.lopez227@example.com,2025-06-24 15:00:00,SEG-1,32,Male,"Austin, TX"
CUST-0228,Pat Davis,pat.davis228@example.com,2025-02-21 16:00:00,SEG-5,31,Male,"Seattle, WA"
CUST-0229,Olivia Moore,olivia.moore229@example.com,2025-11-13 04:00:00,SEG-4,21,Female,"San Francisco, CA"
CUST-0230,Logan Gonzalez,logan.gonzalez230@example.com,2025-03-26 23:00:00,SEG-1,30,Non-binary,"Denver, CO"
CUST-0231,Cameron Johnson,cameron.johnson231@example.com,2025-11-09 09:00:00,SEG-2,23,Female,"London, UK"
CUST-0232,Olivia White,olivia.white232@example.com,2025-06-08 15:00:00,SEG-4,27,Female,"Austin, TX"
CUST-0233,Lucas Miller,lucas.miller233@example.com,2025-05-25 12:00:00,SEG-2,22,Non-binary,"London, UK"
CUST-0234,Peyton Taylor,peyton.taylor234@example.com,2025-03-12 08:00:00,SEG-2,19,Female,"Denver, CO"
CUST-0235,Jordan Lee,jordan.lee235@example.com,2025-09-22 03:00:00,SEG-2,20,Female,"Portland, OR"
CUST-0236,Dakota Williams,dakota.williams236@example.com,2025-03-17 13:00:00,SEG-4,28,Male,"Miami, FL"
CUST-0237,Taylor Davis,taylor.davis237@example.com,2025-01-28 12:00:00,SEG-4,31,Male,"Toronto, ON"
CUST-0238,Peyton Lopez,peyton.lopez238@example.com,2025-01-15 10:00:00,SEG-1,29,Female,"Austin, TX"
CUST-0239,Ethan Brown,ethan.brown239@example.com,2025-01-20 09:00:00,SEG-4,30,Male,"Chicago, IL"
CUST-0240,Ethan Thomas,ethan.thomas240@example.com,2025-11-12 00:00:00,SEG-3,29,Male,"London, UK"
CUST-0241,Lucas Williams,lucas.williams241@example.com,2025-11-08 16:00:00,SEG-1,31,Male,"Miami, FL"
CUST-0242,Skyler Brown,skyler.brown242@example.com,2025-01-25 07:00:00,SEG-4,27,Male,"Los Angeles, CA"
CUST-0243,Skyler Lee,skyler.lee243@example.com,2025-09-13 19:00:00,SEG-4,34,Male,"Los Angeles, CA"
CUST-0244,Kendall Smith,kendall.smith244@example.com,2025-03-15 09:00:00,SEG-3,43,Female,"Portland, OR"
CUST-0245,Skyler Smith,skyler.smith245@example.com,2025-12-07 21:00:00,SEG-3,32,Male,"Chicago, IL"
CUST-0246,Taylor Taylor,taylor.taylor246@example.com,2025-08-29 01:00:00,SEG-5,26,Male,"Toronto, ON"
CUST-0247,Maya Gonzalez,maya.gonzalez247@example.com,2025-02-04 11:00:00,SEG-5,38,Male,"San Francisco, CA"
CUST-0248,Riley White,riley.white248@example.com,2025-01-23 11:00:00,SEG-3,28,Female,"Chicago, IL"
CUST-0249,Kendall Hernandez,kendall.hernandez249@example.com,2025-09-03 20:00:00,SEG-4,25,Female,"London, UK"
CUST-0250,Chris Jones,chris.jones250@example.com,2025-05-31 06:00:00,SEG-1,40,Female,"New York, NY"
CUST-0251,Jordan Miller,jordan.miller251@example.com,2025-07-23 17:00:00,SEG-4,30,Male,"Miami, FL"
CUST-0252,Jamie Rodriguez,jamie.rodriguez252@example.com,2025-07-02 01:00:00,SEG-1,38,Male,"Seattle, WA"
CUST-0253,Isabella Lee,isabella.lee253@example.com,2025-07-24 23:00:00,SEG-2,18,Male,"Toronto, ON"
CUST-0254,Cameron Gonzalez,cameron.gonzalez254@example.com,2025-09-12 11:00:00,SEG-2,19,Non-binary,"Portland, OR"
CUST-0255,Ethan Taylor,ethan.taylor255@example.com,2025-02-10 13:00:00,SEG-1,29,Non-binary,"Toronto, ON"
CUST-0256,Logan Garcia,logan.garcia256@example.com,2025-06-17 21:00:00,SEG-2,20,Female,"Los Angeles, CA"
CUST-0257,Dakota Martinez,dakota.martinez257@example.com,2025-08-16 11:00:00,SEG-2,23,Non-binary,"Chicago, IL"
CUST-0258,Cameron Johnson,cameron.johnson258@example.com,2025-11-24 01:00:00,SEG-3,36,Male,"Seattle, WA"
CUST-0259,Taylor Perez,taylor.perez259@example.com,2025-03-15 19:00:00,SEG-3,36,Female,"New York, NY"
CUST-0260,Liam Anderson,liam.anderson260@example.com,2025-07-07 11:00:00,SEG-1,29,Male,"Boston, MA"
CUST-0261,Quinn Jackson,quinn.jackson261@example.com,2025-07-09 11:00:00,SEG-1,30,Non-binary,"London, UK"
CUST-0262,Cameron Harris,cameron.harris262@example.com,2025-07-23 10:00:00,SEG-1,30,Non-binary,"San Francisco, CA"
CUST-0263,Maya Rodriguez,maya.rodriguez263@example.com,2025-04-06 15:00:00,SEG-1,29,Male,"Portland, OR"
CUST-0264,Peyton Gonzalez,peyton.gonzalez264@example.com,2025-08-17 06:00:00,SEG-5,29,Female,"Seattle, WA"
CUST-0265,Logan Martinez,logan.martinez265@example.com,2025-03-11 02:00:00,SEG-3,40,Female,"Los Angeles, CA"
CUST-0266,Cameron Garcia,cameron.garcia266@example.com,2025-06-13 21:00:00,SEG-4,34,Male,"Boston, MA"
CUST-0267,Reese Thompson,reese.thompson267@example.com,2025-03-22 22:00:00,SEG-1,36,Female,"Seattle, WA"
CUST-0268,Noah Thompson,noah.thompson268@example.com,2025-04-13 04:00:00,SEG-3,36,Female,"Los Angeles, CA"
CUST-0269,Riley Thomas,riley.thomas269@example.com,2025-08-28 17:00:00,SEG-1,36,Non-binary,"San Francisco, CA"
CUST-0270,Sam Martin,sam.martin270@example.com,2025-09-03 16:00:00,SEG-4,22,Male,"Toronto, ON"
CUST-0271,Skyler Harris,skyler.harris271@example.com,2025-06-12 20:00:00,SEG-2,22,Female,"Chicago, IL"
CUST-0272,Taylor Anderson,taylor.anderson272@example.com,2025-10-10 20:00:00,SEG-2,22,Male,"Chicago, IL"
CUST-0273,Hayden Garcia,hayden.garcia273@example.com,2025-01-29 03:00:00,SEG-4,24,Male,"Miami, FL"
CUST-0274,Peyton Jones,peyton.jones274@example.com,2025-04-26 11:00:00,SEG-2,19,Male,"Portland, OR"
CUST-0275,Peyton Martinez,peyton.martinez275@example.com,2025-10-10 08:00:00,SEG-4,28,Male,"Boston, MA"
CUST-0276,Sam Lee,sam.lee276@example.com,2025-11-25 05:00:00,SEG-2,22,Female,"Miami, FL"
CUST-0277,Hayden Jackson,hayden.jackson277@example.com,2025-11-06 10:00:00,SEG-1,38,Non-binary,"Portland, OR"
CUST-0278,Sophia Jackson,sophia.jackson278@example.com,2025-01-24 20:00:00,SEG-1,41,Male,"Los Angeles, CA"
CUST-0279,Olivia Jackson,olivia.jackson279@example.com,2025-11-13 20:00:00,SEG-1,31,Non-binary,"Toronto, ON"
CUST-0280,Alex Thomas,alex.thomas280@example.com,2025-09-05 07:00:00,SEG-4,29,Female,"Seattle, WA"
CUST-0281,Ava Perez,ava.perez281@example.com,2025-01-31 05:00:00,SEG-2,21,Female,"Portland, OR"
CUST-0282,Cameron Wilson,cameron.wilson282@example.com,2025-03-15 10:00:00,SEG-2,19,Male,"Denver, CO"
CUST-0283,Isabella Thompson,isabella.thompson283@example.com,2025-03-08 11:00:00,SEG-2,24,Male,"Toronto, ON"
CUST-0284,Peyton Moore,peyton.moore284@example.com,2025-05-17 14:00:00,SEG-1,31,Female,"Los Angeles, CA"
CUST-0285,Riley Jones,riley.jones285@example.com,2025-08-03 07:00:00,SEG-1,32,Female,"Denver, CO"
CUST-0286,Isabella Garcia,isabella.garcia286@example.com,2025-09-13 16:00:00,SEG-4,30,Male,"Chicago, IL"
CUST-0287,Cameron Thomas,cameron.thomas287@example.com,2025-07-21 16:00:00,SEG-4,35,Male,"Los Angeles, CA"
CUST-0288,Cameron Davis,cameron.davis288@example.com,2025-05-25 15:00:00,SEG-1,33,Male,"New York, NY"
CUST-0289,Logan Lee,logan.lee289@example.com,2025-08-09 04:00:00,SEG-3,34,Female,"Los Angeles, CA"
CUST-0290,Lucas Rodriguez,lucas.rodriguez290@example.com,2025-07-25 01:00:00,SEG-3,37,Female,"New York, NY"
CUST-0291,Hayden Moore,hayden.moore291@example.com,2025-07-17 16:00:00,SEG-1,36,Female,"Los Angeles, CA"
CUST-0292,Cameron Harris,cameron.harris292@example.com,2025-02-19 12:00:00,SEG-2,24,Female,"Chicago, IL"
CUST-0293,Reese Hernandez,reese.hernandez293@example.com,2025-11-05 16:00:00,SEG-3,36,Female,"Austin, TX"
CUST-0294,Quinn Taylor,quinn.taylor294@example.com,2025-06-20 15:00:00,SEG-1,28,Male,"Portland, OR"
CUST-0295,Peyton Anderson,peyton.anderson295@example.com,2025-06-17 19:00:00,SEG-1,42,Non-binary,"Chicago, IL"
CUST-0296,Avery Garcia,avery.garcia296@example.com,2025-06-22 16:00:00,SEG-2,22,Male,"Denver, CO"
CUST-0297,Sophia Taylor,sophia.taylor297@example.com,2025-01-09 11:00:00,SEG-2,23,Male,"London, UK"
CUST-0298,Avery Perez,avery.perez298@example.com,2025-11-19 00:00:00,SEG-1,34,Non-binary,"Seattle, WA"
CUST-0299,Logan Thomas,logan.thomas299@example.com,2025-04-27 23:00:00,SEG-1,38,Non-binary,"Denver, CO"
CUST-0300,Jordan Jackson,jordan.jackson300@example.com,2025-12-15 07:00:00,SEG-2,22,Non-binary,"Chicago, IL"
CUST-0301,Jordan Jackson,jordan.jackson301@example.com,2025-08-14 10:00:00,SEG-5,29,Male,"New York, NY"
CUST-0302,Skyler Jones,skyler.jones302@example.com,2025-11-10 15:00:00,SEG-2,19,Non-binary,"Miami, FL"
CUST-0303,Isabella White,isabella.white303@example.com,2025-06-16 21:00:00,SEG-3,29,Female,"Miami, FL"
CUST-0304,Jamie Taylor,jamie.taylor304@example.com,2025-06-25 17:00:00,SEG-2,19,Non-binary,"Miami, FL"
CUST-0305,Reese Perez,reese.perez305@example.com,2025-04-09 07:00:00,SEG-4,28,Female,"London, UK"
CUST-0306,Casey Moore,casey.moore306@example.com,2025-04-17 22:00:00,SEG-1,32,Female,"Portland, OR"
CUST-0307,Noah Thomas,noah.thomas307@example.com,2025-03-04 18:00:00,SEG-2,20,Male,"Seattle, WA"
CUST-0308,Liam Moore,liam.moore308@example.com,2025-05-29 01:00:00,SEG-2,21,Male,"Chicago, IL"
CUST-0309,Dakota Thompson,dakota.thompson309@example.com,2025-05-12 23:00:00,SEG-1,42,Female,"Boston, MA"
CUST-0310,Jamie Miller,jamie.miller310@example.com,2025-05-20 04:00:00,SEG-1,36,Female,"Miami, FL"
CUST-0311,Morgan Martin,morgan.martin311@example.com,2025-12-09 16:00:00,SEG-3,32,Female,"New York, NY"
CUST-0312,Riley Lee,riley.lee312@example.com,2025-08-30 03:00:00,SEG-1,29,Female,"San Francisco, CA"
CUST-0313,Liam Harris,liam.harris313@example.com,2025-12-01 15:00:00,SEG-1,36,Male,"Toronto, ON"
CUST-0314,Jamie Lee,jamie.lee314@example.com,2025-11-27 01:00:00,SEG-1,32,Female,"Seattle, WA"
CUST-0315,Ethan Harris,ethan.harris315@example.com,2025-01-20 05:00:00,SEG-1,37,Male,"Miami, FL"
CUST-0316,Skyler Garcia,skyler.garcia316@example.com,2025-04-06 23:00:00,SEG-5,24,Female,"London, UK"
CUST-0317,Isabella Martinez,isabella.martinez317@example.com,2025-11-05 03:00:00,SEG-4,20,Male,"Denver, CO"
CUST-0318,Ethan Hernandez,ethan.hernandez318@example.com,2025-09-10 04:00:00,SEG-1,38,Non-binary,"Miami, FL"
CUST-0319,Isabella Taylor,isabella.taylor319@example.com,2025-03-25 23:00:00,SEG-2,19,Female,"San Francisco, CA"
CUST-0320,Cameron Lee,cameron.lee320@example.com,2025-06-22 09:00:00,SEG-1,30,Male,"Portland, OR"
CUST-0321,Hayden Perez,hayden.perez321@example.com,2025-07-27 13:00:00,SEG-4,25,Female,"Boston, MA"
CUST-0322,Peyton Hernandez,peyton.hernandez322@example.com,2025-03-13 15:00:00,SEG-1,38,Male,"Chicago, IL"
CUST-0323,Avery Davis,avery.davis323@example.com,2025-05-17 10:00:00,SEG-1,34,Male,"London, UK"
CUST-0324,Dakota Jackson,dakota.jackson324@example.com,2025-07-04 22:00:00,SEG-3,25,Female,"Boston, MA"
CUST-0325,Riley Johnson,riley.johnson325@example.com,2025-07-27 21:00:00,SEG-3,39,Female,"Chicago, IL"
CUST-0326,Peyton Thompson,peyton.thompson326@example.com,2025-07-08 19:00:00,SEG-4,23,Female,"Seattle, WA"
CUST-0327,Riley Davis,riley.davis327@example.com,2025-11-07 11:00:00,SEG-5,52,Male,"London, UK"
CUST-0328,Skyler Thompson,skyler.thompson328@example.com,2025-12-15 19:00:00,SEG-2,21,Female,"Austin, TX"
CUST-0329,Isabella Williams,isabella.williams329@example.com,2025-10-16 03:00:00,SEG-2,22,Male,"Los Angeles, CA"
CUST-0330,Jordan Moore,jordan.moore330@example.com,2025-06-17 16:00:00,SEG-5,34,Male,"Chicago, IL"
CUST-0331,Cameron Brown,cameron.brown331@example.com,2025-09-19 14:00:00,SEG-3,43,Male,"Los Angeles, CA"
CUST-0332,Ava Johnson,ava.johnson332@example.com,2025-10-16 01:00:00,SEG-2,22,Non-binary,"London, UK"
CUST-0333,Kendall Anderson,kendall.anderson333@example.com,2025-05-11 00:00:00,SEG-3,34,Female,"Toronto, ON"
CUST-0334,Emma Miller,emma.miller334@example.com,2025-02-02 17:00:00,SEG-3,26,Male,"San Francisco, CA"
CUST-0335,Jordan Williams,jordan.williams335@example.com,2025-07-29 05:00:00,SEG-5,52,Male,"Seattle, WA"
CUST-0336,Olivia Jones,olivia.jones336@example.com,2025-08-18 12:00:00,SEG-4,33,Male,"Toronto, ON"
CUST-0337,Quinn Williams,quinn.williams337@example.com,2025-06-28 03:00:00,SEG-3,42,Female,"Boston, MA"
CUST-0338,Chris Moore,chris.moore338@example.com,2025-01-12 09:00:00,SEG-2,19,Female,"New York, NY"
CUST-0339,Cameron Perez,cameron.perez339@example.com,2025-05-07 14:00:00,SEG-3,38,Male,"Austin, TX"
CUST-0340,Reese Jones,reese.jones340@example.com,2025-01-17 21:00:00,SEG-1,42,Non-binary,"Los Angeles, CA"
CUST-0341,Skyler Martin,skyler.martin341@example.com,2025-02-04 03:00:00,SEG-4,20,Male,"Austin, TX"
CUST-0342,Logan Johnson,logan.johnson342@example.com,2025-01-23 12:00:00,SEG-2,23,Female,"Austin, TX"
CUST-0343,Cameron Davis,cameron.davis343@example.com,2025-09-15 09:00:00,SEG-2,24,Female,"Chicago, IL"
CUST-0344,Riley White,riley.white344@example.com,2025-06-04 04:00:00,SEG-3,43,Female,"Austin, TX"
CUST-0345,Liam Taylor,liam.taylor345@example.com,2025-10-13 18:00:00,SEG-1,32,Female,"New York, NY"
CUST-0346,Lucas White,lucas.white346@example.com,2025-06-26 20:00:00,SEG-5,49,Female,"New York, NY"
CUST-0347,Liam Gonzalez,liam.gonzalez347@example.com,2025-07-29 04:00:00,SEG-4,30,Female,"Toronto, ON"
CUST-0348,Dakota Gonzalez,dakota.gonzalez348@example.com,2025-04-26 09:00:00,SEG-1,36,Female,"Austin, TX"
CUST-0349,Isabella Thompson,isabella.thompson349@example.com,2025-07-31 13:00:00,SEG-1,35,Male,"Miami, FL"
CUST-0350,Kendall Taylor,kendall.taylor350@example.com,2025-06-19 20:00:00,SEG-1,31,Female,"Austin, TX"
CUST-0351,Taylor Anderson,taylor.anderson351@example.com,2025-04-08 01:00:00,SEG-4,22,Female,"Portland, OR"
CUST-0352,Casey Gonzalez,casey.gonzalez352@example.com,2025-04-07 18:00:00,SEG-3,44,Female,"Los Angeles, CA"
CUST-0353,Emma Perez,emma.perez353@example.com,2025-06-05 00:00:00,SEG-3,40,Female,"San Francisco, CA"
CUST-0354,Pat Miller,pat.miller354@example.com,2025-11-06 22:00:00,SEG-5,29,Female,"Austin, TX"
CUST-0355,Pat Gonzalez,pat.gonzalez355@example.com,2025-08-27 17:00:00,SEG-5,42,Female,"Toronto, ON"
CUST-0356,Maya Lopez,maya.lopez356@example.com,2025-02-20 23:00:00,SEG-2,20,Non-binary,"London, UK"
CUST-0357,Jamie Harris,jamie.harris357@example.com,2025-07-31 01:00:00,SEG-4,26,Male,"San Francisco, CA"
CUST-0358,Hayden Davis,hayden.davis358@example.com,2025-10-27 18:00:00,SEG-3,25,Female,"Miami, FL"
CUST-0359,Emma Wilson,emma.wilson359@example.com,2025-07-14 18:00:00,SEG-1,31,Female,"Austin, TX"
CUST-0360,Sophia Davis,sophia.davis360@example.com,2025-09-08 23:00:00,SEG-2,23,Male,"Seattle, WA"
CUST-0361,Maya White,maya.white361@example.com,2025-03-13 23:00:00,SEG-2,19,Male,"Chicago, IL"
CUST-0362,Kendall Thomas,kendall.thomas362@example.com,2025-01-31 16:00:00,SEG-1,42,Non-binary,"Boston, MA"
CUST-0363,Jordan Williams,jordan.williams363@example.com,2025-03-12 20:00:00,SEG-5,25,Male,"Toronto, ON"
CUST-0364,Riley Williams,riley.williams364@example.com,2025-08-22 11:00:00,SEG-3,25,Female,"Miami, FL"
CUST-0365,Jordan Martin,jordan.martin365@example.com,2025-09-07 00:00:00,SEG-3,44,Male,"Boston, MA"
CUST-0366,Alex Moore,alex.moore366@example.com,2025-05-21 17:00:00,SEG-3,25,Female,"Miami, FL"
CUST-0367,Dakota Smith,dakota.smith367@example.com,2025-02-24 03:00:00,SEG-2,23,Non-binary,"Chicago, IL"
CUST-0368,Peyton Jones,peyton.jones368@example.com,2025-07-01 08:00:00,SEG-1,37,Non-binary,"Seattle, WA"
CUST-0369,Ava Gonzalez,ava.gonzalez369@example.com,2025-05-05 22:00:00,SEG-1,34,Female,"Denver, CO"
CUST-0370,Riley Martinez,riley.martinez370@example.com,2025-07-27 12:00:00,SEG-3,27,Female,"Los Angeles, CA"
CUST-0371,Quinn Moore,quinn.moore371@example.com,2025-03-29 02:00:00,SEG-2,23,Female,"Portland, OR"
CUST-0372,Jamie Wilson,jamie.wilson372@example.com,2025-01-22 07:00:00,SEG-3,35,Female,"Miami, FL"
CUST-0373,Pat Thompson,pat.thompson373@example.com,2025-02-08 21:00:00,SEG-4,35,Male,"New York, NY"
CUST-0374,Ethan Rodriguez,ethan.rodriguez374@example.com,2025-01-09 06:00:00,SEG-4,21,Male,"San Francisco, CA"
CUST-0375,Hayden Jones,hayden.jones375@example.com,2025-03-25 18:00:00,SEG-4,32,Male,"Seattle, WA"
CUST-0376,Riley Jackson,riley.jackson376@example.com,2025-06-19 12:00:00,SEG-4,32,Female,"Miami, FL"
CUST-0377,Olivia White,olivia.white377@example.com,2025-09-14 23:00:00,SEG-1,39,Non-binary,"Los Angeles, CA"
CUST-0378,Reese Johnson,reese.johnson378@example.com,2025-11-06 19:00:00,SEG-1,31,Male,"San Francisco, CA"
CUST-0379,Logan Gonzalez,logan.gonzalez379@example.com,2025-05-20 14:00:00,SEG-5,42,Male,"Boston, MA"
CUST-0380,Jamie Davis,jamie.davis380@example.com,2025-12-15 18:00:00,SEG-2,21,Non-binary,"Chicago, IL"
CUST-0381,Liam Gonzalez,liam.gonzalez381@example.com,2025-02-07 02:00:00,SEG-1,37,Female,"Austin, TX"
CUST-0382,Casey Jones,casey.jones382@example.com,2025-07-19 10:00:00,SEG-2,24,Female,"Portland, OR"
CUST-0383,Reese Brown,reese.brown383@example.com,2025-05-19 03:00:00,SEG-1,32,Female,"San Francisco, CA"
CUST-0384,Sam Williams,sam.williams384@example.com,2025-09-20 13:00:00,SEG-1,35,Non-binary,"Miami, FL"
CUST-0385,Morgan Smith,morgan.smith385@example.com,2025-11-03 10:00:00,SEG-1,36,Male,"Denver, CO"
CUST-0386,Isabella Gonzalez,isabella.gonzalez386@example.com,2025-10-14 07:00:00,SEG-1,34,Female,"Los Angeles, CA"
CUST-0387,Hayden Taylor,hayden.taylor387@example.com,2025-05-18 09:00:00,SEG-1,34,Male,"Chicago, IL"
CUST-0388,Casey Thomas,casey.thomas388@example.com,2025-08-04 09:00:00,SEG-1,30,Female,"Seattle, WA"
CUST-0389,Jamie Williams,jamie.williams389@example.com,2025-11-12 06:00:00,SEG-2,19,Non-binary,"Denver, CO"
CUST-0390,Cameron Brown,cameron.brown390@example.com,2025-11-14 12:00:00,SEG-1,28,Female,"San Francisco, CA"
CUST-0391,Ava Hernandez,ava.hernandez391@example.com,2025-06-14 19:00:00,SEG-2,21,Female,"Seattle, WA"
CUST-0392,Noah Miller,noah.miller392@example.com,2025-05-30 23:00:00,SEG-2,19,Non-binary,"San Francisco, CA"
CUST-0393,Noah Lee,noah.lee393@example.com,2025-07-12 08:00:00,SEG-2,22,Female,"San Francisco, CA"
CUST-0394,Sophia Gonzalez,sophia.gonzalez394@example.com,2025-10-07 05:00:00,SEG-2,22,Female,"Denver, CO"
CUST-0395,Liam Harris,liam.harris395@example.com,2025-05-30 22:00:00,SEG-3,39,Female,"London, UK"
CUST-0396,Taylor Wilson,taylor.wilson396@example.com,2025-05-10 21:00:00,SEG-3,29,Female,"Austin, TX"
CUST-0397,Sam Thompson,sam.thompson397@example.com,2025-11-03 15:00:00,SEG-2,21,Female,"London, UK"
CUST-0398,Hayden Gonzalez,hayden.gonzalez398@example.com,2025-01-19 11:00:00,SEG-2,24,Non-binary,"Miami, FL"
CUST-0399,Noah Moore,noah.moore399@example.com,2025-12-03 21:00:00,SEG-3,27,Female,"Austin, TX"
CUST-0400,Reese Garcia,reese.garcia400@example.com,2025-08-09 03:00:00,SEG-3,26,Male,"San Francisco, CA"
CUST-0401,Alex Brown,alex.brown401@example.com,2025-10-13 18:00:00,SEG-1,36,Non-binary,"Miami, FL"
CUST-0402,Noah Jackson,noah.jackson402@example.com,2025-12-14 18:00:00,SEG-1,33,Female,"London, UK"
CUST-0403,Noah Taylor,noah.taylor403@example.com,2025-06-01 13:00:00,SEG-1,28,Female,"Los Angeles, CA"
CUST-0404,Ethan Williams,ethan.williams404@example.com,2025-06-09 10:00:00,SEG-1,39,Male,"San Francisco, CA"
CUST-0405,Cameron Miller,cameron.miller405@example.com,2025-08-13 23:00:00,SEG-2,20,Non-binary,"Los Angeles, CA"
CUST-0406,Noah Anderson,noah.anderson406@example.com,2025-02-28 00:00:00,SEG-2,20,Female,"Portland, OR"
CUST-0407,Isabella Hernandez,isabella.hernandez407@example.com,2025-03-31 17:00:00,SEG-3,30,Female,"Miami, FL"
CUST-0408,Chris Hernandez,chris.hernandez408@example.com,2025-11-19 05:00:00,SEG-3,39,Female,"Toronto, ON"
CUST-0409,Chris Lee,chris.lee409@example.com,2025-11-11 06:00:00,SEG-3,37,Female,"Portland, OR"
CUST-0410,Cameron Jackson,cameron.jackson410@example.com,2025-05-23 22:00:00,SEG-2,18,Female,"Austin, TX"
CUST-0411,Ava Williams,ava.williams411@example.com,2025-06-16 06:00:00,SEG-3,42,Female,"San Francisco, CA"
CUST-0412,Cameron Brown,cameron.brown412@example.com,2025-11-24 10:00:00,SEG-1,41,Female,"Miami, FL"
CUST-0413,Logan Gonzalez,logan.gonzalez413@example.com,2025-06-30 14:00:00,SEG-3,43,Female,"San Francisco, CA"
CUST-0414,Logan Garcia,logan.garcia414@example.com,2025-02-13 21:00:00,SEG-4,29,Female,"Denver, CO"
CUST-0415,Sam Hernandez,sam.hernandez415@example.com,2025-07-11 22:00:00,SEG-1,32,Male,"Chicago, IL"
CUST-0416,Sam Taylor,sam.taylor416@example.com,2025-07-16 13:00:00,SEG-2,22,Female,"Denver, CO"
CUST-0417,Chris Thomas,chris.thomas417@example.com,2025-03-27 15:00:00,SEG-3,45,Female,"Miami, FL"
CUST-0418,Dakota Jones,dakota.jones418@example.com,2025-01-28 11:00:00,SEG-1,41,Female,"Denver, CO"
CUST-0419,Alex Thomas,alex.thomas419@example.com,2025-09-16 20:00:00,SEG-1,41,Female,"Miami, FL"
CUST-0420,Jamie Wilson,jamie.wilson420@example.com,2025-03-27 02:00:00,SEG-3,38,Male,"London, UK"
CUST-0421,Hayden Smith,hayden.smith421@example.com,2025-05-21 07:00:00,SEG-4,27,Male,"New York, NY"
CUST-0422,Kendall Martinez,kendall.martinez422@example.com,2025-09-11 17:00:00,SEG-1,35,Non-binary,"Portland, OR"
CUST-0423,Peyton Brown,peyton.brown423@example.com,2025-01-22 23:00:00,SEG-3,33,Female,"Miami, FL"
CUST-0424,Cameron Moore,cameron.moore424@example.com,2025-12-01 07:00:00,SEG-1,34,Male,"Portland, OR"
CUST-0425,Dakota Johnson,dakota.johnson425@example.com,2025-03-02 07:00:00,SEG-2,20,Female,"London, UK"
CUST-0426,Pat White,pat.white426@example.com,2025-11-12 04:00:00,SEG-3,36,Male,"Chicago, IL"
CUST-0427,Ava Miller,ava.miller427@example.com,2025-09-30 08:00:00,SEG-4,21,Female,"San Francisco, CA"
CUST-0428,Logan Moore,logan.moore428@example.com,2025-10-21 08:00:00,SEG-1,39,Female,"Seattle, WA"
CUST-0429,Isabella Taylor,isabella.taylor429@example.com,2025-01-31 08:00:00,SEG-5,28,Male,"Toronto, ON"
CUST-0430,Isabella Lee,isabella.lee430@example.com,2025-03-16 22:00:00,SEG-1,41,Male,"Austin, TX"
CUST-0431,Avery Davis,avery.davis431@example.com,2025-10-23 20:00:00,SEG-4,32,Male,"Chicago, IL"
CUST-0432,Casey Lee,casey.lee432@example.com,2025-02-17 12:00:00,SEG-2,21,Female,"Boston, MA"
CUST-0433,Peyton White,peyton.white433@example.com,2025-09-07 10:00:00,SEG-1,42,Female,"London, UK"
CUST-0434,Hayden Smith,hayden.smith434@example.com,2025-11-22 21:00:00,SEG-4,22,Female,"London, UK"
CUST-0435,Noah Lopez,noah.lopez435@example.com,2025-04-19 15:00:00,SEG-4,32,Male,"Toronto, ON"
CUST-0436,Casey Hernandez,casey.hernandez436@example.com,2025-03-08 18:00:00,SEG-4,30,Female,"Denver, CO"
CUST-0437,Isabella Thomas,isabella.thomas437@example.com,2025-11-17 14:00:00,SEG-4,21,Male,"Los Angeles, CA"
CUST-0438,Alex Brown,alex.brown438@example.com,2025-01-01 13:00:00,SEG-5,32,Female,"London, UK"
CUST-0439,Pat Thompson,pat.thompson439@example.com,2025-02-17 20:00:00,SEG-5,41,Male,"Seattle, WA"
CUST-0440,Reese Rodriguez,reese.rodriguez440@example.com,2025-01-27 12:00:00,SEG-1,38,Non-binary,"Chicago, IL"
CUST-0441,Maya Martinez,maya.martinez441@example.com,2025-02-16 22:00:00,SEG-3,32,Male,"Boston, MA"
CUST-0442,Morgan Smith,morgan.smith442@example.com,2025-04-26 16:00:00,SEG-1,29,Male,"Denver, CO"
CUST-0443,Liam Anderson,liam.anderson443@example.com,2025-08-05 22:00:00,SEG-1,39,Female,"Los Angeles, CA"
CUST-0444,Sam Thomas,sam.thomas444@example.com,2025-02-22 03:00:00,SEG-1,34,Male,"Portland, OR"
CUST-0445,Avery Lopez,avery.lopez445@example.com,2025-11-25 21:00:00,SEG-4,24,Male,"Chicago, IL"
CUST-0446,Sam Williams,sam.williams446@example.com,2025-06-29 23:00:00,SEG-2,18,Female,"London, UK"
CUST-0447,Pat Lee,pat.lee447@example.com,2025-02-14 03:00:00,SEG-3,38,Male,"Austin, TX"
CUST-0448,Sam Harris,sam.harris448@example.com,2025-08-08 10:00:00,SEG-1,39,Female,"San Francisco, CA"
CUST-0449,Ava Jones,ava.jones449@example.com,2025-10-11 19:00:00,SEG-1,38,Male,"Austin, TX"
CUST-0450,Logan White,logan.white450@example.com,2025-09-23 19:00:00,SEG-3,25,Female,"Austin, TX"
CUST-0451,Peyton Miller,peyton.miller451@example.com,2025-09-11 12:00:00,SEG-3,34,Female,"Austin, TX"
CUST-0452,Morgan Davis,morgan.davis452@example.com,2025-01-07 11:00:00,SEG-2,22,Female,"Miami, FL"
CUST-0453,Ethan Hernandez,ethan.hernandez453@example.com,2025-07-07 17:00:00,SEG-1,41,Non-binary,"Toronto, ON"
CUST-0454,Liam Garcia,liam.garcia454@example.com,2025-02-04 00:00:00,SEG-4,22,Male,"Denver, CO"
CUST-0455,Casey Miller,casey.miller455@example.com,2025-05-27 20:00:00,SEG-1,28,Female,"Miami, FL"
CUST-0456,Noah Taylor,noah.taylor456@example.com,2025-02-12 20:00:00,SEG-4,33,Female,"Toronto, ON"
CUST-0457,Kendall Moore,kendall.moore457@example.com,2025-02-10 16:00:00,SEG-3,33,Female,"Seattle, WA"
CUST-0458,Ethan Miller,ethan.miller458@example.com,2025-10-28 20:00:00,SEG-5,31,Female,"Toronto, ON"
CUST-0459,Olivia Lee,olivia.lee459@example.com,2025-08-12 23:00:00,SEG-3,27,Female,"Portland, OR"
CUST-0460,Isabella Davis,isabella.davis460@example.com,2025-08-21 19:00:00,SEG-1,29,Female,"Los Angeles, CA"
CUST-0461,Logan Johnson,logan.johnson461@example.com,2025-01-07 22:00:00,SEG-2,23,Female,"Los Angeles, CA"
CUST-0462,Sam Thompson,sam.thompson462@example.com,2025-09-22 23:00:00,SEG-1,35,Female,"Miami, FL"
CUST-0463,Casey Garcia,casey.garcia463@example.com,2025-03-02 00:00:00,SEG-2,23,Male,"Portland, OR"
CUST-0464,Avery Wilson,avery.wilson464@example.com,2025-10-23 20:00:00,SEG-1,29,Female,"Portland, OR"
CUST-0465,Taylor Thomas,taylor.thomas465@example.com,2025-10-18 05:00:00,SEG-2,20,Female,"London, UK"
CUST-0466,Reese Garcia,reese.garcia466@example.com,2025-03-01 07:00:00,SEG-1,29,Non-binary,"Boston, MA"
CUST-0467,Emma Taylor,emma.taylor467@example.com,2025-01-24 15:00:00,SEG-1,41,Male,"Austin, TX"
CUST-0468,Reese Gonzalez,reese.gonzalez468@example.com,2025-12-02 13:00:00,SEG-5,33,Male,"Miami, FL"
CUST-0469,Riley Hernandez,riley.hernandez469@example.com,2025-05-19 02:00:00,SEG-1,42,Non-binary,"San Francisco, CA"
CUST-0470,Hayden Lopez,hayden.lopez470@example.com,2025-04-25 16:00:00,SEG-1,38,Male,"Chicago, IL"
CUST-0471,Jordan Gonzalez,jordan.gonzalez471@example.com,2025-06-17 02:00:00,SEG-1,35,Female,"Seattle, WA"
CUST-0472,Kendall Anderson,kendall.anderson472@example.com,2025-06-05 23:00:00,SEG-1,31,Female,"Denver, CO"
CUST-0473,Logan Davis,logan.davis473@example.com,2025-10-07 07:00:00,SEG-2,22,Non-binary,"Austin, TX"
CUST-0474,Sam Smith,sam.smith474@example.com,2025-06-27 20:00:00,SEG-5,23,Male,"Miami, FL"
CUST-0475,Sophia Thompson,sophia.thompson475@example.com,2025-07-12 23:00:00,SEG-4,30,Male,"Boston, MA"
CUST-0476,Emma Martinez,emma.martinez476@example.com,2025-09-09 01:00:00,SEG-1,36,Male,"Toronto, ON"
CUST-0477,Sam Thompson,sam.thompson477@example.com,2025-07-31 22:00:00,SEG-1,28,Male,"Miami, FL"
CUST-0478,Lucas Lopez,lucas.lopez478@example.com,2025-02-18 16:00:00,SEG-2,23,Female,"Denver, CO"
CUST-0479,Sam Lee,sam.lee479@example.com,2025-02-01 13:00:00,SEG-4,22,Female,"Denver, CO"
CUST-0480,Liam Jones,liam.jones480@example.com,2025-06-17 10:00:00,SEG-1,32,Female,"Toronto, ON"
CUST-0481,Cameron Rodriguez,cameron.rodriguez481@example.com,2025-02-25 04:00:00,SEG-1,31,Male,"Denver, CO"
CUST-0482,Morgan Garcia,morgan.garcia482@example.com,2025-10-02 11:00:00,SEG-2,20,Non-binary,"Los Angeles, CA"
CUST-0483,Olivia Miller,olivia.miller483@example.com,2025-02-16 05:00:00,SEG-2,21,Male,"Los Angeles, CA"
CUST-0484,Ava Perez,ava.perez484@example.com,2025-06-17 04:00:00,SEG-2,23,Female,"Austin, TX"
CUST-0485,Taylor Thompson,taylor.thompson485@example.com,2025-01-26 21:00:00,SEG-1,33,Female,"Miami, FL"
CUST-0486,Dakota Rodriguez,dakota.rodriguez486@example.com,2025-08-20 17:00:00,SEG-4,25,Male,"Toronto, ON"
CUST-0487,Emma Moore,emma.moore487@example.com,2025-03-04 00:00:00,SEG-1,35,Male,"Chicago, IL"
CUST-0488,Jordan Harris,jordan.harris488@example.com,2025-07-10 21:00:00,SEG-5,30,Male,"Toronto, ON"
CUST-0489,Maya Lee,maya.lee489@example.com,2025-01-12 02:00:00,SEG-1,37,Female,"Los Angeles, CA"
CUST-0490,Pat Lee,pat.lee490@example.com,2025-03-04 01:00:00,SEG-2,19,Female,"San Francisco, CA"
CUST-0491,Cameron Johnson,cameron.johnson491@example.com,2025-07-22 15:00:00,SEG-1,37,Female,"Portland, OR"
CUST-0492,Alex Gonzalez,alex.gonzalez492@example.com,2025-04-06 08:00:00,SEG-3,30,Female,"Austin, TX"
CUST-0493,Casey Anderson,casey.anderson493@example.com,2025-11-12 07:00:00,SEG-4,21,Female,"Denver, CO"
CUST-0494,Maya Martinez,maya.martinez494@example.com,2025-02-14 08:00:00,SEG-2,22,Non-binary,"New York, NY"
CUST-0495,Quinn Jones,quinn.jones495@example.com,2025-10-06 00:00:00,SEG-2,23,Female,"Boston, MA"
CUST-0496,Quinn Thompson,quinn.thompson496@example.com,2025-10-17 16:00:00,SEG-2,22,Non-binary,"San Francisco, CA"
CUST-0497,Avery Gonzalez,avery.gonzalez497@example.com,2025-04-23 00:00:00,SEG-1,28,Female,"Denver, CO"
CUST-0498,Lucas Harris,lucas.harris498@example.com,2025-07-03 18:00:00,SEG-1,40,Female,"Miami, FL"
CUST-0499,Riley Garcia,riley.garcia499@example.com,2025-10-01 23:00:00,SEG-1,38,Male,"Seattle, WA"
CUST-0500,Jordan Harris,jordan.harris500@example.com,2025-03-30 05:00:00,SEG-5,36,Female,"San Francisco, CA"
CUST-0501,Riley Jackson,riley.jackson501@example.com,2025-01-15 22:00:00,SEG-2,23,Male,"Denver, CO"
CUST-0502,Noah Lopez,noah.lopez502@example.com,2025-10-05 09:00:00,SEG-5,31,Male,"London, UK"
CUST-0503,Chris Thomas,chris.thomas503@example.com,2025-04-23 00:00:00,SEG-1,28,Male,"Denver, CO"
CUST-0504,Peyton Thomas,peyton.thomas504@example.com,2025-03-08 10:00:00,SEG-1,42,Non-binary,"Austin, TX"
CUST-0505,Noah Garcia,noah.garcia505@example.com,2025-03-17 18:00:00,SEG-5,42,Male,"New York, NY"
CUST-0506,Noah Jones,noah.jones506@example.com,2025-12-06 12:00:00,SEG-4,31,Male,"San Francisco, CA"
CUST-0507,Hayden Brown,hayden.brown507@example.com,2025-08-12 20:00:00,SEG-2,20,Female,"Chicago, IL"
CUST-0508,Jamie Lee,jamie.lee508@example.com,2025-12-07 18:00:00,SEG-2,23,Male,"Austin, TX"
CUST-0509,Sophia Garcia,sophia.garcia509@example.com,2025-04-01 23:00:00,SEG-2,23,Male,"Chicago, IL"
CUST-0510,Alex Thompson,alex.thompson510@example.com,2025-11-05 10:00:00,SEG-5,47,Male,"Chicago, IL"
CUST-0511,Ethan Martin,ethan.martin511@example.com,2025-03-14 10:00:00,SEG-1,37,Male,"London, UK"
CUST-0512,Emma Williams,emma.williams512@example.com,2025-02-15 22:00:00,SEG-1,33,Male,"Boston, MA"
CUST-0513,Liam Lee,liam.lee513@example.com,2025-05-16 06:00:00,SEG-3,35,Male,"New York, NY"
CUST-0514,Riley Thompson,riley.thompson514@example.com,2025-01-01 01:00:00,SEG-1,32,Male,"Portland, OR"
CUST-0515,Quinn Anderson,quinn.anderson515@example.com,2025-07-13 11:00:00,SEG-3,30,Male,"London, UK"
CUST-0516,Kendall Gonzalez,kendall.gonzalez516@example.com,2025-04-26 05:00:00,SEG-1,35,Non-binary,"Boston, MA"
CUST-0517,Cameron Williams,cameron.williams517@example.com,2025-06-13 08:00:00,SEG-4,21,Male,"New York, NY"
CUST-0518,Morgan Williams,morgan.williams518@example.com,2025-02-08 17:00:00,SEG-2,21,Female,"Portland, OR"
CUST-0519,Lucas Williams,lucas.williams519@example.com,2025-01-16 13:00:00,SEG-2,22,Non-binary,"Portland, OR"
CUST-0520,Maya Garcia,maya.garcia520@example.com,2025-02-21 10:00:00,SEG-3,38,Female,"New York, NY"
CUST-0521,Pat Miller,pat.miller521@example.com,2025-05-25 09:00:00,SEG-2,22,Male,"Boston, MA"
CUST-0522,Riley Brown,riley.brown522@example.com,2025-03-20 01:00:00,SEG-1,37,Non-binary,"London, UK"
CUST-0523,Reese Smith,reese.smith523@example.com,2025-02-19 00:00:00,SEG-2,20,Non-binary,"Austin, TX"
CUST-0524,Pat Garcia,pat.garcia524@example.com,2025-06-07 12:00:00,SEG-3,27,Male,"Los Angeles, CA"
CUST-0525,Jamie Thomas,jamie.thomas525@example.com,2025-10-06 12:00:00,SEG-4,28,Male,"Boston, MA"
CUST-0526,Chris Lopez,chris.lopez526@example.com,2025-01-23 08:00:00,SEG-4,31,Male,"London, UK"
CUST-0527,Cameron Anderson,cameron.anderson527@example.com,2025-02-01 04:00:00,SEG-1,41,Female,"Denver, CO"
CUST-0528,Olivia Thompson,olivia.thompson528@example.com,2025-07-31 18:00:00,SEG-3,27,Female,"Miami, FL"
CUST-0529,Riley Moore,riley.moore529@example.com,2025-10-02 21:00:00,SEG-1,34,Non-binary,"Toronto, ON"
CUST-0530,Isabella Thomas,isabella.thomas530@example.com,2025-02-10 12:00:00,SEG-3,32,Male,"Seattle, WA"
CUST-0531,Lucas Thompson,lucas.thompson531@example.com,2025-12-13 19:00:00,SEG-1,37,Non-binary,"Denver, CO"
CUST-0532,Sam Brown,sam.brown532@example.com,2025-04-19 06:00:00,SEG-5,50,Male,"Chicago, IL"
CUST-0533,Sam Johnson,sam.johnson533@example.com,2025-11-18 04:00:00,SEG-2,23,Non-binary,"Austin, TX"
CUST-0534,Sophia Martin,sophia.martin534@example.com,2025-02-14 12:00:00,SEG-1,42,Non-binary,"Los Angeles, CA"
CUST-0535,Kendall Gonzalez,kendall.gonzalez535@example.com,2025-11-16 18:00:00,SEG-3,33,Male,"New York, NY"
CUST-0536,Peyton Wilson,peyton.wilson536@example.com,2025-10-29 18:00:00,SEG-1,30,Male,"Denver, CO"
CUST-0537,Olivia Brown,olivia.brown537@example.com,2025-06-26 13:00:00,SEG-5,28,Female,"Miami, FL"
CUST-0538,Casey Gonzalez,casey.gonzalez538@example.com,2025-03-30 08:00:00,SEG-3,43,Male,"New York, NY"
CUST-0539,Quinn Jones,quinn.jones539@example.com,2025-06-19 22:00:00,SEG-3,37,Female,"Toronto, ON"
CUST-0540,Riley Johnson,riley.johnson540@example.com,2025-06-22 09:00:00,SEG-3,33,Female,"New York, NY"
CUST-0541,Dakota Rodriguez,dakota.rodriguez541@example.com,2025-06-03 23:00:00,SEG-4,23,Male,"Chicago, IL"
CUST-0542,Cameron Harris,cameron.harris542@example.com,2025-11-06 20:00:00,SEG-4,28,Female,"Toronto, ON"
CUST-0543,Taylor Miller,taylor.miller543@example.com,2025-09-06 16:00:00,SEG-2,24,Non-binary,"Portland, OR"
CUST-0544,Isabella Lopez,isabella.lopez544@example.com,2025-09-17 12:00:00,SEG-4,25,Male,"Seattle, WA"
CUST-0545,Sam Harris,sam.harris545@example.com,2025-04-13 01:00:00,SEG-4,20,Male,"Austin, TX"
CUST-0546,Riley Johnson,riley.johnson546@example.com,2025-07-08 14:00:00,SEG-2,20,Female,"Seattle, WA"
CUST-0547,Peyton Gonzalez,peyton.gonzalez547@example.com,2025-07-10 15:00:00,SEG-3,28,Female,"Austin, TX"
CUST-0548,Logan Anderson,logan.anderson548@example.com,2025-10-10 11:00:00,SEG-1,41,Female,"Denver, CO"
CUST-0549,Reese Garcia,reese.garcia549@example.com,2025-02-16 09:00:00,SEG-4,28,Female,"Portland, OR"
CUST-0550,Alex Gonzalez,alex.gonzalez550@example.com,2025-04-24 20:00:00,SEG-1,41,Non-binary,"Austin, TX"
CUST-0551,Riley Perez,riley.perez551@example.com,2025-01-11 21:00:00,SEG-1,38,Female,"Miami, FL"
CUST-0552,Alex Thomas,alex.thomas552@example.com,2025-05-10 19:00:00,SEG-5,33,Male,"Austin, TX"
CUST-0553,Ava Martinez,ava.martinez553@example.com,2025-07-12 11:00:00,SEG-3,45,Female,"Toronto, ON"
CUST-0554,Cameron Rodriguez,cameron.rodriguez554@example.com,2025-11-16 12:00:00,SEG-1,32,Non-binary,"Miami, FL"
CUST-0555,Hayden Brown,hayden.brown555@example.com,2025-11-28 19:00:00,SEG-1,38,Female,"Miami, FL"
CUST-0556,Logan Martinez,logan.martinez556@example.com,2025-06-22 08:00:00,SEG-1,29,Female,"Los Angeles, CA"
CUST-0557,Maya Hernandez,maya.hernandez557@example.com,2025-11-30 09:00:00,SEG-4,28,Female,"Portland, OR"
CUST-0558,Pat Jones,pat.jones558@example.com,2025-07-26 21:00:00,SEG-2,19,Female,"Denver, CO"
CUST-0559,Avery Perez,avery.perez559@example.com,2025-06-01 08:00:00,SEG-1,28,Non-binary,"London, UK"
CUST-0560,Ethan Wilson,ethan.wilson560@example.com,2025-10-20 06:00:00,SEG-2,23,Female,"Denver, CO"
CUST-0561,Avery White,avery.white561@example.com,2025-07-03 16:00:00,SEG-3,42,Male,"Boston, MA"
CUST-0562,Dakota Garcia,dakota.garcia562@example.com,2025-08-30 04:00:00,SEG-4,25,Male,"Los Angeles, CA"
CUST-0563,Emma Rodriguez,emma.rodriguez563@example.com,2025-06-21 20:00:00,SEG-3,42,Female,"Boston, MA"
CUST-0564,Taylor Davis,taylor.davis564@example.com,2025-06-19 11:00:00,SEG-2,23,Male,"Toronto, ON"
CUST-0565,Casey Jackson,casey.jackson565@example.com,2025-01-28 20:00:00,SEG-1,41,Male,"London, UK"
CUST-0566,Hayden Jackson,hayden.jackson566@example.com,2025-09-14 03:00:00,SEG-5,26,Female,"Austin, TX"
CUST-0567,Isabella Perez,isabella.perez567@example.com,2025-03-19 04:00:00,SEG-2,20,Non-binary,"New York, NY"
CUST-0568,Pat Hernandez,pat.hernandez568@example.com,2025-06-11 22:00:00,SEG-2,22,Non-binary,"Chicago, IL"
CUST-0569,Chris Harris,chris.harris569@example.com,2025-06-10 20:00:00,SEG-1,33,Non-binary,"Chicago, IL"
CUST-0570,Jordan Smith,jordan.smith570@example.com,2025-03-23 15:00:00,SEG-2,19,Female,"Denver, CO"
CUST-0571,Ava Harris,ava.harris571@example.com,2025-11-21 13:00:00,SEG-4,24,Female,"Toronto, ON"
CUST-0572,Quinn Wilson,quinn.wilson572@example.com,2025-10-01 06:00:00,SEG-5,46,Male,"New York, NY"
CUST-0573,Emma Lopez,emma.lopez573@example.com,2025-12-13 00:00:00,SEG-5,42,Male,"New York, NY"
CUST-0574,Maya White,maya.white574@example.com,2025-03-08 03:00:00,SEG-1,39,Female,"Seattle, WA"
CUST-0575,Quinn Taylor,quinn.taylor575@example.com,2025-06-02 09:00:00,SEG-3,30,Female,"New York, NY"
CUST-0576,Cameron White,cameron.white576@example.com,2025-03-10 10:00:00,SEG-2,22,Male,"Toronto, ON"
CUST-0577,Lucas Thomas,lucas.thomas577@example.com,2025-01-10 07:00:00,SEG-2,19,Female,"Toronto, ON"
CUST-0578,Riley White,riley.white578@example.com,2025-09-16 05:00:00,SEG-5,35,Male,"Denver, CO"
CUST-0579,Morgan Lopez,morgan.lopez579@example.com,2025-05-11 17:00:00,SEG-3,26,Male,"Boston, MA"
CUST-0580,Logan Johnson,logan.johnson580@example.com,2025-01-11 01:00:00,SEG-3,26,Female,"Boston, MA"
CUST-0581,Noah Brown,noah.brown581@example.com,2025-05-10 15:00:00,SEG-2,21,Female,"Miami, FL"
CUST-0582,Noah Jones,noah.jones582@example.com,2025-06-04 13:00:00,SEG-1,38,Non-binary,"New York, NY"
CUST-0583,Liam Brown,liam.brown583@example.com,2025-02-23 16:00:00,SEG-3,33,Female,"Toronto, ON"
CUST-0584,Emma Martin,emma.martin584@example.com,2025-04-12 19:00:00,SEG-1,29,Male,"London, UK"
CUST-0585,Pat Harris,pat.harris585@example.com,2025-07-29 09:00:00,SEG-1,36,Male,"San Francisco, CA"
CUST-0586,Chris Johnson,chris.johnson586@example.com,2025-05-01 00:00:00,SEG-2,19,Non-binary,"San Francisco, CA"
CUST-0587,Alex Perez,alex.perez587@example.com,2025-09-10 04:00:00,SEG-1,29,Non-binary,"Boston, MA"
CUST-0588,Taylor Harris,taylor.harris588@example.com,2025-11-26 07:00:00,SEG-2,23,Female,"Seattle, WA"
CUST-0589,Cameron Martinez,cameron.martinez589@example.com,2025-01-21 09:00:00,SEG-1,28,Male,"Chicago, IL"
CUST-0590,Reese Perez,reese.perez590@example.com,2025-01-24 00:00:00,SEG-2,23,Female,"Los Angeles, CA"
CUST-0591,Isabella Jones,isabella.jones591@example.com,2025-08-13 19:00:00,SEG-3,30,Female,"San Francisco, CA"
CUST-0592,Casey White,casey.white592@example.com,2025-02-28 12:00:00,SEG-1,41,Female,"Chicago, IL"
CUST-0593,Quinn Anderson,quinn.anderson593@example.com,2025-08-04 20:00:00,SEG-1,34,Non-binary,"London, UK"
CUST-0594,Lucas Garcia,lucas.garcia594@example.com,2025-03-23 03:00:00,SEG-1,39,Non-binary,"New York, NY"
CUST-0595,Skyler Jackson,skyler.jackson595@example.com,2025-11-09 12:00:00,SEG-2,22,Non-binary,"Chicago, IL"
CUST-0596,Olivia Lopez,olivia.lopez596@example.com,2025-02-27 13:00:00,SEG-3,29,Male,"London, UK"
CUST-0597,Cameron Johnson,cameron.johnson597@example.com,2025-12-14 16:00:00,SEG-1,38,Female,"New York, NY"
CUST-0598,Olivia White,olivia.white598@example.com,2025-06-23 16:00:00,SEG-3,43,Female,"Boston, MA"
CUST-0599,Peyton Thompson,peyton.thompson599@example.com,2025-05-08 15:00:00,SEG-3,28,Male,"Boston, MA"
CUST-0600,Reese Perez,reese.perez600@example.com,2025-11-10 01:00:00,SEG-3,37,Female,"Miami, FL"
CUST-0601,Alex Lee,alex.lee601@example.com,2025-03-26 02:00:00,SEG-5,54,Female,"London, UK"
CUST-0602,Olivia Thomas,olivia.thomas602@example.com,2025-09-17 07:00:00,SEG-2,20,Male,"New York, NY"
CUST-0603,Kendall Lee,kendall.lee603@example.com,2025-08-24 14:00:00,SEG-2,24,Female,"Los Angeles, CA"
CUST-0604,Ava Jackson,ava.jackson604@example.com,2025-06-11 03:00:00,SEG-2,24,Non-binary,"London, UK"
CUST-0605,Jamie White,jamie.white605@example.com,2025-01-19 17:00:00,SEG-3,28,Male,"Toronto, ON"
CUST-0606,Kendall Smith,kendall.smith606@example.com,2025-04-16 20:00:00,SEG-4,29,Female,"Miami, FL"
CUST-0607,Liam Anderson,liam.anderson607@example.com,2025-08-21 10:00:00,SEG-5,45,Male,"Austin, TX"
CUST-0608,Kendall Harris,kendall.harris608@example.com,2025-08-20 03:00:00,SEG-3,40,Female,"Portland, OR"
CUST-0609,Morgan Harris,morgan.harris609@example.com,2025-11-21 09:00:00,SEG-3,25,Female,"San Francisco, CA"
CUST-0610,Kendall Taylor,kendall.taylor610@example.com,2025-09-10 04:00:00,SEG-2,18,Female,"Chicago, IL"
CUST-0611,Sophia Thompson,sophia.thompson611@example.com,2025-11-09 06:00:00,SEG-3,38,Female,"Seattle, WA"
CUST-0612,Pat Brown,pat.brown612@example.com,2025-04-08 22:00:00,SEG-5,47,Male,"London, UK"
CUST-0613,Avery Brown,avery.brown613@example.com,2025-10-29 03:00:00,SEG-4,21,Female,"Boston, MA"
CUST-0614,Olivia Anderson,olivia.anderson614@example.com,2025-01-03 16:00:00,SEG-2,22,Female,"London, UK"
CUST-0615,Emma Johnson,emma.johnson615@example.com,2025-04-01 22:00:00,SEG-3,38,Male,"Miami, FL"
CUST-0616,Hayden Garcia,hayden.garcia616@example.com,2025-12-03 19:00:00,SEG-3,29,Female,"Toronto, ON"
CUST-0617,Logan Hernandez,logan.hernandez617@example.com,2025-05-08 08:00:00,SEG-2,21,Non-binary,"Denver, CO"
CUST-0618,Quinn Hernandez,quinn.hernandez618@example.com,2025-07-31 19:00:00,SEG-5,50,Male,"Chicago, IL"
CUST-0619,Noah White,noah.white619@example.com,2025-10-11 20:00:00,SEG-2,24,Male,"Portland, OR"
CUST-0620,Pat Miller,pat.miller620@example.com,2025-06-26 21:00:00,SEG-1,39,Female,"Boston, MA"
CUST-0621,Sam Thompson,sam.thompson621@example.com,2025-03-01 11:00:00,SEG-3,30,Female,"Portland, OR"
CUST-0622,Kendall Thomas,kendall.thomas622@example.com,2025-01-07 16:00:00,SEG-3,38,Female,"Toronto, ON"
CUST-0623,Morgan Smith,morgan.smith623@example.com,2025-05-17 05:00:00,SEG-2,18,Female,"Austin, TX"
CUST-0624,Dakota Perez,dakota.perez624@example.com,2025-06-01 06:00:00,SEG-1,41,Male,"Portland, OR"
CUST-0625,Olivia Moore,olivia.moore625@example.com,2025-11-12 21:00:00,SEG-1,41,Female,"Los Angeles, CA"
CUST-0626,Emma Moore,emma.moore626@example.com,2025-05-28 22:00:00,SEG-4,32,Male,"Miami, FL"
CUST-0627,Liam Johnson,liam.johnson627@example.com,2025-06-10 17:00:00,SEG-5,46,Female,"Boston, MA"
CUST-0628,Jordan Smith,jordan.smith628@example.com,2025-11-21 22:00:00,SEG-3,31,Male,"Austin, TX"
CUST-0629,Noah Lee,noah.lee629@example.com,2025-04-10 09:00:00,SEG-2,22,Female,"Portland, OR"
CUST-0630,Cameron Garcia,cameron.garcia630@example.com,2025-09-21 03:00:00,SEG-5,26,Male,"Chicago, IL"
CUST-0631,Quinn Johnson,quinn.johnson631@example.com,2025-03-24 18:00:00,SEG-2,22,Male,"Chicago, IL"
CUST-0632,Isabella Rodriguez,isabella.rodriguez632@example.com,2025-01-21 04:00:00,SEG-1,35,Non-binary,"Chicago, IL"
CUST-0633,Ethan Hernandez,ethan.hernandez633@example.com,2025-10-21 17:00:00,SEG-3,45,Female,"London, UK"
CUST-0634,Reese Williams,reese.williams634@example.com,2025-04-05 16:00:00,SEG-4,30,Female,"Austin, TX"
CUST-0635,Taylor Taylor,taylor.taylor635@example.com,2025-02-17 11:00:00,SEG-1,36,Non-binary,"Toronto, ON"
CUST-0636,Riley Miller,riley.miller636@example.com,2025-04-22 19:00:00,SEG-3,35,Female,"Seattle, WA"
CUST-0637,Peyton Thomas,peyton.thomas637@example.com,2025-06-27 14:00:00,SEG-5,22,Male,"Boston, MA"
CUST-0638,Riley Lee,riley.lee638@example.com,2025-12-16 10:00:00,SEG-3,44,Female,"New York, NY"
CUST-0639,Quinn Brown,quinn.brown639@example.com,2025-09-22 11:00:00,SEG-2,22,Male,"New York, NY"
CUST-0640,Peyton Taylor,peyton.taylor640@example.com,2025-04-09 10:00:00,SEG-2,18,Male,"Boston, MA"
CUST-0641,Peyton Williams,peyton.williams641@example.com,2025-02-03 06:00:00,SEG-5,32,Male,"Boston, MA"
CUST-0642,Liam Lee,liam.lee642@example.com,2025-10-03 22:00:00,SEG-4,33,Male,"Austin, TX"
CUST-0643,Lucas White,lucas.white643@example.com,2025-03-20 00:00:00,SEG-4,22,Female,"Boston, MA"
CUST-0644,Cameron Thompson,cameron.thompson644@example.com,2025-04-02 08:00:00,SEG-2,18,Female,"New York, NY"
CUST-0645,Kendall Williams,kendall.williams645@example.com,2025-07-18 14:00:00,SEG-3,32,Female,"Toronto, ON"
CUST-0646,Maya Gonzalez,maya.gonzalez646@example.com,2025-03-02 17:00:00,SEG-2,18,Non-binary,"Boston, MA"
CUST-0647,Alex Lee,alex.lee647@example.com,2025-02-07 11:00:00,SEG-3,27,Female,"Portland, OR"
CUST-0648,Ethan Taylor,ethan.taylor648@example.com,2025-11-07 02:00:00,SEG-1,40,Non-binary,"Seattle, WA"
CUST-0649,Dakota Harris,dakota.harris649@example.com,2025-01-16 15:00:00,SEG-5,46,Female,"Boston, MA"
CUST-0650,Chris Moore,chris.moore650@example.com,2025-06-01 20:00:00,SEG-1,39,Female,"Miami, FL"
CUST-0651,Sam Martinez,sam.martinez651@example.com,2025-10-11 17:00:00,SEG-3,45,Female,"New York, NY"
CUST-0652,Sam Brown,sam.brown652@example.com,2025-10-03 17:00:00,SEG-1,37,Non-binary,"Toronto, ON"
CUST-0653,Taylor Martinez,taylor.martinez653@example.com,2025-04-19 13:00:00,SEG-1,39,Non-binary,"San Francisco, CA"
CUST-0654,Lucas Lee,lucas.lee654@example.com,2025-04-24 19:00:00,SEG-4,24,Male,"Chicago, IL"
CUST-0655,Sophia Rodriguez,sophia.rodriguez655@example.com,2025-01-28 17:00:00,SEG-1,30,Non-binary,"Denver, CO"
CUST-0656,Cameron Lee,cameron.lee656@example.com,2025-02-20 06:00:00,SEG-2,20,Female,"Seattle, WA"
CUST-0657,Emma Jackson,emma.jackson657@example.com,2025-12-10 20:00:00,SEG-2,20,Male,"Chicago, IL"
CUST-0658,Riley Brown,riley.brown658@example.com,2025-09-06 14:00:00,SEG-1,29,Male,"San Francisco, CA"
CUST-0659,Avery Martin,avery.martin659@example.com,2025-10-18 11:00:00,SEG-3,43,Female,"Denver, CO"
CUST-0660,Ava Hernandez,ava.hernandez660@example.com,2025-05-07 07:00:00,SEG-5,32,Male,"San Francisco, CA"
CUST-0661,Noah White,noah.white661@example.com,2025-12-14 23:00:00,SEG-3,33,Female,"Chicago, IL"
CUST-0662,Avery Thomas,avery.thomas662@example.com,2025-10-10 03:00:00,SEG-2,20,Male,"London, UK"
CUST-0663,Chris Lee,chris.lee663@example.com,2025-04-11 08:00:00,SEG-3,33,Female,"Miami, FL"
CUST-0664,Emma Lee,emma.lee664@example.com,2025-11-20 00:00:00,SEG-1,29,Male,"Miami, FL"
CUST-0665,Sophia Jackson,sophia.jackson665@example.com,2025-10-10 08:00:00,SEG-3,43,Female,"New York, NY"
CUST-0666,Kendall Moore,kendall.moore666@example.com,2025-07-20 07:00:00,SEG-2,24,Female,"San Francisco, CA"
CUST-0667,Lucas Harris,lucas.harris667@example.com,2025-09-14 16:00:00,SEG-3,34,Female,"London, UK"
CUST-0668,Taylor Gonzalez,taylor.gonzalez668@example.com,2025-12-17 05:00:00,SEG-2,18,Female,"Denver, CO"
CUST-0669,Olivia Taylor,olivia.taylor669@example.com,2025-10-17 21:00:00,SEG-1,30,Male,"Denver, CO"
CUST-0670,Isabella Jones,isabella.jones670@example.com,2025-04-23 15:00:00,SEG-3,40,Female,"New York, NY"
CUST-0671,Riley Williams,riley.williams671@example.com,2025-04-16 16:00:00,SEG-1,31,Male,"Boston, MA"
CUST-0672,Ethan Lopez,ethan.lopez672@example.com,2025-11-29 10:00:00,SEG-2,21,Female,"New York, NY"
CUST-0673,Morgan Thompson,morgan.thompson673@example.com,2025-10-06 18:00:00,SEG-5,39,Female,"Denver, CO"
CUST-0674,Chris Gonzalez,chris.gonzalez674@example.com,2025-05-09 12:00:00,SEG-3,36,Female,"Miami, FL"
CUST-0675,Ethan Davis,ethan.davis675@example.com,2025-09-04 19:00:00,SEG-2,20,Male,"London, UK"
CUST-0676,Alex Taylor,alex.taylor676@example.com,2025-02-09 16:00:00,SEG-4,34,Male,"Austin, TX"
CUST-0677,Maya Rodriguez,maya.rodriguez677@example.com,2025-11-05 22:00:00,SEG-1,30,Male,"San Francisco, CA"
CUST-0678,Sophia Brown,sophia.brown678@example.com,2025-02-28 15:00:00,SEG-3,38,Female,"Portland, OR"
CUST-0679,Liam Thomas,liam.thomas679@example.com,2025-07-30 00:00:00,SEG-2,22,Female,"Boston, MA"
CUST-0680,Riley Johnson,riley.johnson680@example.com,2025-11-19 16:00:00,SEG-1,37,Male,"Chicago, IL"
CUST-0681,Jordan Jackson,jordan.jackson681@example.com,2025-09-22 12:00:00,SEG-1,30,Female,"Chicago, IL"
CUST-0682,Logan Jackson,logan.jackson682@example.com,2025-08-18 19:00:00,SEG-3,34,Female,"Austin, TX"
CUST-0683,Jamie Thomas,jamie.thomas683@example.com,2025-03-15 18:00:00,SEG-1,41,Female,"Denver, CO"
CUST-0684,Sophia Harris,sophia.harris684@example.com,2025-03-27 23:00:00,SEG-1,38,Non-binary,"Seattle, WA"
CUST-0685,Liam Hernandez,liam.hernandez685@example.com,2025-07-17 04:00:00,SEG-5,26,Male,"Toronto, ON"
CUST-0686,Morgan Smith,morgan.smith686@example.com,2025-08-03 04:00:00,SEG-1,41,Non-binary,"Boston, MA"
CUST-0687,Logan Brown,logan.brown687@example.com,2025-01-20 17:00:00,SEG-1,42,Non-binary,"Denver, CO"
CUST-0688,Peyton Harris,peyton.harris688@example.com,2025-11-05 17:00:00,SEG-1,35,Non-binary,"Chicago, IL"
CUST-0689,Sophia Smith,sophia.smith689@example.com,2025-07-09 01:00:00,SEG-4,33,Female,"Toronto, ON"
CUST-0690,Noah Taylor,noah.taylor690@example.com,2025-06-29 18:00:00,SEG-2,24,Non-binary,"Toronto, ON"
CUST-0691,Ava White,ava.white691@example.com,2025-05-11 15:00:00,SEG-5,28,Female,"Chicago, IL"
CUST-0692,Olivia Davis,olivia.davis692@example.com,2025-10-06 13:00:00,SEG-5,27,Female,"Denver, CO"
CUST-0693,Casey Miller,casey.miller693@example.com,2025-09-25 03:00:00,SEG-1,39,Male,"Denver, CO"
CUST-0694,Peyton Smith,peyton.smith694@example.com,2025-07-05 03:00:00,SEG-2,19,Male,"Toronto, ON"
CUST-0695,Sam Wilson,sam.wilson695@example.com,2025-08-05 18:00:00,SEG-3,33,Female,"Miami, FL"
CUST-0696,Reese Martin,reese.martin696@example.com,2025-07-31 17:00:00,SEG-1,38,Female,"Austin, TX"
CUST-0697,Ava Moore,ava.moore697@example.com,2025-06-07 18:00:00,SEG-2,20,Non-binary,"Seattle, WA"
CUST-0698,Reese Harris,reese.harris698@example.com,2025-04-28 14:00:00,SEG-3,29,Female,"Portland, OR"
CUST-0699,Ava Thompson,ava.thompson699@example.com,2025-07-25 10:00:00,SEG-5,28,Male,"Miami, FL"
CUST-0700,Ava Moore,ava.moore700@example.com,2025-11-22 00:00:00,SEG-3,26,Female,"Toronto, ON"
CUST-0701,Ava Williams,ava.williams701@example.com,2025-02-15 02:00:00,SEG-4,35,Female,"Toronto, ON"
CUST-0702,Casey Davis,casey.davis702@example.com,2025-07-16 12:00:00,SEG-2,22,Female,"Portland, OR"
CUST-0703,Logan Lee,logan.lee703@example.com,2025-11-24 15:00:00,SEG-2,23,Female,"Chicago, IL"
CUST-0704,Cameron Smith,cameron.smith704@example.com,2025-04-10 01:00:00,SEG-1,38,Non-binary,"Seattle, WA"
CUST-0705,Ava Martin,ava.martin705@example.com,2025-03-28 21:00:00,SEG-2,23,Female,"Denver, CO"
CUST-0706,Jordan Lopez,jordan.lopez706@example.com,2025-05-22 12:00:00,SEG-1,28,Male,"Los Angeles, CA"
CUST-0707,Reese Perez,reese.perez707@example.com,2025-01-08 23:00:00,SEG-2,22,Female,"Miami, FL"
CUST-0708,Noah Williams,noah.williams708@example.com,2025-05-22 07:00:00,SEG-5,40,Female,"San Francisco, CA"
CUST-0709,Logan Miller,logan.miller709@example.com,2025-03-31 13:00:00,SEG-2,21,Female,"Seattle, WA"
CUST-0710,Peyton Brown,peyton.brown710@example.com,2025-03-01 16:00:00,SEG-3,41,Female,"San Francisco, CA"
CUST-0711,Casey Moore,casey.moore711@example.com,2025-07-13 18:00:00,SEG-4,28,Female,"London, UK"
CUST-0712,Jamie Harris,jamie.harris712@example.com,2025-08-24 18:00:00,SEG-1,33,Female,"Boston, MA"
CUST-0713,Isabella Smith,isabella.smith713@example.com,2025-11-21 07:00:00,SEG-2,20,Female,"Toronto, ON"
CUST-0714,Liam Thompson,liam.thompson714@example.com,2025-09-22 17:00:00,SEG-1,33,Female,"San Francisco, CA"
CUST-0715,Alex Thompson,alex.thompson715@example.com,2025-07-24 21:00:00,SEG-4,27,Male,"Los Angeles, CA"
CUST-0716,Emma Hernandez,emma.hernandez716@example.com,2025-06-10 11:00:00,SEG-1,42,Male,"London, UK"
CUST-0717,Pat Jackson,pat.jackson717@example.com,2025-09-13 23:00:00,SEG-1,39,Non-binary,"Austin, TX"
CUST-0718,Pat Davis,pat.davis718@example.com,2025-04-14 07:00:00,SEG-3,33,Female,"Austin, TX"
CUST-0719,Sophia Martin,sophia.martin719@example.com,2025-02-10 21:00:00,SEG-2,24,Female,"Los Angeles, CA"
CUST-0720,Liam Thomas,liam.thomas720@example.com,2025-07-10 19:00:00,SEG-3,42,Female,"London, UK"
CUST-0721,Avery Thomas,avery.thomas721@example.com,2025-09-19 08:00:00,SEG-4,28,Male,"Chicago, IL"
CUST-0722,Quinn Davis,quinn.davis722@example.com,2025-08-05 15:00:00,SEG-4,24,Male,"Miami, FL"
CUST-0723,Kendall Johnson,kendall.johnson723@example.com,2025-03-03 22:00:00,SEG-2,21,Female,"London, UK"
CUST-0724,Peyton Anderson,peyton.anderson724@example.com,2025-04-18 12:00:00,SEG-2,18,Female,"Boston, MA"
CUST-0725,Hayden Brown,hayden.brown725@example.com,2025-10-08 08:00:00,SEG-2,22,Male,"Chicago, IL"
CUST-0726,Riley Rodriguez,riley.rodriguez726@example.com,2025-04-05 15:00:00,SEG-2,22,Male,"San Francisco, CA"
CUST-0727,Skyler Miller,skyler.miller727@example.com,2025-07-25 08:00:00,SEG-2,24,Male,"San Francisco, CA"
CUST-0728,Cameron Garcia,cameron.garcia728@example.com,2025-05-19 07:00:00,SEG-3,43,Female,"Los Angeles, CA"
CUST-0729,Kendall Wilson,kendall.wilson729@example.com,2025-03-18 15:00:00,SEG-4,26,Male,"Portland, OR"
CUST-0730,Ava Smith,ava.smith730@example.com,2025-09-22 17:00:00,SEG-1,35,Male,"Boston, MA"
CUST-0731,Emma Hernandez,emma.hernandez731@example.com,2025-10-18 01:00:00,SEG-4,29,Male,"Miami, FL"
CUST-0732,Quinn Brown,quinn.brown732@example.com,2025-09-01 20:00:00,SEG-3,26,Female,"Seattle, WA"
CUST-0733,Morgan Anderson,morgan.anderson733@example.com,2025-10-14 17:00:00,SEG-3,33,Female,"San Francisco, CA"
CUST-0734,Ethan Rodriguez,ethan.rodriguez734@example.com,2025-12-14 19:00:00,SEG-2,21,Female,"San Francisco, CA"
CUST-0735,Pat Jackson,pat.jackson735@example.com,2025-07-01 10:00:00,SEG-3,45,Female,"Seattle, WA"
CUST-0736,Liam Taylor,liam.taylor736@example.com,2025-07-15 19:00:00,SEG-2,23,Non-binary,"Los Angeles, CA"
CUST-0737,Dakota Anderson,dakota.anderson737@example.com,2025-06-22 13:00:00,SEG-3,29,Female,"Boston, MA"
CUST-0738,Maya Martin,maya.martin738@example.com,2025-06-25 07:00:00,SEG-3,27,Female,"Chicago, IL"
CUST-0739,Avery Hernandez,avery.hernandez739@example.com,2025-08-16 11:00:00,SEG-3,33,Male,"Seattle, WA"
CUST-0740,Emma Jackson,emma.jackson740@example.com,2025-04-05 00:00:00,SEG-2,21,Non-binary,"Chicago, IL"
CUST-0741,Sam White,sam.white741@example.com,2025-02-10 06:00:00,SEG-1,32,Non-binary,"Portland, OR"
CUST-0742,Chris Gonzalez,chris.gonzalez742@example.com,2025-01-28 00:00:00,SEG-1,29,Female,"Miami, FL"
CUST-0743,Olivia Gonzalez,olivia.gonzalez743@example.com,2025-11-13 04:00:00,SEG-2,18,Female,"Seattle, WA"
CUST-0744,Taylor Lee,taylor.lee744@example.com,2025-05-07 23:00:00,SEG-5,46,Female,"Austin, TX"
CUST-0745,Dakota Anderson,dakota.anderson745@example.com,2025-01-18 21:00:00,SEG-3,29,Female,"New York, NY"
CUST-0746,Reese Hernandez,reese.hernandez746@example.com,2025-10-08 14:00:00,SEG-4,34,Female,"Seattle, WA"
CUST-0747,Sam Thompson,sam.thompson747@example.com,2025-11-22 18:00:00,SEG-2,22,Non-binary,"Boston, MA"
CUST-0748,Skyler Taylor,skyler.taylor748@example.com,2025-09-04 17:00:00,SEG-3,42,Female,"San Francisco, CA"
CUST-0749,Riley Williams,riley.williams749@example.com,2025-03-21 09:00:00,SEG-2,20,Non-binary,"Seattle, WA"
CUST-0750,Alex Smith,alex.smith750@example.com,2025-05-27 15:00:00,SEG-2,24,Female,"San Francisco, CA"
CUST-0751,Kendall Smith,kendall.smith751@example.com,2025-01-05 13:00:00,SEG-3,40,Male,"Seattle, WA"
CUST-0752,Ava Martinez,ava.martinez752@example.com,2025-07-30 17:00:00,SEG-3,25,Female,"Austin, TX"
CUST-0753,Skyler Gonzalez,skyler.gonzalez753@example.com,2025-07-19 12:00:00,SEG-1,39,Non-binary,"Boston, MA"
CUST-0754,Riley Rodriguez,riley.rodriguez754@example.com,2025-11-10 22:00:00,SEG-1,38,Male,"Miami, FL"
CUST-0755,Liam Rodriguez,liam.rodriguez755@example.com,2025-07-31 06:00:00,SEG-1,39,Non-binary,"Seattle, WA"
CUST-0756,Isabella Williams,isabella.williams756@example.com,2025-08-22 19:00:00,SEG-1,32,Male,"Boston, MA"
CUST-0757,Cameron Rodriguez,cameron.rodriguez757@example.com,2025-01-10 04:00:00,SEG-3,40,Female,"San Francisco, CA"
CUST-0758,Jordan Moore,jordan.moore758@example.com,2025-03-06 22:00:00,SEG-1,29,Female,"Seattle, WA"
CUST-0759,Cameron White,cameron.white759@example.com,2025-09-10 06:00:00,SEG-1,29,Male,"New York, NY"
CUST-0760,Avery Wilson,avery.wilson760@example.com,2025-08-26 22:00:00,SEG-2,24,Non-binary,"San Francisco, CA"
CUST-0761,Ava Johnson,ava.johnson761@example.com,2025-05-17 12:00:00,SEG-2,24,Female,"New York, NY"
CUST-0762,Taylor Moore,taylor.moore762@example.com,2025-01-07 03:00:00,SEG-2,19,Male,"Toronto, ON"
CUST-0763,Olivia Thompson,olivia.thompson763@example.com,2025-01-18 06:00:00,SEG-1,40,Female,"Austin, TX"
CUST-0764,Cameron White,cameron.white764@example.com,2025-12-15 09:00:00,SEG-4,26,Male,"Toronto, ON"
CUST-0765,Ethan Hernandez,ethan.hernandez765@example.com,2025-10-09 16:00:00,SEG-1,39,Male,"Portland, OR"
CUST-0766,Morgan Rodriguez,morgan.rodriguez766@example.com,2025-01-27 21:00:00,SEG-2,20,Female,"San Francisco, CA"
CUST-0767,Pat Brown,pat.brown767@example.com,2025-03-27 08:00:00,SEG-1,34,Female,"New York, NY"
CUST-0768,Hayden Brown,hayden.brown768@example.com,2025-10-25 22:00:00,SEG-2,19,Female,"New York, NY"
CUST-0769,Jamie Thompson,jamie.thompson769@example.com,2025-03-22 15:00:00,SEG-3,36,Female,"Austin, TX"
CUST-0770,Taylor Perez,taylor.perez770@example.com,2025-07-02 20:00:00,SEG-3,45,Female,"New York, NY"
CUST-0771,Sam Thompson,sam.thompson771@example.com,2025-04-30 10:00:00,SEG-2,18,Female,"London, UK"
CUST-0772,Kendall Lee,kendall.lee772@example.com,2025-01-11 22:00:00,SEG-4,34,Female,"Austin, TX"
CUST-0773,Quinn Lopez,quinn.lopez773@example.com,2025-08-13 17:00:00,SEG-3,33,Female,"London, UK"
CUST-0774,Dakota Moore,dakota.moore774@example.com,2025-06-28 10:00:00,SEG-3,31,Female,"Miami, FL"
CUST-0775,Emma Anderson,emma.anderson775@example.com,2025-03-24 02:00:00,SEG-1,41,Non-binary,"Miami, FL"
CUST-0776,Peyton Jones,peyton.jones776@example.com,2025-07-07 14:00:00,SEG-2,24,Male,"Miami, FL"
CUST-0777,Alex Harris,alex.harris777@example.com,2025-11-14 11:00:00,SEG-3,37,Female,"New York, NY"
CUST-0778,Olivia Martin,olivia.martin778@example.com,2025-10-03 12:00:00,SEG-1,39,Male,"Boston, MA"
CUST-0779,Pat Taylor,pat.taylor779@example.com,2025-05-25 10:00:00,SEG-3,42,Female,"Denver, CO"
CUST-0780,Skyler Lee,skyler.lee780@example.com,2025-03-08 05:00:00,SEG-2,18,Female,"New York, NY"
CUST-0781,Isabella Johnson,isabella.johnson781@example.com,2025-01-17 18:00:00,SEG-1,35,Male,"Los Angeles, CA"
CUST-0782,Maya Gonzalez,maya.gonzalez782@example.com,2025-07-07 07:00:00,SEG-3,41,Female,"New York, NY"
CUST-0783,Logan Thompson,logan.thompson783@example.com,2025-09-09 02:00:00,SEG-1,42,Male,"Boston, MA"
CUST-0784,Cameron Lee,cameron.lee784@example.com,2025-07-08 22:00:00,SEG-1,36,Non-binary,"Toronto, ON"
CUST-0785,Jordan Martin,jordan.martin785@example.com,2025-06-05 02:00:00,SEG-1,28,Non-binary,"Los Angeles, CA"
CUST-0786,Pat Taylor,pat.taylor786@example.com,2025-07-17 06:00:00,SEG-1,39,Male,"Miami, FL"
CUST-0787,Pat Taylor,pat.taylor787@example.com,2025-10-13 13:00:00,SEG-3,43,Female,"Miami, FL"
CUST-0788,Emma Brown,emma.brown788@example.com,2025-12-07 13:00:00,SEG-4,31,Female,"London, UK"
CUST-0789,Lucas Brown,lucas.brown789@example.com,2025-09-16 10:00:00,SEG-1,30,Non-binary,"Toronto, ON"
CUST-0790,Liam Garcia,liam.garcia790@example.com,2025-06-11 17:00:00,SEG-2,22,Non-binary,"San Francisco, CA"
CUST-0791,Avery Lopez,avery.lopez791@example.com,2025-06-15 19:00:00,SEG-2,23,Non-binary,"Portland, OR"
CUST-0792,Riley Jackson,riley.jackson792@example.com,2025-08-20 14:00:00,SEG-2,21,Male,"San Francisco, CA"
CUST-0793,Quinn Smith,quinn.smith793@example.com,2025-03-11 09:00:00,SEG-3,34,Female,"Miami, FL"
CUST-0794,Alex Martinez,alex.martinez794@example.com,2025-05-22 17:00:00,SEG-5,35,Female,"New York, NY"
CUST-0795,Peyton Moore,peyton.moore795@example.com,2025-01-20 14:00:00,SEG-3,43,Female,"Los Angeles, CA"
CUST-0796,Reese Jones,reese.jones796@example.com,2025-04-30 08:00:00,SEG-1,33,Non-binary,"Austin, TX"
CUST-0797,Ava Martinez,ava.martinez797@example.com,2025-02-09 23:00:00,SEG-1,34,Non-binary,"Austin, TX"
CUST-0798,Avery Thomas,avery.thomas798@example.com,2025-10-23 03:00:00,SEG-1,41,Non-binary,"Portland, OR"
CUST-0799,Logan Lee,logan.lee799@example.com,2025-01-29 10:00:00,SEG-2,23,Non-binary,"Los Angeles, CA"
CUST-0800,Reese Wilson,reese.wilson800@example.com,2025-12-01 19:00:00,SEG-2,24,Female,"Austin, TX"
CUST-0801,Ethan Smith,ethan.smith801@example.com,2025-06-06 16:00:00,SEG-3,45,Male,"New York, NY"
CUST-0802,Jordan Hernandez,jordan.hernandez802@example.com,2025-04-24 04:00:00,SEG-2,19,Male,"Miami, FL"
CUST-0803,Jordan Perez,jordan.perez803@example.com,2025-10-22 16:00:00,SEG-3,37,Male,"Denver, CO"
CUST-0804,Taylor Davis,taylor.davis804@example.com,2025-03-09 10:00:00,SEG-2,24,Non-binary,"Chicago, IL"
CUST-0805,Taylor Thomas,taylor.thomas805@example.com,2025-02-13 12:00:00,SEG-3,26,Male,"Seattle, WA"
CUST-0806,Peyton Wilson,peyton.wilson806@example.com,2025-10-14 06:00:00,SEG-4,24,Male,"London, UK"
CUST-0807,Jamie Gonzalez,jamie.gonzalez807@example.com,2025-02-06 08:00:00,SEG-3,31,Female,"Austin, TX"
CUST-0808,Olivia Wilson,olivia.wilson808@example.com,2025-12-10 13:00:00,SEG-2,22,Female,"Los Angeles, CA"
CUST-0809,Skyler Lopez,skyler.lopez809@example.com,2025-12-02 00:00:00,SEG-2,20,Male,"Denver, CO"
CUST-0810,Olivia Martinez,olivia.martinez810@example.com,2025-11-16 04:00:00,SEG-1,33,Non-binary,"London, UK"
CUST-0811,Cameron Johnson,cameron.johnson811@example.com,2025-07-11 04:00:00,SEG-5,36,Male,"Boston, MA"
CUST-0812,Olivia White,olivia.white812@example.com,2025-05-05 19:00:00,SEG-4,23,Female,"New York, NY"
CUST-0813,Ethan Jones,ethan.jones813@example.com,2025-02-26 09:00:00,SEG-4,29,Male,"San Francisco, CA"
CUST-0814,Cameron Thomas,cameron.thomas814@example.com,2025-04-19 06:00:00,SEG-1,31,Non-binary,"Miami, FL"
CUST-0815,Kendall Taylor,kendall.taylor815@example.com,2025-03-14 22:00:00,SEG-4,35,Female,"Portland, OR"
CUST-0816,Noah Perez,noah.perez816@example.com,2025-01-23 08:00:00,SEG-1,37,Non-binary,"Miami, FL"
CUST-0817,Chris Johnson,chris.johnson817@example.com,2025-05-19 01:00:00,SEG-1,40,Non-binary,"Denver, CO"
CUST-0818,Cameron Lee,cameron.lee818@example.com,2025-05-19 21:00:00,SEG-5,26,Female,"Boston, MA"
CUST-0819,Isabella Perez,isabella.perez819@example.com,2025-11-29 12:00:00,SEG-2,18,Female,"Seattle, WA"
CUST-0820,Riley Gonzalez,riley.gonzalez820@example.com,2025-09-06 19:00:00,SEG-2,23,Female,"San Francisco, CA"
CUST-0821,Kendall Williams,kendall.williams821@example.com,2025-01-12 01:00:00,SEG-1,36,Female,"Miami, FL"
CUST-0822,Riley Taylor,riley.taylor822@example.com,2025-03-22 00:00:00,SEG-2,21,Non-binary,"Portland, OR"
CUST-0823,Reese Perez,reese.perez823@example.com,2025-09-14 08:00:00,SEG-2,23,Male,"Austin, TX"
CUST-0824,Ava Johnson,ava.johnson824@example.com,2025-05-24 07:00:00,SEG-3,37,Female,"Miami, FL"
CUST-0825,Sam Hernandez,sam.hernandez825@example.com,2025-07-15 16:00:00,SEG-4,24,Male,"Portland, OR"
CUST-0826,Liam Martin,liam.martin826@example.com,2025-10-21 04:00:00,SEG-4,27,Male,"Austin, TX"
CUST-0827,Skyler Martinez,skyler.martinez827@example.com,2025-03-09 06:00:00,SEG-5,43,Female,"Miami, FL"
CUST-0828,Maya Jones,maya.jones828@example.com,2025-09-26 04:00:00,SEG-3,31,Female,"Seattle, WA"
CUST-0829,Skyler Harris,skyler.harris829@example.com,2025-06-12 02:00:00,SEG-1,42,Non-binary,"Chicago, IL"
CUST-0830,Kendall Moore,kendall.moore830@example.com,2025-03-16 23:00:00,SEG-5,29,Male,"San Francisco, CA"
CUST-0831,Alex Harris,alex.harris831@example.com,2025-08-15 23:00:00,SEG-2,21,Non-binary,"Seattle, WA"
CUST-0832,Ethan Lee,ethan.lee832@example.com,2025-02-24 04:00:00,SEG-5,39,Male,"Austin, TX"
CUST-0833,Chris Smith,chris.smith833@example.com,2025-11-10 07:00:00,SEG-4,28,Female,"Denver, CO"
CUST-0834,Logan Davis,logan.davis834@example.com,2025-09-02 04:00:00,SEG-1,28,Female,"Los Angeles, CA"
CUST-0835,Peyton Martin,peyton.martin835@example.com,2025-07-18 15:00:00,SEG-2,23,Male,"Chicago, IL"
CUST-0836,Jamie Jones,jamie.jones836@example.com,2025-01-08 08:00:00,SEG-1,31,Male,"Toronto, ON"
CUST-0837,Skyler Davis,skyler.davis837@example.com,2025-04-01 14:00:00,SEG-3,31,Female,"Los Angeles, CA"
CUST-0838,Isabella Martin,isabella.martin838@example.com,2025-08-07 12:00:00,SEG-2,20,Non-binary,"Austin, TX"
CUST-0839,Olivia Johnson,olivia.johnson839@example.com,2025-11-10 23:00:00,SEG-3,37,Female,"Toronto, ON"
CUST-0840,Hayden Martin,hayden.martin840@example.com,2025-02-25 14:00:00,SEG-2,23,Female,"Miami, FL"
CUST-0841,Cameron Johnson,cameron.johnson841@example.com,2025-07-22 23:00:00,SEG-4,27,Female,"Miami, FL"
CUST-0842,Jordan Moore,jordan.moore842@example.com,2025-05-30 14:00:00,SEG-2,24,Female,"Austin, TX"
CUST-0843,Quinn Martinez,quinn.martinez843@example.com,2025-08-05 09:00:00,SEG-4,29,Male,"Chicago, IL"
CUST-0844,Logan Johnson,logan.johnson844@example.com,2025-08-20 02:00:00,SEG-3,29,Male,"Boston, MA"
CUST-0845,Emma Taylor,emma.taylor845@example.com,2025-10-07 04:00:00,SEG-1,40,Non-binary,"Portland, OR"
CUST-0846,Quinn Wilson,quinn.wilson846@example.com,2025-10-30 22:00:00,SEG-2,18,Female,"London, UK"
CUST-0847,Lucas Miller,lucas.miller847@example.com,2025-11-29 22:00:00,SEG-4,22,Male,"San Francisco, CA"
CUST-0848,Ava Garcia,ava.garcia848@example.com,2025-08-19 20:00:00,SEG-3,28,Female,"Los Angeles, CA"
CUST-0849,Reese Williams,reese.williams849@example.com,2025-10-09 12:00:00,SEG-2,21,Female,"Toronto, ON"
CUST-0850,Jordan Harris,jordan.harris850@example.com,2025-03-18 05:00:00,SEG-1,33,Non-binary,"Boston, MA"
CUST-0851,Isabella Jones,isabella.jones851@example.com,2025-06-07 09:00:00,SEG-1,39,Male,"Toronto, ON"
CUST-0852,Emma Harris,emma.harris852@example.com,2025-03-09 06:00:00,SEG-5,40,Male,"Los Angeles, CA"
CUST-0853,Alex Martin,alex.martin853@example.com,2025-09-13 17:00:00,SEG-4,20,Male,"London, UK"
CUST-0854,Ava Smith,ava.smith854@example.com,2025-10-29 21:00:00,SEG-3,40,Female,"Austin, TX"
CUST-0855,Jamie Anderson,jamie.anderson855@example.com,2025-10-08 08:00:00,SEG-2,18,Female,"Austin, TX"
CUST-0856,Logan Lee,logan.lee856@example.com,2025-03-17 01:00:00,SEG-3,31,Female,"Chicago, IL"
CUST-0857,Maya Lopez,maya.lopez857@example.com,2025-10-23 19:00:00,SEG-1,41,Male,"Boston, MA"
CUST-0858,Dakota Hernandez,dakota.hernandez858@example.com,2025-04-02 05:00:00,SEG-5,25,Male,"Toronto, ON"
CUST-0859,Liam Martinez,liam.martinez859@example.com,2025-10-24 11:00:00,SEG-3,44,Female,"London, UK"
CUST-0860,Ethan Johnson,ethan.johnson860@example.com,2025-07-14 02:00:00,SEG-1,32,Female,"San Francisco, CA"
CUST-0861,Olivia Wilson,olivia.wilson861@example.com,2025-03-10 03:00:00,SEG-4,22,Male,"London, UK"
CUST-0862,Noah Rodriguez,noah.rodriguez862@example.com,2025-04-18 19:00:00,SEG-2,21,Female,"Portland, OR"
CUST-0863,Jordan Brown,jordan.brown863@example.com,2025-11-06 22:00:00,SEG-3,45,Female,"London, UK"
CUST-0864,Dakota Wilson,dakota.wilson864@example.com,2025-10-22 19:00:00,SEG-3,35,Female,"Miami, FL"
CUST-0865,Reese Jones,reese.jones865@example.com,2025-04-03 19:00:00,SEG-3,40,Male,"London, UK"
CUST-0866,Riley Thompson,riley.thompson866@example.com,2025-01-13 14:00:00,SEG-1,31,Male,"Los Angeles, CA"
CUST-0867,Maya Brown,maya.brown867@example.com,2025-01-24 10:00:00,SEG-3,31,Male,"Toronto, ON"
CUST-0868,Reese Moore,reese.moore868@example.com,2025-04-14 22:00:00,SEG-4,26,Male,"Boston, MA"
CUST-0869,Dakota Rodriguez,dakota.rodriguez869@example.com,2025-10-09 10:00:00,SEG-4,29,Male,"Miami, FL"
CUST-0870,Olivia Smith,olivia.smith870@example.com,2025-10-19 19:00:00,SEG-1,33,Female,"Toronto, ON"
CUST-0871,Alex Garcia,alex.garcia871@example.com,2025-09-03 15:00:00,SEG-1,41,Female,"Boston, MA"
CUST-0872,Ava Johnson,ava.johnson872@example.com,2025-08-24 17:00:00,SEG-3,40,Female,"Boston, MA"
CUST-0873,Lucas Hernandez,lucas.hernandez873@example.com,2025-01-29 16:00:00,SEG-2,24,Non-binary,"Portland, OR"
CUST-0874,Dakota Jackson,dakota.jackson874@example.com,2025-10-23 21:00:00,SEG-3,35,Female,"Austin, TX"
CUST-0875,Avery Lopez,avery.lopez875@example.com,2025-06-23 12:00:00,SEG-1,30,Female,"New York, NY"
CUST-0876,Maya Moore,maya.moore876@example.com,2025-03-01 09:00:00,SEG-4,32,Male,"Denver, CO"
CUST-0877,Noah Hernandez,noah.hernandez877@example.com,2025-09-12 07:00:00,SEG-3,33,Male,"Los Angeles, CA"
CUST-0878,Reese Anderson,reese.anderson878@example.com,2025-06-04 05:00:00,SEG-4,29,Male,"Miami, FL"
CUST-0879,Morgan Lopez,morgan.lopez879@example.com,2025-09-17 00:00:00,SEG-4,26,Male,"London, UK"
CUST-0880,Ava Thomas,ava.thomas880@example.com,2025-09-05 23:00:00,SEG-5,31,Male,"San Francisco, CA"
CUST-0881,Isabella Taylor,isabella.taylor881@example.com,2025-09-22 21:00:00,SEG-2,20,Female,"Los Angeles, CA"
CUST-0882,Sam Miller,sam.miller882@example.com,2025-09-25 03:00:00,SEG-3,39,Male,"Portland, OR"
CUST-0883,Alex Martinez,alex.martinez883@example.com,2025-01-24 03:00:00,SEG-5,27,Female,"London, UK"
CUST-0884,Peyton Harris,peyton.harris884@example.com,2025-06-09 20:00:00,SEG-3,34,Female,"Denver, CO"
CUST-0885,Lucas Miller,lucas.miller885@example.com,2025-09-30 10:00:00,SEG-2,19,Male,"Seattle, WA"
CUST-0886,Olivia Anderson,olivia.anderson886@example.com,2025-05-21 03:00:00,SEG-3,33,Female,"Chicago, IL"
CUST-0887,Alex Martin,alex.martin887@example.com,2025-06-29 17:00:00,SEG-3,28,Female,"Miami, FL"
CUST-0888,Avery Rodriguez,avery.rodriguez888@example.com,2025-05-06 05:00:00,SEG-1,39,Female,"Denver, CO"
CUST-0889,Taylor Martinez,taylor.martinez889@example.com,2025-03-08 00:00:00,SEG-3,35,Male,"New York, NY"
CUST-0890,Jamie Perez,jamie.perez890@example.com,2025-08-07 12:00:00,SEG-1,34,Male,"Los Angeles, CA"
CUST-0891,Chris Thompson,chris.thompson891@example.com,2025-07-02 09:00:00,SEG-3,43,Male,"Denver, CO"
CUST-0892,Avery Miller,avery.miller892@example.com,2025-10-18 04:00:00,SEG-3,42,Female,"London, UK"
CUST-0893,Taylor Thompson,taylor.thompson893@example.com,2025-11-26 22:00:00,SEG-2,21,Male,"Boston, MA"
CUST-0894,Olivia Anderson,olivia.anderson894@example.com,2025-05-13 11:00:00,SEG-2,19,Female,"Denver, CO"
CUST-0895,Quinn Garcia,quinn.garcia895@example.com,2025-09-07 00:00:00,SEG-3,35,Female,"London, UK"
CUST-0896,Taylor Thomas,taylor.thomas896@example.com,2025-05-25 11:00:00,SEG-1,35,Female,"Chicago, IL"
CUST-0897,Logan Jackson,logan.jackson897@example.com,2025-02-24 10:00:00,SEG-1,29,Female,"Portland, OR"
CUST-0898,Kendall Lee,kendall.lee898@example.com,2025-07-25 18:00:00,SEG-1,32,Non-binary,"London, UK"
CUST-0899,Skyler Davis,skyler.davis899@example.com,2025-07-16 02:00:00,SEG-3,42,Female,"London, UK"
CUST-0900,Avery Miller,avery.miller900@example.com,2025-06-25 17:00:00,SEG-4,33,Male,"Denver, CO"
CUST-0901,Noah Davis,noah.davis901@example.com,2025-10-21 15:00:00,SEG-1,38,Male,"Portland, OR"
CUST-0902,Morgan Jackson,morgan.jackson902@example.com,2025-04-01 09:00:00,SEG-3,35,Female,"London, UK"
CUST-0903,Quinn Williams,quinn.williams903@example.com,2025-09-11 20:00:00,SEG-3,44,Male,"San Francisco, CA"
CUST-0904,Liam Johnson,liam.johnson904@example.com,2025-11-22 00:00:00,SEG-1,41,Male,"Denver, CO"
CUST-0905,Olivia Jones,olivia.jones905@example.com,2025-11-12 18:00:00,SEG-3,39,Female,"Toronto, ON"
CUST-0906,Cameron Miller,cameron.miller906@example.com,2025-10-19 21:00:00,SEG-1,42,Female,"Seattle, WA"
CUST-0907,Dakota Wilson,dakota.wilson907@example.com,2025-01-05 19:00:00,SEG-3,36,Female,"Denver, CO"
CUST-0908,Peyton Gonzalez,peyton.gonzalez908@example.com,2025-10-09 01:00:00,SEG-4,29,Male,"San Francisco, CA"
CUST-0909,Alex Thompson,alex.thompson909@example.com,2025-01-16 07:00:00,SEG-3,36,Female,"Seattle, WA"
CUST-0910,Skyler Thompson,skyler.thompson910@example.com,2025-07-15 12:00:00,SEG-3,45,Female,"Portland, OR"
CUST-0911,Quinn Wilson,quinn.wilson911@example.com,2025-03-13 06:00:00,SEG-2,23,Female,"London, UK"
CUST-0912,Kendall Gonzalez,kendall.gonzalez912@example.com,2025-05-28 21:00:00,SEG-4,31,Male,"Chicago, IL"
CUST-0913,Sam Jones,sam.jones913@example.com,2025-09-07 21:00:00,SEG-1,38,Male,"Chicago, IL"
CUST-0914,Skyler Jones,skyler.jones914@example.com,2025-11-06 13:00:00,SEG-1,38,Female,"London, UK"
CUST-0915,Logan Garcia,logan.garcia915@example.com,2025-07-01 07:00:00,SEG-2,21,Non-binary,"Toronto, ON"
CUST-0916,Chris Wilson,chris.wilson916@example.com,2025-05-02 22:00:00,SEG-3,43,Male,"Portland, OR"
CUST-0917,Peyton Rodriguez,peyton.rodriguez917@example.com,2025-01-20 18:00:00,SEG-2,22,Male,"New York, NY"
CUST-0918,Jamie Thompson,jamie.thompson918@example.com,2025-02-10 04:00:00,SEG-2,22,Non-binary,"Portland, OR"
CUST-0919,Emma White,emma.white919@example.com,2025-09-22 02:00:00,SEG-2,24,Male,"London, UK"
CUST-0920,Peyton Martin,peyton.martin920@example.com,2025-12-06 21:00:00,SEG-1,35,Non-binary,"Portland, OR"
CUST-0921,Taylor Perez,taylor.perez921@example.com,2025-01-28 10:00:00,SEG-3,43,Female,"Denver, CO"
CUST-0922,Kendall Harris,kendall.harris922@example.com,2025-10-21 23:00:00,SEG-1,35,Non-binary,"London, UK"
CUST-0923,Avery Wilson,avery.wilson923@example.com,2025-03-27 01:00:00,SEG-2,24,Male,"Seattle, WA"
CUST-0924,Noah Martin,noah.martin924@example.com,2025-11-19 15:00:00,SEG-3,43,Female,"New York, NY"
CUST-0925,Hayden Garcia,hayden.garcia925@example.com,2025-09-06 02:00:00,SEG-3,34,Female,"Seattle, WA"
CUST-0926,Sam Taylor,sam.taylor926@example.com,2025-03-09 19:00:00,SEG-1,40,Female,"Seattle, WA"
CUST-0927,Casey Rodriguez,casey.rodriguez927@example.com,2025-11-06 05:00:00,SEG-4,20,Female,"Los Angeles, CA"
CUST-0928,Ethan Jackson,ethan.jackson928@example.com,2025-05-14 22:00:00,SEG-3,39,Female,"Chicago, IL"
CUST-0929,Riley Thomas,riley.thomas929@example.com,2025-02-13 04:00:00,SEG-1,36,Male,"San Francisco, CA"
CUST-0930,Logan Jones,logan.jones930@example.com,2025-12-05 14:00:00,SEG-4,33,Male,"Austin, TX"
CUST-0931,Emma Lee,emma.lee931@example.com,2025-01-28 20:00:00,SEG-1,37,Non-binary,"San Francisco, CA"
CUST-0932,Casey Harris,casey.harris932@example.com,2025-07-24 15:00:00,SEG-4,21,Male,"London, UK"
CUST-0933,Dakota Thomas,dakota.thomas933@example.com,2025-12-16 22:00:00,SEG-3,42,Female,"Toronto, ON"
CUST-0934,Quinn Thomas,quinn.thomas934@example.com,2025-05-28 14:00:00,SEG-1,36,Female,"New York, NY"
CUST-0935,Quinn Perez,quinn.perez935@example.com,2025-09-30 20:00:00,SEG-2,22,Female,"Los Angeles, CA"
CUST-0936,Reese Wilson,reese.wilson936@example.com,2025-05-19 08:00:00,SEG-3,45,Female,"San Francisco, CA"
CUST-0937,Ava Brown,ava.brown937@example.com,2025-12-12 23:00:00,SEG-1,37,Female,"London, UK"
CUST-0938,Riley White,riley.white938@example.com,2025-04-03 10:00:00,SEG-3,31,Female,"Boston, MA"
CUST-0939,Kendall Smith,kendall.smith939@example.com,2025-02-20 16:00:00,SEG-3,27,Female,"Toronto, ON"
CUST-0940,Morgan Perez,morgan.perez940@example.com,2025-04-09 01:00:00,SEG-2,19,Male,"Seattle, WA"
CUST-0941,Alex Martin,alex.martin941@example.com,2025-11-03 20:00:00,SEG-1,37,Non-binary,"Austin, TX"
CUST-0942,Morgan Thompson,morgan.thompson942@example.com,2025-12-03 20:00:00,SEG-5,27,Male,"Toronto, ON"
CUST-0943,Hayden Garcia,hayden.garcia943@example.com,2025-08-28 21:00:00,SEG-4,25,Male,"Seattle, WA"
CUST-0944,Ethan Williams,ethan.williams944@example.com,2025-12-08 10:00:00,SEG-3,33,Male,"Portland, OR"
CUST-0945,Casey Garcia,casey.garcia945@example.com,2025-07-18 10:00:00,SEG-4,28,Male,"Toronto, ON"
CUST-0946,Jordan Rodriguez,jordan.rodriguez946@example.com,2025-02-05 15:00:00,SEG-5,38,Male,"London, UK"
CUST-0947,Ethan Miller,ethan.miller947@example.com,2025-03-15 17:00:00,SEG-3,30,Male,"Los Angeles, CA"
CUST-0948,Olivia Wilson,olivia.wilson948@example.com,2025-05-13 03:00:00,SEG-1,38,Male,"London, UK"
CUST-0949,Jordan Williams,jordan.williams949@example.com,2025-01-10 15:00:00,SEG-1,39,Female,"London, UK"
CUST-0950,Sam Lee,sam.lee950@example.com,2025-03-19 22:00:00,SEG-3,26,Male,"Seattle, WA"
CUST-0951,Avery Gonzalez,avery.gonzalez951@example.com,2025-08-12 12:00:00,SEG-3,41,Male,"London, UK"
CUST-0952,Isabella White,isabella.white952@example.com,2025-01-02 12:00:00,SEG-4,22,Female,"Austin, TX"
CUST-0953,Noah Harris,noah.harris953@example.com,2025-12-16 09:00:00,SEG-2,22,Male,"San Francisco, CA"
CUST-0954,Quinn Johnson,quinn.johnson954@example.com,2025-10-01 10:00:00,SEG-3,45,Female,"San Francisco, CA"
CUST-0955,Taylor Anderson,taylor.anderson955@example.com,2025-04-01 17:00:00,SEG-4,29,Female,"Austin, TX"
CUST-0956,Jordan Gonzalez,jordan.gonzalez956@example.com,2025-11-19 22:00:00,SEG-3,34,Male,"Los Angeles, CA"
CUST-0957,Reese Thomas,reese.thomas957@example.com,2025-04-08 04:00:00,SEG-1,38,Female,"Portland, OR"
CUST-0958,Jordan Miller,jordan.miller958@example.com,2025-07-19 02:00:00,SEG-1,37,Male,"London, UK"
CUST-0959,Ava Moore,ava.moore959@example.com,2025-01-19 10:00:00,SEG-3,40,Male,"New York, NY"
CUST-0960,Jordan Hernandez,jordan.hernandez960@example.com,2025-04-19 20:00:00,SEG-4,21,Male,"Los Angeles, CA"
CUST-0961,Liam Taylor,liam.taylor961@example.com,2025-10-24 07:00:00,SEG-2,23,Female,"Portland, OR"
CUST-0962,Ethan Williams,ethan.williams962@example.com,2025-01-10 15:00:00,SEG-1,30,Female,"Boston, MA"
CUST-0963,Ethan Martin,ethan.martin963@example.com,2025-01-08 05:00:00,SEG-1,39,Non-binary,"Chicago, IL"
CUST-0964,Maya Johnson,maya.johnson964@example.com,2025-03-29 18:00:00,SEG-5,28,Female,"Denver, CO"
CUST-0965,Taylor Brown,taylor.brown965@example.com,2025-02-02 06:00:00,SEG-1,37,Non-binary,"Austin, TX"
CUST-0966,Skyler Hernandez,skyler.hernandez966@example.com,2025-12-17 18:00:00,SEG-4,32,Male,"Los Angeles, CA"
CUST-0967,Kendall Jones,kendall.jones967@example.com,2025-10-31 05:00:00,SEG-2,24,Female,"New York, NY"
CUST-0968,Avery Williams,avery.williams968@example.com,2025-07-09 17:00:00,SEG-1,30,Female,"Chicago, IL"
CUST-0969,Chris Anderson,chris.anderson969@example.com,2025-02-21 20:00:00,SEG-1,37,Male,"Chicago, IL"
CUST-0970,Logan Gonzalez,logan.gonzalez970@example.com,2025-01-04 00:00:00,SEG-4,20,Male,"Los Angeles, CA"
CUST-0971,Chris Williams,chris.williams971@example.com,2025-09-01 22:00:00,SEG-3,43,Female,"Toronto, ON"
CUST-0972,Sam Miller,sam.miller972@example.com,2025-07-30 07:00:00,SEG-1,32,Non-binary,"London, UK"
CUST-0973,Chris Martin,chris.martin973@example.com,2025-09-13 19:00:00,SEG-3,44,Female,"Portland, OR"
CUST-0974,Taylor Lee,taylor.lee974@example.com,2025-01-03 17:00:00,SEG-4,29,Male,"Toronto, ON"
CUST-0975,Riley Miller,riley.miller975@example.com,2025-07-05 17:00:00,SEG-1,36,Male,"Denver, CO"
CUST-0976,Peyton Davis,peyton.davis976@example.com,2025-01-28 06:00:00,SEG-2,23,Female,"Seattle, WA"
CUST-0977,Morgan Jones,morgan.jones977@example.com,2025-03-23 21:00:00,SEG-3,40,Male,"Chicago, IL"
CUST-0978,Ethan Johnson,ethan.johnson978@example.com,2025-08-11 08:00:00,SEG-1,33,Female,"Austin, TX"
CUST-0979,Avery Martin,avery.martin979@example.com,2025-01-27 17:00:00,SEG-4,34,Male,"Los Angeles, CA"
CUST-0980,Chris Garcia,chris.garcia980@example.com,2025-02-06 07:00:00,SEG-4,35,Female,"Los Angeles, CA"
CUST-0981,Emma Anderson,emma.anderson981@example.com,2025-12-13 10:00:00,SEG-3,35,Male,"Austin, TX"
CUST-0982,Riley Harris,riley.harris982@example.com,2025-07-31 06:00:00,SEG-1,31,Male,"Austin, TX"
CUST-0983,Quinn Davis,quinn.davis983@example.com,2025-08-12 04:00:00,SEG-1,37,Female,"New York, NY"
CUST-0984,Pat Martin,pat.martin984@example.com,2025-08-23 23:00:00,SEG-2,21,Male,"Chicago, IL"
CUST-0985,Pat Lee,pat.lee985@example.com,2025-03-07 01:00:00,SEG-2,20,Female,"San Francisco, CA"
CUST-0986,Noah Jackson,noah.jackson986@example.com,2025-08-23 13:00:00,SEG-1,30,Male,"London, UK"
CUST-0987,Chris Harris,chris.harris987@example.com,2025-11-10 05:00:00,SEG-2,20,Female,"Boston, MA"
CUST-0988,Hayden Moore,hayden.moore988@example.com,2025-09-08 06:00:00,SEG-4,22,Male,"Miami, FL"
CUST-0989,Hayden Thomas,hayden.thomas989@example.com,2025-08-08 23:00:00,SEG-4,28,Male,"Portland, OR"
CUST-0990,Isabella Davis,isabella.davis990@example.com,2025-10-30 04:00:00,SEG-1,34,Non-binary,"Austin, TX"
CUST-0991,Ethan Jackson,ethan.jackson991@example.com,2025-08-29 23:00:00,SEG-4,33,Male,"New York, NY"
CUST-0992,Olivia Taylor,olivia.taylor992@example.com,2025-02-20 14:00:00,SEG-1,36,Female,"London, UK"
CUST-0993,Jamie Davis,jamie.davis993@example.com,2025-07-28 06:00:00,SEG-1,40,Male,"Portland, OR"
CUST-0994,Sam Lopez,sam.lopez994@example.com,2025-09-03 21:00:00,SEG-1,38,Male,"New York, NY"
CUST-0995,Dakota Garcia,dakota.garcia995@example.com,2025-08-26 04:00:00,SEG-3,43,Female,"London, UK"
CUST-0996,Isabella Thompson,isabella.thompson996@example.com,2025-08-26 22:00:00,SEG-2,24,Male,"Boston, MA"
CUST-0997,Maya Smith,maya.smith997@example.com,2025-06-20 16:00:00,SEG-4,22,Male,"Portland, OR"
CUST-0998,Jordan Martinez,jordan.martinez998@example.com,2025-02-11 19:00:00,SEG-2,20,Female,"Boston, MA"
CUST-0999,Lucas Hernandez,lucas.hernandez999@example.com,2025-02-26 12:00:00,SEG-3,26,Female,"New York, NY"
CUST-1000,Reese Anderson,reese.anderson1000@example.com,2025-11-28 17:00:00,SEG-3,36,Female,"Chicago, IL"
CUST-1001,Noah Williams,noah.williams1001@example.com,2025-05-03 17:00:00,SEG-3,31,Female,"San Francisco, CA"
CUST-1002,Morgan Lee,morgan.lee1002@example.com,2025-04-26 10:00:00,SEG-2,24,Female,"Portland, OR"
CUST-1003,Reese Rodriguez,reese.rodriguez1003@example.com,2025-02-02 11:00:00,SEG-2,21,Male,"New York, NY"
CUST-1004,Reese Anderson,reese.anderson1004@example.com,2025-09-30 21:00:00,SEG-2,22,Female,"London, UK"
CUST-1005,Sophia Moore,sophia.moore1005@example.com,2025-12-11 22:00:00,SEG-4,34,Female,"San Francisco, CA"
CUST-1006,Ava Williams,ava.williams1006@example.com,2025-02-11 12:00:00,SEG-1,42,Female,"Los Angeles, CA"
CUST-1007,Lucas Garcia,lucas.garcia1007@example.com,2025-05-22 03:00:00,SEG-1,29,Male,"Chicago, IL"
CUST-1008,Noah Jones,noah.jones1008@example.com,2025-11-18 00:00:00,SEG-2,24,Female,"Miami, FL"
CUST-1009,Dakota Wilson,dakota.wilson1009@example.com,2025-08-04 14:00:00,SEG-5,30,Female,"San Francisco, CA"
CUST-1010,Emma Lee,emma.lee1010@example.com,2025-04-29 16:00:00,SEG-1,31,Male,"New York, NY"
CUST-1011,Maya Hernandez,maya.hernandez1011@example.com,2025-10-31 21:00:00,SEG-2,20,Male,"London, UK"
CUST-1012,Noah Taylor,noah.taylor1012@example.com,2025-10-18 04:00:00,SEG-4,34,Male,"Seattle, WA"
CUST-1013,Lucas Martinez,lucas.martinez1013@example.com,2025-07-10 09:00:00,SEG-1,32,Male,"London, UK"
CUST-1014,Olivia Johnson,olivia.johnson1014@example.com,2025-11-13 05:00:00,SEG-1,32,Female,"Chicago, IL"
CUST-1015,Noah Moore,noah.moore1015@example.com,2025-12-08 04:00:00,SEG-1,30,Non-binary,"Portland, OR"
CUST-1016,Chris Davis,chris.davis1016@example.com,2025-08-14 08:00:00,SEG-1,33,Non-binary,"Chicago, IL"
CUST-1017,Reese Garcia,reese.garcia1017@example.com,2025-06-12 11:00:00,SEG-1,39,Male,"Boston, MA"
CUST-1018,Sam Lopez,sam.lopez1018@example.com,2025-01-13 12:00:00,SEG-2,19,Male,"Los Angeles, CA"
CUST-1019,Ethan Thomas,ethan.thomas1019@example.com,2025-01-03 23:00:00,SEG-4,34,Male,"Chicago, IL"
CUST-1020,Kendall Taylor,kendall.taylor1020@example.com,2025-05-29 18:00:00,SEG-2,23,Male,"London, UK"
CUST-1021,Liam Jones,liam.jones1021@example.com,2025-02-27 23:00:00,SEG-4,34,Male,"Portland, OR"
CUST-1022,Jamie Johnson,jamie.johnson1022@example.com,2025-01-13 12:00:00,SEG-1,36,Male,"Seattle, WA"
CUST-1023,Logan Davis,logan.davis1023@example.com,2025-11-08 20:00:00,SEG-2,18,Male,"New York, NY"
CUST-1024,Pat Jackson,pat.jackson1024@example.com,2025-01-12 02:00:00,SEG-2,24,Male,"Austin, TX"
CUST-1025,Kendall Anderson,kendall.anderson1025@example.com,2025-09-09 10:00:00,SEG-3,27,Male,"Austin, TX"
CUST-1026,Logan Martin,logan.martin1026@example.com,2025-03-17 22:00:00,SEG-2,18,Male,"Toronto, ON"
CUST-1027,Isabella Wilson,isabella.wilson1027@example.com,2025-06-26 11:00:00,SEG-2,20,Female,"Seattle, WA"
CUST-1028,Dakota Anderson,dakota.anderson1028@example.com,2025-08-16 23:00:00,SEG-4,22,Male,"Portland, OR"
CUST-1029,Skyler Anderson,skyler.anderson1029@example.com,2025-08-01 04:00:00,SEG-1,40,Non-binary,"Toronto, ON"
CUST-1030,Sophia Jackson,sophia.jackson1030@example.com,2025-09-01 16:00:00,SEG-3,29,Female,"Seattle, WA"
CUST-1031,Avery Williams,avery.williams1031@example.com,2025-07-29 20:00:00,SEG-5,46,Male,"New York, NY"
CUST-1032,Ethan Rodriguez,ethan.rodriguez1032@example.com,2025-10-18 04:00:00,SEG-2,22,Non-binary,"Portland, OR"
CUST-1033,Pat Garcia,pat.garcia1033@example.com,2025-01-22 09:00:00,SEG-4,29,Female,"London, UK"
CUST-1034,Sophia Jackson,sophia.jackson1034@example.com,2025-01-14 00:00:00,SEG-2,22,Non-binary,"Austin, TX"
CUST-1035,Sam Rodriguez,sam.rodriguez1035@example.com,2025-12-01 21:00:00,SEG-2,23,Non-binary,"Los Angeles, CA"
CUST-1036,Lucas Martinez,lucas.martinez1036@example.com,2025-03-03 08:00:00,SEG-2,21,Female,"New York, NY"
CUST-1037,Jamie Williams,jamie.williams1037@example.com,2025-08-12 08:00:00,SEG-3,36,Male,"Denver, CO"
CUST-1038,Maya Perez,maya.perez1038@example.com,2025-09-20 23:00:00,SEG-2,23,Female,"San Francisco, CA"
CUST-1039,Hayden Smith,hayden.smith1039@example.com,2025-03-16 10:00:00,SEG-4,25,Female,"New York, NY"
CUST-1040,Cameron Thompson,cameron.thompson1040@example.com,2025-07-04 13:00:00,SEG-1,30,Male,"Seattle, WA"
CUST-1041,Maya Lopez,maya.lopez1041@example.com,2025-02-09 16:00:00,SEG-1,32,Non-binary,"Boston, MA"
CUST-1042,Pat Harris,pat.harris1042@example.com,2025-06-15 10:00:00,SEG-3,28,Female,"Miami, FL"
CUST-1043,Sophia Perez,sophia.perez1043@example.com,2025-07-05 03:00:00,SEG-4,28,Female,"Portland, OR"
CUST-1044,Kendall Jackson,kendall.jackson1044@example.com,2025-09-23 09:00:00,SEG-2,19,Female,"Chicago, IL"
CUST-1045,Reese Harris,reese.harris1045@example.com,2025-04-22 04:00:00,SEG-2,20,Female,"Los Angeles, CA"
CUST-1046,Peyton Davis,peyton.davis1046@example.com,2025-02-09 03:00:00,SEG-4,23,Male,"London, UK"
CUST-1047,Sophia Jones,sophia.jones1047@example.com,2025-07-05 04:00:00,SEG-5,52,Female,"Seattle, WA"
CUST-1048,Sophia Anderson,sophia.anderson1048@example.com,2025-06-05 00:00:00,SEG-4,30,Male,"Portland, OR"
CUST-1049,Emma Brown,emma.brown1049@example.com,2025-04-27 09:00:00,SEG-1,41,Non-binary,"Chicago, IL"
CUST-1050,Sam Miller,sam.miller1050@example.com,2025-02-27 02:00:00,SEG-1,29,Female,"Portland, OR"
CUST-1051,Alex Harris,alex.harris1051@example.com,2025-02-25 01:00:00,SEG-2,21,Female,"Austin, TX"
CUST-1052,Ava Perez,ava.perez1052@example.com,2025-05-10 01:00:00,SEG-2,18,Non-binary,"Los Angeles, CA"
CUST-1053,Taylor Martinez,taylor.martinez1053@example.com,2025-04-16 18:00:00,SEG-3,28,Female,"Denver, CO"
CUST-1054,Lucas Miller,lucas.miller1054@example.com,2025-03-16 23:00:00,SEG-1,33,Male,"Los Angeles, CA"
CUST-1055,Casey Jackson,casey.jackson1055@example.com,2025-10-19 02:00:00,SEG-2,19,Female,"Miami, FL"
CUST-1056,Morgan Jackson,morgan.jackson1056@example.com,2025-05-25 05:00:00,SEG-4,26,Female,"Austin, TX"
CUST-1057,Lucas Harris,lucas.harris1057@example.com,2025-09-16 22:00:00,SEG-2,23,Female,"Austin, TX"
CUST-1058,Jamie Lopez,jamie.lopez1058@example.com,2025-02-24 05:00:00,SEG-3,30,Male,"Boston, MA"
CUST-1059,Sophia Lopez,sophia.lopez1059@example.com,2025-04-27 13:00:00,SEG-5,49,Male,"Miami, FL"
CUST-1060,Morgan Harris,morgan.harris1060@example.com,2025-09-24 04:00:00,SEG-5,29,Female,"Los Angeles, CA"
CUST-1061,Jamie Harris,jamie.harris1061@example.com,2025-06-17 15:00:00,SEG-2,20,Female,"Los Angeles, CA"
CUST-1062,Morgan Gonzalez,morgan.gonzalez1062@example.com,2025-08-16 07:00:00,SEG-1,37,Non-binary,"Seattle, WA"
CUST-1063,Kendall Wilson,kendall.wilson1063@example.com,2025-02-05 15:00:00,SEG-1,41,Female,"Austin, TX"
CUST-1064,Liam Lopez,liam.lopez1064@example.com,2025-02-23 12:00:00,SEG-1,38,Female,"Boston, MA"
CUST-1065,Cameron Taylor,cameron.taylor1065@example.com,2025-07-22 12:00:00,SEG-3,27,Female,"Chicago, IL"
CUST-1066,Noah Jackson,noah.jackson1066@example.com,2025-04-12 10:00:00,SEG-5,32,Male,"San Francisco, CA"
CUST-1067,Pat Martin,pat.martin1067@example.com,2025-08-06 23:00:00,SEG-4,32,Male,"Austin, TX"
CUST-1068,Jamie Rodriguez,jamie.rodriguez1068@example.com,2025-07-02 15:00:00,SEG-4,28,Female,"Toronto, ON"
CUST-1069,Liam Martin,liam.martin1069@example.com,2025-08-21 03:00:00,SEG-5,53,Female,"Chicago, IL"
CUST-1070,Morgan Rodriguez,morgan.rodriguez1070@example.com,2025-02-20 23:00:00,SEG-2,19,Female,"New York, NY"
CUST-1071,Jordan Williams,jordan.williams1071@example.com,2025-11-06 21:00:00,SEG-2,18,Female,"Toronto, ON"
CUST-1072,Avery Jones,avery.jones1072@example.com,2025-12-05 16:00:00,SEG-2,22,Female,"Los Angeles, CA"
CUST-1073,Olivia Thomas,olivia.thomas1073@example.com,2025-09-12 15:00:00,SEG-4,26,Male,"Boston, MA"
CUST-1074,Peyton Rodriguez,peyton.rodriguez1074@example.com,2025-08-09 03:00:00,SEG-2,24,Female,"New York, NY"
CUST-1075,Quinn Anderson,quinn.anderson1075@example.com,2025-01-19 01:00:00,SEG-2,21,Non-binary,"London, UK"
CUST-1076,Chris Moore,chris.moore1076@example.com,2025-08-09 04:00:00,SEG-3,34,Female,"London, UK"
CUST-1077,Dakota Thompson,dakota.thompson1077@example.com,2025-12-12 15:00:00,SEG-2,24,Female,"Denver, CO"
CUST-1078,Liam Moore,liam.moore1078@example.com,2025-10-15 05:00:00,SEG-3,43,Male,"London, UK"
CUST-1079,Peyton Johnson,peyton.johnson1079@example.com,2025-12-13 11:00:00,SEG-2,21,Non-binary,"Denver, CO"
CUST-1080,Olivia Martinez,olivia.martinez1080@example.com,2025-07-07 11:00:00,SEG-2,18,Female,"Chicago, IL"
CUST-1081,Ava White,ava.white1081@example.com,2025-02-19 13:00:00,SEG-3,45,Female,"Toronto, ON"
CUST-1082,Reese Lopez,reese.lopez1082@example.com,2025-05-01 20:00:00,SEG-2,18,Female,"Austin, TX"
CUST-1083,Dakota Jackson,dakota.jackson1083@example.com,2025-02-28 10:00:00,SEG-1,39,Male,"Seattle, WA"
CUST-1084,Chris Smith,chris.smith1084@example.com,2025-08-05 18:00:00,SEG-2,18,Non-binary,"Boston, MA"
CUST-1085,Peyton Wilson,peyton.wilson1085@example.com,2025-01-12 10:00:00,SEG-1,39,Female,"Denver, CO"
CUST-1086,Quinn Jackson,quinn.jackson1086@example.com,2025-02-21 22:00:00,SEG-2,22,Female,"London, UK"
CUST-1087,Liam Miller,liam.miller1087@example.com,2025-11-11 09:00:00,SEG-2,22,Male,"Chicago, IL"
CUST-1088,Reese Wilson,reese.wilson1088@example.com,2025-04-20 09:00:00,SEG-1,38,Male,"Miami, FL"
CUST-1089,Casey Johnson,casey.johnson1089@example.com,2025-11-16 23:00:00,SEG-1,37,Female,"Austin, TX"
CUST-1090,Taylor Thompson,taylor.thompson1090@example.com,2025-05-20 02:00:00,SEG-4,23,Female,"San Francisco, CA"
CUST-1091,Hayden Taylor,hayden.taylor1091@example.com,2025-11-30 09:00:00,SEG-2,19,Male,"Los Angeles, CA"
CUST-1092,Peyton Martinez,peyton.martinez1092@example.com,2025-08-01 12:00:00,SEG-2,22,Male,"Austin, TX"
CUST-1093,Casey Martin,casey.martin1093@example.com,2025-11-18 22:00:00,SEG-2,23,Female,"New York, NY"
CUST-1094,Peyton Garcia,peyton.garcia1094@example.com,2025-11-23 17:00:00,SEG-3,31,Male,"Seattle, WA"
CUST-1095,Ava Martin,ava.martin1095@example.com,2025-11-17 01:00:00,SEG-4,33,Female,"Portland, OR"
CUST-1096,Peyton Miller,peyton.miller1096@example.com,2025-12-17 09:00:00,SEG-2,19,Female,"Chicago, IL"
CUST-1097,Isabella Wilson,isabella.wilson1097@example.com,2025-04-15 13:00:00,SEG-2,24,Female,"Boston, MA"
CUST-1098,Casey Martinez,casey.martinez1098@example.com,2025-05-03 03:00:00,SEG-3,33,Female,"Toronto, ON"
CUST-1099,Sam Miller,sam.miller1099@example.com,2025-09-06 17:00:00,SEG-1,40,Female,"London, UK"
CUST-1100,Skyler Wilson,skyler.wilson1100@example.com,2025-05-20 04:00:00,SEG-3,26,Female,"Chicago, IL"
CUST-1101,Alex Rodriguez,alex.rodriguez1101@example.com,2025-04-01 20:00:00,SEG-4,28,Female,"Miami, FL"
CUST-1102,Isabella Johnson,isabella.johnson1102@example.com,2025-02-12 10:00:00,SEG-5,53,Male,"New York, NY"
CUST-1103,Logan Martinez,logan.martinez1103@example.com,2025-12-03 02:00:00,SEG-4,33,Male,"Boston, MA"
CUST-1104,Quinn White,quinn.white1104@example.com,2025-09-14 03:00:00,SEG-4,27,Male,"Denver, CO"
CUST-1105,Peyton Perez,peyton.perez1105@example.com,2025-05-02 19:00:00,SEG-4,28,Male,"Los Angeles, CA"
CUST-1106,Morgan Harris,morgan.harris1106@example.com,2025-07-19 23:00:00,SEG-4,30,Female,"Portland, OR"
CUST-1107,Emma Davis,emma.davis1107@example.com,2025-03-31 06:00:00,SEG-5,35,Male,"Los Angeles, CA"
CUST-1108,Casey Anderson,casey.anderson1108@example.com,2025-10-01 11:00:00,SEG-2,24,Female,"London, UK"
CUST-1109,Noah Brown,noah.brown1109@example.com,2025-05-07 08:00:00,SEG-2,21,Non-binary,"Boston, MA"
CUST-1110,Lucas Jones,lucas.jones1110@example.com,2025-01-11 20:00:00,SEG-2,23,Male,"Seattle, WA"
CUST-1111,Lucas Martin,lucas.martin1111@example.com,2025-12-10 07:00:00,SEG-1,39,Non-binary,"New York, NY"
CUST-1112,Casey Moore,casey.moore1112@example.com,2025-03-04 17:00:00,SEG-2,23,Male,"Boston, MA"
CUST-1113,Isabella Davis,isabella.davis1113@example.com,2025-05-11 09:00:00,SEG-4,32,Male,"Toronto, ON"
CUST-1114,Taylor Harris,taylor.harris1114@example.com,2025-11-20 10:00:00,SEG-1,31,Male,"London, UK"
CUST-1115,Lucas Harris,lucas.harris1115@example.com,2025-09-09 15:00:00,SEG-3,26,Female,"Los Angeles, CA"
CUST-1116,Emma Wilson,emma.wilson1116@example.com,2025-03-24 22:00:00,SEG-5,43,Female,"Los Angeles, CA"
CUST-1117,Casey Taylor,casey.taylor1117@example.com,2025-10-08 23:00:00,SEG-1,34,Non-binary,"Portland, OR"
CUST-1118,Avery Anderson,avery.anderson1118@example.com,2025-08-16 20:00:00,SEG-3,26,Female,"Boston, MA"
CUST-1119,Sam Smith,sam.smith1119@example.com,2025-10-22 02:00:00,SEG-2,23,Male,"San Francisco, CA"
CUST-1120,Morgan Garcia,morgan.garcia1120@example.com,2025-11-01 21:00:00,SEG-1,39,Non-binary,"Chicago, IL"
CUST-1121,Skyler Hernandez,skyler.hernandez1121@example.com,2025-03-30 21:00:00,SEG-2,24,Female,"Seattle, WA"
CUST-1122,Hayden Hernandez,hayden.hernandez1122@example.com,2025-07-08 05:00:00,SEG-4,26,Male,"Toronto, ON"
CUST-1123,Quinn Gonzalez,quinn.gonzalez1123@example.com,2025-10-13 20:00:00,SEG-5,36,Male,"New York, NY"
CUST-1124,Logan Lee,logan.lee1124@example.com,2025-05-15 22:00:00,SEG-1,29,Female,"Austin, TX"
CUST-1125,Isabella Garcia,isabella.garcia1125@example.com,2025-05-14 04:00:00,SEG-1,37,Female,"Denver, CO"
CUST-1126,Taylor Lopez,taylor.lopez1126@example.com,2025-09-27 13:00:00,SEG-1,37,Male,"New York, NY"
CUST-1127,Olivia Anderson,olivia.anderson1127@example.com,2025-04-15 06:00:00,SEG-4,35,Male,"Austin, TX"
CUST-1128,Isabella Rodriguez,isabella.rodriguez1128@example.com,2025-08-09 06:00:00,SEG-1,35,Female,"Chicago, IL"
CUST-1129,Logan Miller,logan.miller1129@example.com,2025-04-03 13:00:00,SEG-5,40,Male,"Toronto, ON"
CUST-1130,Ava Jones,ava.jones1130@example.com,2025-08-19 07:00:00,SEG-1,32,Male,"Denver, CO"
CUST-1131,Reese Jackson,reese.jackson1131@example.com,2025-08-29 04:00:00,SEG-3,39,Female,"New York, NY"
CUST-1132,Isabella Hernandez,isabella.hernandez1132@example.com,2025-07-16 22:00:00,SEG-5,47,Male,"Portland, OR"
CUST-1133,Skyler White,skyler.white1133@example.com,2025-01-31 01:00:00,SEG-3,27,Female,"Miami, FL"
CUST-1134,Avery Davis,avery.davis1134@example.com,2025-05-10 16:00:00,SEG-2,20,Female,"New York, NY"
CUST-1135,Logan Gonzalez,logan.gonzalez1135@example.com,2025-10-14 01:00:00,SEG-2,21,Male,"Chicago, IL"
CUST-1136,Hayden Garcia,hayden.garcia1136@example.com,2025-08-28 04:00:00,SEG-1,36,Female,"San Francisco, CA"
CUST-1137,Taylor Hernandez,taylor.hernandez1137@example.com,2025-03-01 10:00:00,SEG-3,38,Female,"Seattle, WA"
CUST-1138,Jordan Jones,jordan.jones1138@example.com,2025-07-04 13:00:00,SEG-2,24,Male,"Portland, OR"
CUST-1139,Dakota Rodriguez,dakota.rodriguez1139@example.com,2025-03-26 10:00:00,SEG-3,33,Female,"Toronto, ON"
CUST-1140,Emma Thomas,emma.thomas1140@example.com,2025-11-22 14:00:00,SEG-4,24,Female,"Boston, MA"
CUST-1141,Jordan Miller,jordan.miller1141@example.com,2025-08-29 08:00:00,SEG-1,31,Male,"New York, NY"
CUST-1142,Chris Thompson,chris.thompson1142@example.com,2025-08-15 11:00:00,SEG-2,18,Non-binary,"New York, NY"
CUST-1143,Noah Moore,noah.moore1143@example.com,2025-03-17 03:00:00,SEG-2,21,Female,"Portland, OR"
CUST-1144,Reese Williams,reese.williams1144@example.com,2025-09-18 08:00:00,SEG-1,32,Male,"Chicago, IL"
CUST-1145,Hayden Perez,hayden.perez1145@example.com,2025-10-20 05:00:00,SEG-3,43,Female,"Miami, FL"
CUST-1146,Skyler Williams,skyler.williams1146@example.com,2025-06-18 00:00:00,SEG-1,35,Non-binary,"Los Angeles, CA"
CUST-1147,Dakota Perez,dakota.perez1147@example.com,2025-10-30 03:00:00,SEG-5,29,Female,"San Francisco, CA"
CUST-1148,Sophia Hernandez,sophia.hernandez1148@example.com,2025-12-04 15:00:00,SEG-1,29,Female,"Portland, OR"
CUST-1149,Cameron Lee,cameron.lee1149@example.com,2025-12-02 19:00:00,SEG-5,22,Female,"New York, NY"
CUST-1150,Cameron Hernandez,cameron.hernandez1150@example.com,2025-11-26 09:00:00,SEG-5,30,Male,"New York, NY"
CUST-1151,Avery Johnson,avery.johnson1151@example.com,2025-07-24 08:00:00,SEG-3,42,Male,"Los Angeles, CA"
CUST-1152,Chris Davis,chris.davis1152@example.com,2025-04-17 05:00:00,SEG-5,47,Male,"New York, NY"
CUST-1153,Quinn Harris,quinn.harris1153@example.com,2025-06-02 15:00:00,SEG-2,23,Female,"Los Angeles, CA"
CUST-1154,Ava Wilson,ava.wilson1154@example.com,2025-12-07 03:00:00,SEG-3,34,Female,"San Francisco, CA"
CUST-1155,Sophia Lopez,sophia.lopez1155@example.com,2025-09-01 08:00:00,SEG-2,21,Non-binary,"Toronto, ON"
CUST-1156,Hayden Martin,hayden.martin1156@example.com,2025-11-11 05:00:00,SEG-2,24,Non-binary,"San Francisco, CA"
CUST-1157,Skyler Lee,skyler.lee1157@example.com,2025-12-13 07:00:00,SEG-2,18,Male,"London, UK"
CUST-1158,Maya Perez,maya.perez1158@example.com,2025-08-28 13:00:00,SEG-3,40,Female,"Seattle, WA"
CUST-1159,Taylor Thomas,taylor.thomas1159@example.com,2025-09-25 13:00:00,SEG-2,19,Male,"Austin, TX"
CUST-1160,Dakota Jackson,dakota.jackson1160@example.com,2025-02-25 16:00:00,SEG-1,29,Male,"Miami, FL"
CUST-1161,Skyler Wilson,skyler.wilson1161@example.com,2025-05-10 11:00:00,SEG-1,38,Non-binary,"Denver, CO"
CUST-1162,Casey Jackson,casey.jackson1162@example.com,2025-12-05 14:00:00,SEG-1,36,Male,"Los Angeles, CA"
CUST-1163,Chris Garcia,chris.garcia1163@example.com,2025-06-02 10:00:00,SEG-4,21,Male,"Toronto, ON"
CUST-1164,Hayden White,hayden.white1164@example.com,2025-05-16 10:00:00,SEG-2,23,Non-binary,"Denver, CO"
CUST-1165,Ethan Garcia,ethan.garcia1165@example.com,2025-05-13 21:00:00,SEG-1,29,Non-binary,"Denver, CO"
CUST-1166,Morgan Wilson,morgan.wilson1166@example.com,2025-01-07 05:00:00,SEG-2,18,Non-binary,"Los Angeles, CA"
CUST-1167,Maya Thomas,maya.thomas1167@example.com,2025-11-13 19:00:00,SEG-2,21,Non-binary,"Seattle, WA"
CUST-1168,Reese Thompson,reese.thompson1168@example.com,2025-03-06 04:00:00,SEG-3,37,Female,"Los Angeles, CA"
CUST-1169,Alex Miller,alex.miller1169@example.com,2025-01-14 06:00:00,SEG-1,28,Non-binary,"Austin, TX"
CUST-1170,Jamie Lee,jamie.lee1170@example.com,2025-10-03 06:00:00,SEG-1,31,Female,"Boston, MA"
CUST-1171,Taylor Martinez,taylor.martinez1171@example.com,2025-01-12 03:00:00,SEG-4,24,Male,"Toronto, ON"
CUST-1172,Chris Jones,chris.jones1172@example.com,2025-01-11 14:00:00,SEG-3,39,Male,"London, UK"
CUST-1173,Hayden Davis,hayden.davis1173@example.com,2025-06-20 00:00:00,SEG-1,37,Female,"New York, NY"
CUST-1174,Morgan Lee,morgan.lee1174@example.com,2025-10-24 19:00:00,SEG-4,33,Male,"London, UK"
CUST-1175,Emma Moore,emma.moore1175@example.com,2025-09-06 16:00:00,SEG-5,24,Female,"Toronto, ON"
CUST-1176,Hayden White,hayden.white1176@example.com,2025-02-01 16:00:00,SEG-3,40,Female,"Portland, OR"
CUST-1177,Alex Wilson,alex.wilson1177@example.com,2025-11-28 13:00:00,SEG-3,42,Female,"Seattle, WA"
CUST-1178,Lucas Thomas,lucas.thomas1178@example.com,2025-08-18 22:00:00,SEG-1,37,Non-binary,"San Francisco, CA"
CUST-1179,Skyler Smith,skyler.smith1179@example.com,2025-06-26 14:00:00,SEG-1,39,Male,"London, UK"
CUST-1180,Riley Taylor,riley.taylor1180@example.com,2025-11-05 22:00:00,SEG-1,42,Non-binary,"San Francisco, CA"
CUST-1181,Liam Anderson,liam.anderson1181@example.com,2025-07-19 13:00:00,SEG-1,32,Non-binary,"Portland, OR"
CUST-1182,Sophia Perez,sophia.perez1182@example.com,2025-11-15 06:00:00,SEG-3,36,Male,"Chicago, IL"
CUST-1183,Dakota Thompson,dakota.thompson1183@example.com,2025-04-13 05:00:00,SEG-3,40,Female,"Chicago, IL"
CUST-1184,Logan Thomas,logan.thomas1184@example.com,2025-05-01 06:00:00,SEG-1,34,Female,"Seattle, WA"
CUST-1185,Kendall Johnson,kendall.johnson1185@example.com,2025-12-13 05:00:00,SEG-5,44,Female,"San Francisco, CA"
CUST-1186,Chris Taylor,chris.taylor1186@example.com,2025-02-28 19:00:00,SEG-1,29,Female,"Toronto, ON"
CUST-1187,Riley Brown,riley.brown1187@example.com,2025-07-01 01:00:00,SEG-3,40,Female,"San Francisco, CA"
CUST-1188,Olivia Moore,olivia.moore1188@example.com,2025-11-06 21:00:00,SEG-1,30,Non-binary,"Miami, FL"
CUST-1189,Morgan Thompson,morgan.thompson1189@example.com,2025-02-24 19:00:00,SEG-1,35,Female,"Los Angeles, CA"
CUST-1190,Logan Brown,logan.brown1190@example.com,2025-03-27 20:00:00,SEG-4,21,Female,"Los Angeles, CA"
CUST-1191,Morgan Miller,morgan.miller1191@example.com,2025-08-15 16:00:00,SEG-5,32,Female,"Portland, OR"
CUST-1192,Jamie White,jamie.white1192@example.com,2025-06-21 04:00:00,SEG-4,24,Female,"San Francisco, CA"
CUST-1193,Morgan Miller,morgan.miller1193@example.com,2025-08-31 10:00:00,SEG-2,21,Female,"Austin, TX"
CUST-1194,Dakota Taylor,dakota.taylor1194@example.com,2025-08-01 11:00:00,SEG-1,32,Female,"Portland, OR"
CUST-1195,Maya Perez,maya.perez1195@example.com,2025-04-27 04:00:00,SEG-1,40,Non-binary,"Toronto, ON"
CUST-1196,Ava Wilson,ava.wilson1196@example.com,2025-12-16 11:00:00,SEG-2,21,Non-binary,"Miami, FL"
CUST-1197,Alex Anderson,alex.anderson1197@example.com,2025-02-05 02:00:00,SEG-1,28,Non-binary,"Miami, FL"
CUST-1198,Avery Hernandez,avery.hernandez1198@example.com,2025-02-01 12:00:00,SEG-2,24,Female,"Toronto, ON"
CUST-1199,Olivia Johnson,olivia.johnson1199@example.com,2025-01-30 20:00:00,SEG-3,45,Female,"Denver, CO"
CUST-1200,Noah Perez,noah.perez1200@example.com,2025-12-15 22:00:00,SEG-4,29,Male,"Toronto, ON"
