order_id,customer_id,order_date,subtotal,discount_amount,tax,shipping,total_revenue,order_status
ORD-00001,CUST-1076,2025-10-19 13:00:00,149.0,14.9,10.73,0.0,144.83,Completed
ORD-00002,CUST-0882,2025-12-10 09:00:00,69.0,6.9,4.97,12.0,79.07,Completed
ORD-00003,CUST-0347,2025-06-22 20:00:00,498.0,49.8,35.86,0.0,484.06,Completed
ORD-00004,CUST-0057,2025-02-13 16:00:00,757.0,151.4,48.45,0.0,654.05,Completed
ORD-00005,CUST-0912,2025-10-19 22:00:00,537.0,80.55,36.52,0.0,492.97,Completed
ORD-00006,CUST-0239,2025-02-10 19:00:00,29.0,0.0,2.32,12.0,43.32,Completed
ORD-00007,CUST-0929,2025-11-24 19:00:00,507.0,0.0,40.56,0.0,547.56,Completed
ORD-00008,CUST-0017,2025-12-14 21:00:00,149.0,14.9,10.73,0.0,144.83,Completed
ORD-00009,CUST-1018,2025-04-10 22:00:00,138.0,13.8,9.94,0.0,134.14,Completed
ORD-00010,CUST-0365,2025-06-23 14:00:00,59.0,5.9,4.25,12.0,69.35,Completed
ORD-00011,CUST-0615,2025-05-30 18:00:00,79.0,0.0,6.32,12.0,97.32,Completed
ORD-00012,CUST-0986,2025-03-08 22:00:00,89.0,0.0,7.12,12.0,108.12,Completed
ORD-00013,CUST-0361,2025-06-26 09:00:00,108.0,0.0,8.64,0.0,116.64,Completed
ORD-00014,CUST-0596,2025-03-27 08:00:00,79.0,15.8,5.06,12.0,80.26,Completed
ORD-00015,CUST-0871,2025-01-27 15:00:00,599.0,119.8,38.34,0.0,517.54,Completed
ORD-00016,CUST-0454,2025-04-04 11:00:00,307.0,61.4,19.65,0.0,265.25,Completed
ORD-00017,CUST-0185,2025-06-20 22:00:00,35.0,0.0,2.8,12.0,49.8,Completed
ORD-00018,CUST-0432,2025-03-11 21:00:00,287.0,28.7,20.66,0.0,278.96,Completed
ORD-00019,CUST-1133,2025-01-07 08:00:00,29.0,0.0,2.32,12.0,43.32,Completed
ORD-00020,CUST-0994,2025-06-03 08:00:00,668.0,133.6,42.75,0.0,577.15,Completed
ORD-00021,CUST-0821,2025-05-20 09:00:00,178.0,17.8,12.82,0.0,173.02,Completed
ORD-00022,CUST-0196,2025-07-20 11:00:00,49.0,0.0,3.92,12.0,64.92,Completed
ORD-00023,CUST-0562,2025-01-26 18:00:00,349.0,69.8,22.34,0.0,301.54,Completed
ORD-00024,CUST-1149,2025-06-28 16:00:00,59.0,8.85,4.01,12.0,66.16,Completed
ORD-00025,CUST-1120,2025-08-20 11:00:00,79.0,0.0,6.32,12.0,97.32,Completed
ORD-00026,CUST-0224,2025-05-24 20:00:00,149.0,29.8,9.54,0.0,128.74,Completed
ORD-00027,CUST-0512,2025-11-09 21:00:00,688.0,103.2,46.78,0.0,631.58,Completed
ORD-00028,CUST-0692,2025-01-19 13:00:00,89.0,0.0,7.12,12.0,108.12,Completed
ORD-00029,CUST-1001,2025-06-25 11:00:00,58.0,0.0,4.64,12.0,74.64,Completed
ORD-00030,CUST-0216,2025-02-03 10:00:00,327.0,0.0,26.16,0.0,353.16,Completed
ORD-00031,CUST-0869,2025-12-21 10:00:00,599.0,119.8,38.34,0.0,517.54,Completed
ORD-00032,CUST-0603,2025-12-13 12:00:00,35.0,0.0,2.8,12.0,49.8,Completed
ORD-00033,CUST-0595,2025-04-09 19:00:00,59.0,8.85,4.01,12.0,66.16,Completed
ORD-00034,CUST-0278,2025-10-01 13:00:00,599.0,59.9,43.13,0.0,582.23,Completed
ORD-00035,CUST-0409,2025-12-19 13:00:00,149.0,14.9,10.73,0.0,144.83,Completed
ORD-00036,CUST-0707,2025-03-18 12:00:00,79.0,11.85,5.37,12.0,84.52,Completed
ORD-00037,CUST-1150,2025-03-05 17:00:00,149.0,0.0,11.92,0.0,160.92,Completed
ORD-00038,CUST-0260,2025-10-28 18:00:00,128.0,0.0,10.24,0.0,138.24,Completed
ORD-00039,CUST-0970,2025-01-24 11:00:00,149.0,0.0,11.92,0.0,160.92,Completed
ORD-00040,CUST-0663,2025-01-18 16:00:00,69.0,0.0,5.52,12.0,86.52,Completed
ORD-00041,CUST-0494,2025-10-25 19:00:00,108.0,10.8,7.78,0.0,104.98,Completed
ORD-00042,CUST-0341,2025-05-23 19:00:00,59.0,0.0,4.72,12.0,75.72,Completed
ORD-00043,CUST-0514,2025-12-17 18:00:00,94.0,9.4,6.77,12.0,103.37,Completed
ORD-00044,CUST-0784,2025-01-22 15:00:00,69.0,10.35,4.69,12.0,75.34,Completed
ORD-00045,CUST-0520,2025-01-27 08:00:00,1198.0,179.7,81.46,0.0,1099.76,Completed
ORD-00046,CUST-0562,2025-11-21 21:00:00,232.0,0.0,18.56,0.0,250.56,Completed
ORD-00047,CUST-0079,2025-11-29 19:00:00,478.0,95.6,30.59,0.0,412.99,Completed
ORD-00048,CUST-0128,2025-12-07 21:00:00,114.0,11.4,8.21,0.0,110.81,Completed
ORD-00049,CUST-0751,2025-10-27 21:00:00,29.0,4.35,1.97,12.0,38.62,Completed
ORD-00050,CUST-0172,2025-01-27 17:00:00,35.0,0.0,2.8,12.0,49.8,Completed
ORD-00051,CUST-0638,2025-05-22 13:00:00,197.0,19.7,14.18,0.0,191.48,Completed
ORD-00052,CUST-0177,2025-11-21 20:00:00,79.0,7.9,5.69,12.0,88.79,Completed
ORD-00053,CUST-0631,2025-11-25 22:00:00,668.0,0.0,53.44,0.0,721.44,Completed
ORD-00054,CUST-0572,2025-06-10 11:00:00,69.0,13.8,4.42,12.0,71.62,Completed
ORD-00055,CUST-0542,2025-06-21 13:00:00,35.0,3.5,2.52,12.0,46.02,Completed
ORD-00056,CUST-0076,2025-10-27 14:00:00,49.0,0.0,3.92,12.0,64.92,Completed
ORD-00057,CUST-0592,2025-12-25 21:00:00,89.0,17.8,5.7,12.0,88.9,Completed
ORD-00058,CUST-0535,2025-02-12 18:00:00,79.0,15.8,5.06,12.0,80.26,Completed
ORD-00059,CUST-0070,2025-02-01 21:00:00,79.0,0.0,6.32,12.0,97.32,Completed
ORD-00060,CUST-0384,2025-06-06 10:00:00,138.0,0.0,11.04,0.0,149.04,Completed
ORD-00061,CUST-0891,2025-08-31 21:00:00,79.0,0.0,6.32,12.0,97.32,Completed
ORD-00062,CUST-0822,2025-04-02 09:00:00,79.0,0.0,6.32,12.0,97.32,Completed
ORD-00063,CUST-0336,2025-06-22 19:00:00,277.0,27.7,19.94,0.0,269.24,Completed
ORD-00064,CUST-0709,2025-03-30 08:00:00,118.0,11.8,8.5,0.0,114.7,Completed
ORD-00065,CUST-0895,2025-03-10 18:00:00,59.0,0.0,4.72,12.0,75.72,Completed
ORD-00066,CUST-0965,2025-11-14 11:00:00,138.0,13.8,9.94,0.0,134.14,Completed
ORD-00067,CUST-0652,2025-03-10 14:00:00,178.0,0.0,14.24,0.0,192.24,Completed
ORD-00068,CUST-0711,2025-11-21 11:00:00,79.0,0.0,6.32,12.0,97.32,Completed
ORD-00069,CUST-0816,2025-11-27 11:00:00,69.0,0.0,5.52,12.0,86.52,Completed
ORD-00070,CUST-0696,2025-03-28 10:00:00,1257.0,125.7,90.5,0.0,1221.8,Completed
ORD-00071,CUST-0335,2025-11-26 15:00:00,164.0,24.6,11.15,0.0,150.55,Completed
ORD-00072,CUST-0264,2025-11-13 15:00:00,777.0,155.4,49.73,0.0,671.33,Completed
ORD-00073,CUST-1029,2025-11-15 13:00:00,298.0,59.6,19.07,0.0,257.47,Completed
ORD-00074,CUST-0164,2025-06-29 17:00:00,108.0,0.0,8.64,0.0,116.64,Completed
ORD-00075,CUST-0249,2025-08-24 13:00:00,198.0,0.0,15.84,0.0,213.84,Completed
ORD-00076,CUST-0049,2025-03-19 13:00:00,35.0,0.0,2.8,12.0,49.8,Completed
ORD-00077,CUST-0732,2025-09-30 19:00:00,349.0,0.0,27.92,0.0,376.92,Completed
ORD-00078,CUST-0297,2025-10-18 13:00:00,49.0,9.8,3.14,12.0,54.34,Completed
ORD-00079,CUST-0084,2025-05-17 10:00:00,349.0,0.0,27.92,0.0,376.92,Completed
ORD-00080,CUST-0692,2025-06-04 14:00:00,49.0,0.0,3.92,12.0,64.92,Completed
ORD-00081,CUST-0163,2025-08-10 09:00:00,222.0,0.0,17.76,0.0,239.76,Completed
ORD-00082,CUST-0767,2025-03-28 12:00:00,29.0,5.8,1.86,12.0,37.06,Completed
ORD-00083,CUST-0372,2025-05-15 14:00:00,149.0,29.8,9.54,0.0,128.74,Completed
ORD-00084,CUST-0652,2025-03-02 19:00:00,79.0,15.8,5.06,12.0,80.26,Completed
ORD-00085,CUST-0862,2025-06-18 14:00:00,79.0,15.8,5.06,12.0,80.26,Completed
ORD-00086,CUST-0311,2025-10-14 16:00:00,129.0,0.0,10.32,0.0,139.32,Completed
ORD-00087,CUST-0997,2025-05-20 11:00:00,69.0,13.8,4.42,12.0,71.62,Completed
ORD-00088,CUST-0958,2025-11-30 17:00:00,599.0,89.85,40.73,0.0,549.88,Completed
ORD-00089,CUST-1140,2025-05-01 14:00:00,576.0,0.0,46.08,0.0,622.08,Completed
ORD-00090,CUST-0366,2025-07-25 16:00:00,79.0,0.0,6.32,12.0,97.32,Completed
ORD-00091,CUST-0744,2025-06-16 16:00:00,157.0,15.7,11.3,0.0,152.6,Completed
ORD-00092,CUST-0364,2025-02-13 21:00:00,384.0,76.8,24.58,0.0,331.78,Completed
ORD-00093,CUST-0841,2025-01-24 10:00:00,336.0,67.2,21.5,0.0,290.3,Completed
ORD-00094,CUST-0187,2025-01-12 19:00:00,267.0,0.0,21.36,0.0,288.36,Completed
ORD-00095,CUST-0359,2025-03-21 10:00:00,79.0,7.9,5.69,12.0,88.79,Completed
ORD-00096,CUST-0909,2025-04-01 15:00:00,327.0,0.0,26.16,0.0,353.16,Completed
ORD-00097,CUST-0015,2025-12-16 18:00:00,1005.0,0.0,80.4,0.0,1085.4,Completed
ORD-00098,CUST-1094,2025-08-13 15:00:00,49.0,0.0,3.92,12.0,64.92,Completed
ORD-00099,CUST-0745,2025-12-18 14:00:00,428.0,64.2,29.1,0.0,392.9,Completed
ORD-00100,CUST-0291,2025-09-05 11:00:00,349.0,0.0,27.92,0.0,376.92,Completed
ORD-00101,CUST-1007,2025-05-14 13:00:00,59.0,0.0,4.72,12.0,75.72,Completed
ORD-00102,CUST-1164,2025-01-18 10:00:00,79.0,11.85,5.37,12.0,84.52,Completed
ORD-00103,CUST-0629,2025-03-23 17:00:00,69.0,0.0,5.52,12.0,86.52,Completed
ORD-00104,CUST-0264,2025-06-08 12:00:00,89.0,8.9,6.41,12.0,98.51,Completed
ORD-00105,CUST-1197,2025-06-30 16:00:00,59.0,5.9,4.25,12.0,69.35,Completed
ORD-00106,CUST-0705,2025-12-22 13:00:00,94.0,9.4,6.77,12.0,103.37,Completed
ORD-00107,CUST-0992,2025-01-08 18:00:00,89.0,0.0,7.12,12.0,108.12,Completed
ORD-00108,CUST-0245,2025-06-15 15:00:00,167.0,0.0,13.36,0.0,180.36,Completed
ORD-00109,CUST-0675,2025-06-19 16:00:00,599.0,59.9,43.13,0.0,582.23,Completed
ORD-00110,CUST-0502,2025-04-14 22:00:00,49.0,0.0,3.92,12.0,64.92,Completed
ORD-00111,CUST-0545,2025-01-22 19:00:00,69.0,6.9,4.97,12.0,79.07,Completed
ORD-00112,CUST-0500,2025-12-20 15:00:00,114.0,22.8,7.3,0.0,98.5,Completed
ORD-00113,CUST-0171,2025-02-13 17:00:00,599.0,0.0,47.92,0.0,646.92,Completed
ORD-00114,CUST-0907,2025-04-10 17:00:00,129.0,0.0,10.32,0.0,139.32,Completed
ORD-00115,CUST-1009,2025-06-16 15:00:00,138.0,13.8,9.94,0.0,134.14,Completed
ORD-00116,CUST-0699,2025-12-22 12:00:00,866.0,86.6,62.35,0.0,841.75,Completed
ORD-00117,CUST-0367,2025-11-13 12:00:00,35.0,3.5,2.52,12.0,46.02,Completed
ORD-00118,CUST-0397,2025-04-29 11:00:00,29.0,0.0,2.32,12.0,43.32,Completed
ORD-00119,CUST-0615,2025-04-18 17:00:00,89.0,0.0,7.12,12.0,108.12,Completed
ORD-00120,CUST-0352,2025-11-09 18:00:00,59.0,0.0,4.72,12.0,75.72,Completed
ORD-00121,CUST-0854,2025-05-18 11:00:00,148.0,0.0,11.84,0.0,159.84,Completed
ORD-00122,CUST-0725,2025-06-11 15:00:00,129.0,0.0,10.32,0.0,139.32,Completed
ORD-00123,CUST-0828,2025-10-23 18:00:00,688.0,103.2,46.78,0.0,631.58,Completed
ORD-00124,CUST-0765,2025-10-25 13:00:00,89.0,17.8,5.7,12.0,88.9,Completed
ORD-00125,CUST-0562,2025-03-11 13:00:00,49.0,0.0,3.92,12.0,64.92,Completed
ORD-00126,CUST-0799,2025-10-16 12:00:00,599.0,89.85,40.73,0.0,549.88,Completed
ORD-00127,CUST-1102,2025-05-22 15:00:00,49.0,4.9,3.53,12.0,59.63,Completed
ORD-00128,CUST-0309,2025-12-02 16:00:00,29.0,4.35,1.97,12.0,38.62,Completed
ORD-00129,CUST-1141,2025-06-28 08:00:00,49.0,7.35,3.33,12.0,56.98,Completed
ORD-00130,CUST-0740,2025-08-17 19:00:00,59.0,0.0,4.72,12.0,75.72,Completed
ORD-00131,CUST-0408,2025-05-31 17:00:00,35.0,7.0,2.24,12.0,42.24,Completed
ORD-00132,CUST-0997,2025-09-28 08:00:00,258.0,0.0,20.64,0.0,278.64,Completed
ORD-00133,CUST-1033,2025-06-17 20:00:00,349.0,0.0,27.92,0.0,376.92,Completed
ORD-00134,CUST-1158,2025-11-27 16:00:00,777.0,77.7,55.94,0.0,755.24,Completed
ORD-00135,CUST-0150,2025-08-09 21:00:00,198.0,0.0,15.84,0.0,213.84,Completed
ORD-00136,CUST-1179,2025-12-17 22:00:00,79.0,0.0,6.32,12.0,97.32,Completed
ORD-00137,CUST-0018,2025-10-10 12:00:00,88.0,13.2,5.98,12.0,92.78,Completed
ORD-00138,CUST-1182,2025-03-14 12:00:00,599.0,89.85,40.73,0.0,549.88,Completed
ORD-00139,CUST-0142,2025-05-29 18:00:00,69.0,6.9,4.97,12.0,79.07,Completed
ORD-00140,CUST-0728,2025-10-08 21:00:00,138.0,27.6,8.83,0.0,119.23,Completed
ORD-00141,CUST-0407,2025-11-07 21:00:00,79.0,0.0,6.32,12.0,97.32,Completed
ORD-00142,CUST-0334,2025-03-03 15:00:00,89.0,0.0,7.12,12.0,108.12,Completed
ORD-00143,CUST-0186,2025-07-04 15:00:00,906.0,0.0,72.48,0.0,978.48,Completed
ORD-00144,CUST-0727,2025-05-19 14:00:00,991.0,148.65,67.39,0.0,909.74,Completed
ORD-00145,CUST-0093,2025-03-12 17:00:00,49.0,0.0,3.92,12.0,64.92,Completed
ORD-00146,CUST-0126,2025-04-12 12:00:00,278.0,27.8,20.02,0.0,270.22,Completed
ORD-00147,CUST-0372,2025-01-20 08:00:00,129.0,19.35,8.77,0.0,118.42,Completed
ORD-00148,CUST-0658,2025-01-31 08:00:00,728.0,72.8,52.42,0.0,707.62,Completed
ORD-00149,CUST-0324,2025-05-29 09:00:00,59.0,11.8,3.78,12.0,62.98,Completed
ORD-00150,CUST-1100,2025-11-20 12:00:00,257.0,51.4,16.45,0.0,222.05,Completed
ORD-00151,CUST-1010,2025-10-20 11:00:00,149.0,0.0,11.92,0.0,160.92,Completed
ORD-00152,CUST-0169,2025-07-26 12:00:00,49.0,0.0,3.92,12.0,64.92,Completed
ORD-00153,CUST-0674,2025-08-25 18:00:00,129.0,0.0,10.32,0.0,139.32,Completed
ORD-00154,CUST-0298,2025-02-03 18:00:00,797.0,0.0,63.76,0.0,860.76,Completed
ORD-00155,CUST-1172,2025-05-27 18:00:00,207.0,31.05,14.08,0.0,190.03,Completed
ORD-00156,CUST-0691,2025-04-06 12:00:00,29.0,0.0,2.32,12.0,43.32,Completed
ORD-00157,CUST-0198,2025-06-17 12:00:00,1198.0,119.8,86.26,0.0,1164.46,Completed
ORD-00158,CUST-0194,2025-10-08 09:00:00,79.0,15.8,5.06,12.0,80.26,Completed
ORD-00159,CUST-1134,2025-02-12 21:00:00,267.0,0.0,21.36,0.0,288.36,Completed
ORD-00160,CUST-0725,2025-04-06 21:00:00,29.0,2.9,2.09,12.0,40.19,Completed
ORD-00161,CUST-1088,2025-03-07 18:00:00,387.0,77.4,24.77,0.0,334.37,Completed
ORD-00162,CUST-0415,2025-10-19 14:00:00,217.0,0.0,17.36,0.0,234.36,Completed
ORD-00163,CUST-0154,2025-12-09 11:00:00,877.0,87.7,63.14,0.0,852.44,Completed
ORD-00164,CUST-0802,2025-11-27 14:00:00,79.0,0.0,6.32,12.0,97.32,Completed
ORD-00165,CUST-0566,2025-10-08 19:00:00,148.0,22.2,10.06,0.0,135.86,Completed
ORD-00166,CUST-0023,2025-12-09 16:00:00,89.0,13.35,6.05,12.0,93.7,Completed
ORD-00167,CUST-0256,2025-12-19 10:00:00,256.0,0.0,20.48,0.0,276.48,Completed
ORD-00168,CUST-0782,2025-05-11 09:00:00,49.0,0.0,3.92,12.0,64.92,Completed
ORD-00169,CUST-0998,2025-04-26 16:00:00,158.0,0.0,12.64,0.0,170.64,Completed
ORD-00170,CUST-1013,2025-08-10 14:00:00,187.0,0.0,14.96,0.0,201.96,Completed
ORD-00171,CUST-0674,2025-06-06 09:00:00,59.0,11.8,3.78,12.0,62.98,Completed
ORD-00172,CUST-0454,2025-05-21 20:00:00,79.0,15.8,5.06,12.0,80.26,Completed
ORD-00173,CUST-1063,2025-12-08 14:00:00,70.0,0.0,5.6,12.0,87.6,Completed
ORD-00174,CUST-1179,2025-03-24 17:00:00,208.0,0.0,16.64,0.0,224.64,Completed
ORD-00175,CUST-0712,2025-10-30 17:00:00,35.0,7.0,2.24,12.0,42.24,Completed
ORD-00176,CUST-0053,2025-03-02 18:00:00,727.0,72.7,52.34,0.0,706.64,Completed
ORD-00177,CUST-0567,2025-01-30 15:00:00,149.0,22.35,10.13,0.0,136.78,Completed
ORD-00178,CUST-0822,2025-03-30 21:00:00,128.0,0.0,10.24,0.0,138.24,Completed
ORD-00179,CUST-0467,2025-05-21 22:00:00,79.0,7.9,5.69,12.0,88.79,Completed
ORD-00180,CUST-0784,2025-10-23 13:00:00,198.0,29.7,13.46,0.0,181.76,Completed
ORD-00181,CUST-1037,2025-10-14 12:00:00,438.0,0.0,35.04,0.0,473.04,Completed
ORD-00182,CUST-0829,2025-03-16 19:00:00,129.0,0.0,10.32,0.0,139.32,Completed
ORD-00183,CUST-0602,2025-01-30 11:00:00,149.0,22.35,10.13,0.0,136.78,Completed
ORD-00184,CUST-0054,2025-03-16 22:00:00,1347.0,269.4,86.21,0.0,1163.81,Completed
ORD-00185,CUST-0899,2025-12-02 14:00:00,35.0,7.0,2.24,12.0,42.24,Completed
ORD-00186,CUST-0536,2025-07-06 20:00:00,89.0,0.0,7.12,12.0,108.12,Completed
ORD-00187,CUST-0732,2025-03-21 21:00:00,29.0,0.0,2.32,12.0,43.32,Completed
ORD-00188,CUST-1040,2025-10-02 13:00:00,49.0,0.0,3.92,12.0,64.92,Completed
ORD-00189,CUST-1135,2025-04-25 15:00:00,79.0,0.0,6.32,12.0,97.32,Completed
ORD-00190,CUST-0894,2025-03-02 16:00:00,79.0,7.9,5.69,12.0,88.79,Completed
ORD-00191,CUST-0131,2025-01-27 17:00:00,128.0,12.8,9.22,0.0,124.42,Completed
ORD-00192,CUST-0812,2025-10-20 16:00:00,79.0,15.8,5.06,12.0,80.26,Completed
ORD-00193,CUST-0296,2025-12-15 17:00:00,836.0,0.0,66.88,0.0,902.88,Completed
ORD-00194,CUST-1085,2025-03-13 11:00:00,807.0,161.4,51.65,0.0,697.25,Completed
ORD-00195,CUST-1176,2025-12-17 14:00:00,79.0,0.0,6.32,12.0,97.32,Completed
ORD-00196,CUST-0638,2025-10-17 15:00:00,129.0,19.35,8.77,0.0,118.42,Completed
ORD-00197,CUST-0168,2025-02-12 12:00:00,29.0,4.35,1.97,12.0,38.62,Completed
ORD-00198,CUST-0196,2025-11-20 08:00:00,599.0,89.85,40.73,0.0,549.88,Completed
ORD-00199,CUST-0143,2025-04-07 18:00:00,79.0,0.0,6.32,12.0,97.32,Completed
ORD-00200,CUST-0317,2025-12-01 22:00:00,178.0,0.0,14.24,0.0,192.24,Completed
ORD-00201,CUST-0080,2025-03-03 20:00:00,35.0,0.0,2.8,12.0,49.8,Completed
ORD-00202,CUST-1062,2025-02-10 11:00:00,158.0,31.6,10.11,0.0,136.51,Completed
ORD-00203,CUST-0918,2025-12-09 16:00:00,178.0,0.0,14.24,0.0,192.24,Completed
ORD-00204,CUST-1006,2025-10-03 13:00:00,463.0,92.6,29.63,0.0,400.03,Completed
ORD-00205,CUST-1119,2025-06-04 10:00:00,35.0,7.0,2.24,12.0,42.24,Completed
ORD-00206,CUST-0773,2025-02-10 09:00:00,69.0,10.35,4.69,12.0,75.34,Completed
ORD-00207,CUST-0113,2025-01-22 09:00:00,108.0,0.0,8.64,0.0,116.64,Completed
ORD-00208,CUST-1095,2025-06-08 11:00:00,70.0,7.0,5.04,12.0,80.04,Completed
ORD-00209,CUST-1042,2025-01-23 09:00:00,128.0,12.8,9.22,0.0,124.42,Completed
ORD-00210,CUST-1170,2025-01-12 22:00:00,737.0,110.55,50.12,0.0,676.57,Completed
ORD-00211,CUST-0363,2025-04-27 13:00:00,89.0,0.0,7.12,12.0,108.12,Completed
ORD-00212,CUST-0529,2025-08-05 18:00:00,118.0,0.0,9.44,0.0,127.44,Completed
ORD-00213,CUST-0848,2025-04-01 12:00:00,658.0,0.0,52.64,0.0,710.64,Completed
ORD-00214,CUST-0235,2025-10-05 10:00:00,362.0,54.3,24.62,0.0,332.32,Completed
ORD-00215,CUST-0223,2025-07-22 21:00:00,59.0,0.0,4.72,12.0,75.72,Completed
ORD-00216,CUST-1062,2025-08-29 15:00:00,599.0,0.0,47.92,0.0,646.92,Completed
ORD-00217,CUST-0378,2025-01-25 14:00:00,138.0,13.8,9.94,0.0,134.14,Completed
ORD-00218,CUST-0431,2025-01-23 17:00:00,138.0,0.0,11.04,0.0,149.04,Completed
ORD-00219,CUST-0718,2025-02-04 14:00:00,89.0,8.9,6.41,12.0,98.51,Completed
ORD-00220,CUST-0688,2025-10-02 21:00:00,29.0,2.9,2.09,12.0,40.19,Completed
ORD-00221,CUST-0294,2025-05-18 09:00:00,599.0,59.9,43.13,0.0,582.23,Completed
ORD-00222,CUST-0659,2025-03-07 18:00:00,599.0,0.0,47.92,0.0,646.92,Completed
ORD-00223,CUST-0460,2025-01-19 17:00:00,138.0,0.0,11.04,0.0,149.04,Completed
ORD-00224,CUST-0793,2025-04-13 15:00:00,178.0,26.7,12.1,0.0,163.4,Completed
ORD-00225,CUST-0459,2025-03-25 12:00:00,69.0,13.8,4.42,12.0,71.62,Completed
ORD-00226,CUST-0841,2025-10-05 21:00:00,342.0,0.0,27.36,0.0,369.36,Completed
ORD-00227,CUST-0944,2025-08-16 14:00:00,129.0,0.0,10.32,0.0,139.32,Completed
ORD-00228,CUST-1086,2025-04-15 11:00:00,114.0,22.8,7.3,0.0,98.5,Completed
ORD-00229,CUST-0768,2025-03-26 10:00:00,148.0,22.2,10.06,0.0,135.86,Completed
ORD-00230,CUST-1130,2025-12-04 14:00:00,49.0,0.0,3.92,12.0,64.92,Completed
ORD-00231,CUST-1163,2025-06-27 17:00:00,89.0,13.35,6.05,12.0,93.7,Completed
ORD-00232,CUST-0960,2025-04-01 13:00:00,49.0,0.0,3.92,12.0,64.92,Completed
ORD-00233,CUST-0199,2025-02-13 08:00:00,777.0,0.0,62.16,0.0,839.16,Completed
ORD-00234,CUST-0416,2025-04-20 12:00:00,173.0,0.0,13.84,0.0,186.84,Completed
ORD-00235,CUST-1151,2025-03-11 14:00:00,149.0,29.8,9.54,0.0,128.74,Completed
ORD-00236,CUST-0576,2025-03-08 18:00:00,599.0,119.8,38.34,0.0,517.54,Completed
ORD-00237,CUST-0969,2025-03-02 17:00:00,59.0,5.9,4.25,12.0,69.35,Completed
ORD-00238,CUST-0917,2025-09-09 18:00:00,577.0,0.0,46.16,0.0,623.16,Completed
ORD-00239,CUST-0307,2025-04-10 13:00:00,856.0,171.2,54.78,0.0,739.58,Completed
ORD-00240,CUST-0347,2025-05-27 16:00:00,1336.0,200.4,90.85,0.0,1226.45,Completed
ORD-00241,CUST-0539,2025-10-22 08:00:00,94.0,9.4,6.77,12.0,103.37,Completed
ORD-00242,CUST-0022,2025-01-10 12:00:00,129.0,0.0,10.32,0.0,139.32,Completed
ORD-00243,CUST-0554,2025-06-07 20:00:00,208.0,31.2,14.14,0.0,190.94,Completed
ORD-00244,CUST-1132,2025-06-01 09:00:00,70.0,0.0,5.6,12.0,87.6,Completed
ORD-00245,CUST-0048,2025-02-24 11:00:00,79.0,0.0,6.32,12.0,97.32,Completed
ORD-00246,CUST-0179,2025-01-05 19:00:00,79.0,0.0,6.32,12.0,97.32,Completed
ORD-00247,CUST-1194,2025-11-10 21:00:00,349.0,34.9,25.13,0.0,339.23,Completed
ORD-00248,CUST-0409,2025-02-11 10:00:00,948.0,0.0,75.84,0.0,1023.84,Completed
ORD-00249,CUST-0431,2025-02-03 13:00:00,59.0,11.8,3.78,12.0,62.98,Completed
ORD-00250,CUST-0382,2025-11-23 15:00:00,89.0,8.9,6.41,12.0,98.51,Completed
ORD-00251,CUST-0254,2025-02-08 11:00:00,238.0,0.0,19.04,0.0,257.04,Completed
ORD-00252,CUST-0608,2025-12-08 11:00:00,89.0,13.35,6.05,12.0,93.7,Completed
ORD-00253,CUST-0577,2025-02-03 08:00:00,807.0,0.0,64.56,0.0,871.56,Completed
ORD-00254,CUST-0025,2025-12-12 09:00:00,193.0,0.0,15.44,0.0,208.44,Completed
ORD-00255,CUST-0654,2025-10-24 15:00:00,49.0,4.9,3.53,12.0,59.63,Completed
ORD-00256,CUST-0088,2025-10-30 22:00:00,317.0,31.7,22.82,0.0,308.12,Completed
ORD-00257,CUST-0291,2025-07-17 14:00:00,287.0,0.0,22.96,0.0,309.96,Completed
ORD-00258,CUST-0819,2025-11-12 22:00:00,1037.0,0.0,82.96,0.0,1119.96,Completed
ORD-00259,CUST-1019,2025-06-19 12:00:00,59.0,5.9,4.25,12.0,69.35,Completed
ORD-00260,CUST-0999,2025-01-31 13:00:00,59.0,0.0,4.72,12.0,75.72,Completed
ORD-00261,CUST-0290,2025-10-14 14:00:00,149.0,22.35,10.13,0.0,136.78,Completed
ORD-00262,CUST-0879,2025-11-28 16:00:00,98.0,14.7,6.66,12.0,101.96,Completed
ORD-00263,CUST-1158,2025-02-02 08:00:00,89.0,0.0,7.12,12.0,108.12,Completed
ORD-00264,CUST-0669,2025-06-24 22:00:00,79.0,7.9,5.69,12.0,88.79,Completed
ORD-00265,CUST-0261,2025-11-20 17:00:00,89.0,0.0,7.12,12.0,108.12,Completed
ORD-00266,CUST-0963,2025-06-10 16:00:00,79.0,0.0,6.32,12.0,97.32,Completed
ORD-00267,CUST-1006,2025-05-19 15:00:00,218.0,43.6,13.95,0.0,188.35,Completed
ORD-00268,CUST-0506,2025-01-30 13:00:00,138.0,27.6,8.83,0.0,119.23,Completed
ORD-00269,CUST-0644,2025-12-02 21:00:00,497.0,74.55,33.8,0.0,456.25,Completed
ORD-00270,CUST-0509,2025-08-05 19:00:00,69.0,0.0,5.52,12.0,86.52,Completed
ORD-00271,CUST-0864,2025-10-10 15:00:00,59.0,0.0,4.72,12.0,75.72,Completed
ORD-00272,CUST-0561,2025-04-15 17:00:00,158.0,0.0,12.64,0.0,170.64,Completed
ORD-00273,CUST-0108,2025-10-10 15:00:00,158.0,0.0,12.64,0.0,170.64,Completed
ORD-00274,CUST-0664,2025-06-23 21:00:00,79.0,0.0,6.32,12.0,97.32,Completed
ORD-00275,CUST-0271,2025-01-18 10:00:00,606.0,0.0,48.48,0.0,654.48,Completed
ORD-00276,CUST-1009,2025-02-12 14:00:00,198.0,19.8,14.26,0.0,192.46,Completed
ORD-00277,CUST-0919,2025-05-29 11:00:00,599.0,59.9,43.13,0.0,582.23,Completed
ORD-00278,CUST-0981,2025-03-15 10:00:00,35.0,0.0,2.8,12.0,49.8,Completed
ORD-00279,CUST-1045,2025-09-10 08:00:00,79.0,0.0,6.32,12.0,97.32,Completed
ORD-00280,CUST-0471,2025-02-01 19:00:00,149.0,14.9,10.73,0.0,144.83,Completed
ORD-00281,CUST-1099,2025-12-08 12:00:00,89.0,13.35,6.05,12.0,93.7,Completed
ORD-00282,CUST-0686,2025-06-09 09:00:00,158.0,31.6,10.11,0.0,136.51,Completed
ORD-00283,CUST-0420,2025-02-03 20:00:00,168.0,16.8,12.1,0.0,163.3,Completed
ORD-00284,CUST-0622,2025-01-24 17:00:00,599.0,59.9,43.13,0.0,582.23,Completed
ORD-00285,CUST-0684,2025-10-21 15:00:00,59.0,8.85,4.01,12.0,66.16,Completed
ORD-00286,CUST-0509,2025-01-10 21:00:00,1198.0,0.0,95.84,0.0,1293.84,Completed
ORD-00287,CUST-0622,2025-11-30 09:00:00,35.0,7.0,2.24,12.0,42.24,Completed
ORD-00288,CUST-0764,2025-11-11 08:00:00,367.0,36.7,26.42,0.0,356.72,Completed
ORD-00289,CUST-0247,2025-12-16 20:00:00,1446.0,0.0,115.68,0.0,1561.68,Completed
ORD-00290,CUST-1188,2025-06-01 08:00:00,49.0,0.0,3.92,12.0,64.92,Completed
ORD-00291,CUST-0815,2025-01-12 15:00:00,599.0,0.0,47.92,0.0,646.92,Completed
ORD-00292,CUST-0130,2025-05-24 19:00:00,69.0,0.0,5.52,12.0,86.52,Completed
ORD-00293,CUST-0557,2025-04-07 11:00:00,807.0,0.0,64.56,0.0,871.56,Completed
ORD-00294,CUST-0097,2025-02-02 15:00:00,79.0,7.9,5.69,12.0,88.79,Completed
ORD-00295,CUST-0657,2025-06-27 14:00:00,79.0,0.0,6.32,12.0,97.32,Completed
ORD-00296,CUST-0303,2025-09-11 18:00:00,79.0,0.0,6.32,12.0,97.32,Completed
ORD-00297,CUST-0282,2025-06-25 15:00:00,1347.0,134.7,96.98,0.0,1309.28,Completed
ORD-00298,CUST-0700,2025-04-06 10:00:00,258.0,0.0,20.64,0.0,278.64,Completed
ORD-00299,CUST-1065,2025-01-26 22:00:00,89.0,13.35,6.05,12.0,93.7,Completed
ORD-00300,CUST-1002,2025-06-19 22:00:00,168.0,0.0,13.44,0.0,181.44,Completed
ORD-00301,CUST-0463,2025-10-10 21:00:00,1198.0,0.0,95.84,0.0,1293.84,Completed
ORD-00302,CUST-1015,2025-01-29 11:00:00,35.0,3.5,2.52,12.0,46.02,Completed
ORD-00303,CUST-0049,2025-05-22 11:00:00,384.0,0.0,30.72,0.0,414.72,Completed
ORD-00304,CUST-0865,2025-12-05 14:00:00,129.0,0.0,10.32,0.0,139.32,Completed
ORD-00305,CUST-0623,2025-12-20 18:00:00,658.0,131.6,42.11,0.0,568.51,Completed
ORD-00306,CUST-0786,2025-02-20 14:00:00,728.0,0.0,58.24,0.0,786.24,Completed
ORD-00307,CUST-0178,2025-11-25 09:00:00,408.0,81.6,26.11,0.0,352.51,Completed
ORD-00308,CUST-0071,2025-12-18 11:00:00,149.0,0.0,11.92,0.0,160.92,Completed
ORD-00309,CUST-1037,2025-12-01 15:00:00,158.0,0.0,12.64,0.0,170.64,Completed
ORD-00310,CUST-1059,2025-10-19 21:00:00,129.0,12.9,9.29,0.0,125.39,Completed
ORD-00311,CUST-0158,2025-10-16 08:00:00,278.0,41.7,18.9,0.0,255.2,Completed
ORD-00312,CUST-1196,2025-04-28 19:00:00,696.0,0.0,55.68,0.0,751.68,Completed
ORD-00313,CUST-1153,2025-10-24 20:00:00,128.0,25.6,8.19,0.0,110.59,Completed
ORD-00314,CUST-0069,2025-12-17 09:00:00,114.0,11.4,8.21,0.0,110.81,Completed
ORD-00315,CUST-0282,2025-03-06 17:00:00,153.0,22.95,10.4,0.0,140.45,Completed
ORD-00316,CUST-0979,2025-04-07 14:00:00,149.0,29.8,9.54,0.0,128.74,Completed
ORD-00317,CUST-0023,2025-11-20 09:00:00,137.0,13.7,9.86,0.0,133.16,Completed
ORD-00318,CUST-0655,2025-09-03 20:00:00,59.0,0.0,4.72,12.0,75.72,Completed
ORD-00319,CUST-0354,2025-11-24 10:00:00,349.0,0.0,27.92,0.0,376.92,Completed
ORD-00320,CUST-1160,2025-11-10 13:00:00,129.0,19.35,8.77,0.0,118.42,Completed
ORD-00321,CUST-0809,2025-06-09 15:00:00,149.0,29.8,9.54,0.0,128.74,Completed
ORD-00322,CUST-0323,2025-12-08 15:00:00,349.0,34.9,25.13,0.0,339.23,Completed
ORD-00323,CUST-0082,2025-10-18 15:00:00,256.0,51.2,16.38,0.0,221.18,Completed
ORD-00324,CUST-0791,2025-12-19 17:00:00,118.0,0.0,9.44,0.0,127.44,Completed
ORD-00325,CUST-1092,2025-01-26 18:00:00,137.0,20.55,9.32,0.0,125.77,Completed
ORD-00326,CUST-0491,2025-06-03 11:00:00,69.0,6.9,4.97,12.0,79.07,Completed
ORD-00327,CUST-0286,2025-12-19 12:00:00,29.0,0.0,2.32,12.0,43.32,Completed
ORD-00328,CUST-0419,2025-10-25 16:00:00,104.0,0.0,8.32,0.0,112.32,Completed
ORD-00329,CUST-0691,2025-10-24 11:00:00,138.0,27.6,8.83,0.0,119.23,Completed
ORD-00330,CUST-1101,2025-06-22 09:00:00,58.0,0.0,4.64,12.0,74.64,Completed
ORD-00331,CUST-0137,2025-06-15 15:00:00,79.0,11.85,5.37,12.0,84.52,Completed
ORD-00332,CUST-0105,2025-11-18 15:00:00,349.0,0.0,27.92,0.0,376.92,Completed
ORD-00333,CUST-0252,2025-01-12 21:00:00,69.0,0.0,5.52,12.0,86.52,Completed
ORD-00334,CUST-0867,2025-11-23 08:00:00,69.0,6.9,4.97,12.0,79.07,Completed
ORD-00335,CUST-0473,2025-12-07 22:00:00,599.0,89.85,40.73,0.0,549.88,Completed
ORD-00336,CUST-0451,2025-10-14 16:00:00,79.0,11.85,5.37,12.0,84.52,Completed
ORD-00337,CUST-0996,2025-03-27 11:00:00,298.0,44.7,20.26,0.0,273.56,Completed
ORD-00338,CUST-0220,2025-06-11 17:00:00,89.0,0.0,7.12,12.0,108.12,Completed
ORD-00339,CUST-0837,2025-08-15 10:00:00,628.0,0.0,50.24,0.0,678.24,Completed
ORD-00340,CUST-1007,2025-12-11 13:00:00,79.0,15.8,5.06,12.0,80.26,Completed
ORD-00341,CUST-0421,2025-02-03 10:00:00,129.0,19.35,8.77,0.0,118.42,Completed
ORD-00342,CUST-0473,2025-10-02 18:00:00,49.0,0.0,3.92,12.0,64.92,Completed
ORD-00343,CUST-0797,2025-06-08 08:00:00,129.0,19.35,8.77,0.0,118.42,Completed
ORD-00344,CUST-0714,2025-05-31 15:00:00,64.0,0.0,5.12,12.0,81.12,Completed
ORD-00345,CUST-0782,2025-03-06 19:00:00,49.0,7.35,3.33,12.0,56.98,Completed
ORD-00346,CUST-0163,2025-06-12 10:00:00,129.0,12.9,9.29,0.0,125.39,Completed
ORD-00347,CUST-0470,2025-04-03 09:00:00,79.0,7.9,5.69,12.0,88.79,Completed
ORD-00348,CUST-0591,2025-10-11 11:00:00,49.0,0.0,3.92,12.0,64.92,Completed
ORD-00349,CUST-0552,2025-04-02 16:00:00,79.0,0.0,6.32,12.0,97.32,Completed
ORD-00350,CUST-0313,2025-03-16 20:00:00,69.0,0.0,5.52,12.0,86.52,Completed
ORD-00351,CUST-1026,2025-02-04 10:00:00,149.0,22.35,10.13,0.0,136.78,Completed
ORD-00352,CUST-1176,2025-08-25 11:00:00,349.0,0.0,27.92,0.0,376.92,Completed
ORD-00353,CUST-0332,2025-01-14 14:00:00,59.0,11.8,3.78,12.0,62.98,Completed
ORD-00354,CUST-1128,2025-11-03 15:00:00,79.0,15.8,5.06,12.0,80.26,Completed
ORD-00355,CUST-0515,2025-10-11 16:00:00,349.0,52.35,23.73,0.0,320.38,Completed
ORD-00356,CUST-0612,2025-10-25 14:00:00,89.0,8.9,6.41,12.0,98.51,Completed
ORD-00357,CUST-0892,2025-03-17 15:00:00,89.0,0.0,7.12,12.0,108.12,Completed
ORD-00358,CUST-0466,2025-05-10 15:00:00,89.0,0.0,7.12,12.0,108.12,Completed
ORD-00359,CUST-0852,2025-05-06 10:00:00,118.0,0.0,9.44,0.0,127.44,Completed
ORD-00360,CUST-0888,2025-06-06 21:00:00,59.0,8.85,4.01,12.0,66.16,Completed
ORD-00361,CUST-0397,2025-11-30 08:00:00,49.0,0.0,3.92,12.0,64.92,Completed
ORD-00362,CUST-0051,2025-12-13 08:00:00,138.0,0.0,11.04,0.0,149.04,Completed
ORD-00363,CUST-1059,2025-11-01 14:00:00,29.0,0.0,2.32,12.0,43.32,Completed
ORD-00364,CUST-0315,2025-07-13 13:00:00,149.0,0.0,11.92,0.0,160.92,Completed
ORD-00365,CUST-0403,2025-10-18 14:00:00,149.0,14.9,10.73,0.0,144.83,Completed
ORD-00366,CUST-0856,2025-03-19 14:00:00,349.0,0.0,27.92,0.0,376.92,Completed
ORD-00367,CUST-0077,2025-10-05 11:00:00,35.0,0.0,2.8,12.0,49.8,Completed
ORD-00368,CUST-0942,2025-06-25 17:00:00,256.0,0.0,20.48,0.0,276.48,Completed
ORD-00369,CUST-0669,2025-12-23 18:00:00,138.0,20.7,9.38,0.0,126.68,Completed
ORD-00370,CUST-0673,2025-06-03 15:00:00,69.0,0.0,5.52,12.0,86.52,Completed
ORD-00371,CUST-0304,2025-03-16 15:00:00,108.0,16.2,7.34,0.0,99.14,Completed
ORD-00372,CUST-0613,2025-04-09 15:00:00,599.0,119.8,38.34,0.0,517.54,Completed
ORD-00373,CUST-0316,2025-01-31 13:00:00,118.0,23.6,7.55,0.0,101.95,Completed
ORD-00374,CUST-0439,2025-03-19 11:00:00,79.0,15.8,5.06,12.0,80.26,Completed
ORD-00375,CUST-0170,2025-01-10 10:00:00,84.0,16.8,5.38,12.0,84.58,Completed
ORD-00376,CUST-0364,2025-06-07 18:00:00,207.0,0.0,16.56,0.0,223.56,Completed
ORD-00377,CUST-0080,2025-02-12 08:00:00,327.0,0.0,26.16,0.0,353.16,Completed
ORD-00378,CUST-1005,2025-12-08 17:00:00,149.0,22.35,10.13,0.0,136.78,Completed
ORD-00379,CUST-0323,2025-11-26 15:00:00,69.0,10.35,4.69,12.0,75.34,Completed
ORD-00380,CUST-0334,2025-10-23 16:00:00,49.0,9.8,3.14,12.0,54.34,Completed
ORD-00381,CUST-0482,2025-06-08 18:00:00,49.0,0.0,3.92,12.0,64.92,Completed
ORD-00382,CUST-0163,2025-01-19 09:00:00,49.0,7.35,3.33,12.0,56.98,Completed
ORD-00383,CUST-0656,2025-10-28 14:00:00,64.0,6.4,4.61,12.0,74.21,Completed
ORD-00384,CUST-0970,2025-05-25 14:00:00,599.0,89.85,40.73,0.0,549.88,Completed
ORD-00385,CUST-0798,2025-10-30 18:00:00,208.0,41.6,13.31,0.0,179.71,Completed
ORD-00386,CUST-0645,2025-10-18 21:00:00,327.0,0.0,26.16,0.0,353.16,Completed
ORD-00387,CUST-0686,2025-03-16 16:00:00,138.0,13.8,9.94,0.0,134.14,Completed
ORD-00388,CUST-0856,2025-02-02 19:00:00,128.0,12.8,9.22,0.0,124.42,Completed
ORD-00389,CUST-0433,2025-12-07 16:00:00,266.0,53.2,17.02,0.0,229.82,Completed
ORD-00390,CUST-1121,2025-10-03 12:00:00,349.0,69.8,22.34,0.0,301.54,Completed
ORD-00391,CUST-0950,2025-11-08 17:00:00,207.0,0.0,16.56,0.0,223.56,Completed
ORD-00392,CUST-0080,2025-12-09 22:00:00,599.0,0.0,47.92,0.0,646.92,Completed
ORD-00393,CUST-0084,2025-10-16 14:00:00,349.0,52.35,23.73,0.0,320.38,Completed
ORD-00394,CUST-1097,2025-10-07 14:00:00,183.0,0.0,14.64,0.0,197.64,Completed
ORD-00395,CUST-1094,2025-05-22 21:00:00,237.0,47.4,15.17,0.0,204.77,Completed
ORD-00396,CUST-0164,2025-03-31 08:00:00,49.0,4.9,3.53,12.0,59.63,Completed
ORD-00397,CUST-0599,2025-10-11 22:00:00,349.0,52.35,23.73,0.0,320.38,Completed
ORD-00398,CUST-0634,2025-12-21 16:00:00,698.0,0.0,55.84,0.0,753.84,Completed
ORD-00399,CUST-0007,2025-02-03 20:00:00,59.0,0.0,4.72,12.0,75.72,Completed
ORD-00400,CUST-1025,2025-10-01 15:00:00,349.0,0.0,27.92,0.0,376.92,Completed
ORD-00401,CUST-0189,2025-10-13 16:00:00,463.0,46.3,33.34,0.0,450.04,Completed
ORD-00402,CUST-0981,2025-11-20 13:00:00,129.0,0.0,10.32,0.0,139.32,Completed
ORD-00403,CUST-0886,2025-12-15 11:00:00,79.0,0.0,6.32,12.0,97.32,Completed
ORD-00404,CUST-0465,2025-09-11 16:00:00,178.0,0.0,14.24,0.0,192.24,Completed
ORD-00405,CUST-0075,2025-02-15 13:00:00,243.0,48.6,15.55,0.0,209.95,Completed
ORD-00406,CUST-0175,2025-02-12 16:00:00,58.0,8.7,3.94,12.0,65.24,Completed
ORD-00407,CUST-0246,2025-01-30 11:00:00,1198.0,0.0,95.84,0.0,1293.84,Completed
ORD-00408,CUST-0615,2025-04-14 12:00:00,425.0,85.0,27.2,0.0,367.2,Completed
ORD-00409,CUST-0632,2025-07-28 08:00:00,49.0,0.0,3.92,12.0,64.92,Completed
ORD-00410,CUST-0282,2025-11-05 17:00:00,698.0,0.0,55.84,0.0,753.84,Completed
ORD-00411,CUST-0684,2025-01-21 17:00:00,349.0,52.35,23.73,0.0,320.38,Completed
ORD-00412,CUST-0638,2025-10-09 20:00:00,137.0,0.0,10.96,0.0,147.96,Completed
ORD-00413,CUST-1132,2025-02-04 20:00:00,129.0,19.35,8.77,0.0,118.42,Completed
ORD-00414,CUST-0552,2025-03-12 09:00:00,1106.0,0.0,88.48,0.0,1194.48,Completed
ORD-00415,CUST-0832,2025-05-25 17:00:00,79.0,0.0,6.32,12.0,97.32,Completed
ORD-00416,CUST-0035,2025-03-11 19:00:00,1262.0,126.2,90.86,0.0,1226.66,Completed
ORD-00417,CUST-1009,2025-02-06 11:00:00,118.0,23.6,7.55,0.0,101.95,Completed
ORD-00418,CUST-1185,2025-04-09 21:00:00,79.0,0.0,6.32,12.0,97.32,Completed
ORD-00419,CUST-0831,2025-06-28 10:00:00,698.0,69.8,50.26,0.0,678.46,Completed
ORD-00420,CUST-0272,2025-04-29 11:00:00,238.0,0.0,19.04,0.0,257.04,Completed
ORD-00421,CUST-0006,2025-01-10 14:00:00,149.0,0.0,11.92,0.0,160.92,Completed
ORD-00422,CUST-0756,2025-10-25 18:00:00,178.0,17.8,12.82,0.0,173.02,Completed
ORD-00423,CUST-0424,2025-04-12 21:00:00,69.0,10.35,4.69,12.0,75.34,Completed
ORD-00424,CUST-0007,2025-03-04 20:00:00,98.0,14.7,6.66,12.0,101.96,Completed
ORD-00425,CUST-0289,2025-03-28 20:00:00,428.0,42.8,30.82,0.0,416.02,Completed
ORD-00426,CUST-0921,2025-06-14 14:00:00,149.0,14.9,10.73,0.0,144.83,Completed
ORD-00427,CUST-0996,2025-12-22 18:00:00,49.0,7.35,3.33,12.0,56.98,Completed
ORD-00428,CUST-0203,2025-12-09 19:00:00,349.0,52.35,23.73,0.0,320.38,Completed
ORD-00429,CUST-0517,2025-12-09 22:00:00,797.0,0.0,63.76,0.0,860.76,Completed
ORD-00430,CUST-1164,2025-10-13 10:00:00,178.0,17.8,12.82,0.0,173.02,Completed
ORD-00431,CUST-0824,2025-12-12 09:00:00,89.0,13.35,6.05,12.0,93.7,Completed
ORD-00432,CUST-0731,2025-04-04 13:00:00,983.0,0.0,78.64,0.0,1061.64,Completed
ORD-00433,CUST-0420,2025-11-24 09:00:00,237.0,0.0,18.96,0.0,255.96,Completed
ORD-00434,CUST-0526,2025-12-16 09:00:00,438.0,0.0,35.04,0.0,473.04,Completed
ORD-00435,CUST-0192,2025-11-03 16:00:00,178.0,0.0,14.24,0.0,192.24,Completed
ORD-00436,CUST-0014,2025-09-08 21:00:00,398.0,0.0,31.84,0.0,429.84,Completed
ORD-00437,CUST-1179,2025-11-14 13:00:00,178.0,0.0,14.24,0.0,192.24,Completed
ORD-00438,CUST-0564,2025-03-15 19:00:00,89.0,13.35,6.05,12.0,93.7,Completed
ORD-00439,CUST-0944,2025-10-15 17:00:00,98.0,9.8,7.06,12.0,107.26,Completed
ORD-00440,CUST-0751,2025-06-27 14:00:00,208.0,0.0,16.64,0.0,224.64,Completed
ORD-00441,CUST-1092,2025-10-07 09:00:00,149.0,29.8,9.54,0.0,128.74,Completed
ORD-00442,CUST-0470,2025-03-18 19:00:00,128.0,19.2,8.7,0.0,117.5,Completed
ORD-00443,CUST-0928,2025-12-24 18:00:00,149.0,29.8,9.54,0.0,128.74,Completed
ORD-00444,CUST-0572,2025-12-03 22:00:00,688.0,137.6,44.03,0.0,594.43,Completed
ORD-00445,CUST-0187,2025-03-01 20:00:00,467.0,0.0,37.36,0.0,504.36,Completed
ORD-00446,CUST-0277,2025-04-04 22:00:00,599.0,0.0,47.92,0.0,646.92,Completed
ORD-00447,CUST-0495,2025-01-31 16:00:00,29.0,2.9,2.09,12.0,40.19,Completed
ORD-00448,CUST-0091,2025-03-09 20:00:00,149.0,0.0,11.92,0.0,160.92,Completed
ORD-00449,CUST-0865,2025-10-07 09:00:00,35.0,0.0,2.8,12.0,49.8,Completed
ORD-00450,CUST-0692,2025-01-11 20:00:00,648.0,0.0,51.84,0.0,699.84,Completed
ORD-00451,CUST-0170,2025-10-07 15:00:00,599.0,0.0,47.92,0.0,646.92,Completed
ORD-00452,CUST-0307,2025-06-10 14:00:00,64.0,0.0,5.12,12.0,81.12,Completed
ORD-00453,CUST-0327,2025-04-08 18:00:00,58.0,0.0,4.64,12.0,74.64,Completed
ORD-00454,CUST-0309,2025-06-16 17:00:00,59.0,11.8,3.78,12.0,62.98,Completed
ORD-00455,CUST-0958,2025-11-23 08:00:00,89.0,13.35,6.05,12.0,93.7,Completed
ORD-00456,CUST-0182,2025-12-07 16:00:00,89.0,13.35,6.05,12.0,93.7,Completed
ORD-00457,CUST-1048,2025-06-07 18:00:00,208.0,0.0,16.64,0.0,224.64,Completed
ORD-00458,CUST-0963,2025-03-16 14:00:00,88.0,0.0,7.04,12.0,107.04,Completed
ORD-00459,CUST-1077,2025-01-13 12:00:00,98.0,0.0,7.84,12.0,117.84,Completed
ORD-00460,CUST-0536,2025-06-25 10:00:00,177.0,0.0,14.16,0.0,191.16,Completed
ORD-00461,CUST-0819,2025-04-13 09:00:00,114.0,17.1,7.75,0.0,104.65,Completed
ORD-00462,CUST-0835,2025-01-25 22:00:00,49.0,9.8,3.14,12.0,54.34,Completed
ORD-00463,CUST-0439,2025-05-20 15:00:00,104.0,15.6,7.07,0.0,95.47,Completed
ORD-00464,CUST-0596,2025-01-22 10:00:00,84.0,0.0,6.72,12.0,102.72,Completed
ORD-00465,CUST-0383,2025-01-15 15:00:00,98.0,0.0,7.84,12.0,117.84,Completed
ORD-00466,CUST-0463,2025-07-08 11:00:00,148.0,0.0,11.84,0.0,159.84,Completed
ORD-00467,CUST-0127,2025-05-17 12:00:00,262.0,39.3,17.82,0.0,240.52,Completed
ORD-00468,CUST-0398,2025-05-12 17:00:00,49.0,0.0,3.92,12.0,64.92,Completed
ORD-00469,CUST-0290,2025-02-16 09:00:00,98.0,0.0,7.84,12.0,117.84,Completed
ORD-00470,CUST-0254,2025-12-02 11:00:00,35.0,3.5,2.52,12.0,46.02,Completed
ORD-00471,CUST-0276,2025-05-29 08:00:00,428.0,64.2,29.1,0.0,392.9,Completed
ORD-00472,CUST-0798,2025-12-16 20:00:00,628.0,0.0,50.24,0.0,678.24,Completed
ORD-00473,CUST-0061,2025-06-10 09:00:00,599.0,119.8,38.34,0.0,517.54,Completed
ORD-00474,CUST-0684,2025-10-17 19:00:00,856.0,0.0,68.48,0.0,924.48,Completed
ORD-00475,CUST-0438,2025-12-12 10:00:00,698.0,104.7,47.46,0.0,640.76,Completed
ORD-00476,CUST-0223,2025-03-15 14:00:00,599.0,119.8,38.34,0.0,517.54,Completed
ORD-00477,CUST-0399,2025-03-14 17:00:00,59.0,8.85,4.01,12.0,66.16,Completed
ORD-00478,CUST-0857,2025-05-17 19:00:00,29.0,0.0,2.32,12.0,43.32,Completed
ORD-00479,CUST-0752,2025-05-30 15:00:00,677.0,0.0,54.16,0.0,731.16,Completed
ORD-00480,CUST-0087,2025-01-29 16:00:00,79.0,0.0,6.32,12.0,97.32,Completed
ORD-00481,CUST-0056,2025-10-05 13:00:00,237.0,23.7,17.06,0.0,230.36,Completed
ORD-00482,CUST-0894,2025-11-10 21:00:00,29.0,2.9,2.09,12.0,40.19,Completed
ORD-00483,CUST-0432,2025-05-16 12:00:00,138.0,0.0,11.04,0.0,149.04,Completed
ORD-00484,CUST-0011,2025-08-18 20:00:00,70.0,0.0,5.6,12.0,87.6,Completed
ORD-00485,CUST-1083,2025-01-23 11:00:00,948.0,0.0,75.84,0.0,1023.84,Completed
ORD-00486,CUST-0098,2025-11-24 20:00:00,599.0,119.8,38.34,0.0,517.54,Completed
ORD-00487,CUST-0523,2025-03-26 20:00:00,35.0,7.0,2.24,12.0,42.24,Completed
ORD-00488,CUST-0608,2025-11-25 17:00:00,29.0,0.0,2.32,12.0,43.32,Completed
ORD-00489,CUST-1097,2025-10-24 14:00:00,79.0,0.0,6.32,12.0,97.32,Completed
ORD-00490,CUST-0044,2025-06-08 17:00:00,498.0,0.0,39.84,0.0,537.84,Completed
ORD-00491,CUST-0457,2025-03-28 14:00:00,936.0,0.0,74.88,0.0,1010.88,Completed
ORD-00492,CUST-0937,2025-01-16 18:00:00,58.0,0.0,4.64,12.0,74.64,Completed
ORD-00493,CUST-0468,2025-03-21 18:00:00,178.0,17.8,12.82,0.0,173.02,Completed
ORD-00494,CUST-1150,2025-05-26 21:00:00,164.0,0.0,13.12,0.0,177.12,Completed
ORD-00495,CUST-1160,2025-05-16 16:00:00,79.0,7.9,5.69,12.0,88.79,Completed
ORD-00496,CUST-0890,2025-02-14 14:00:00,698.0,69.8,50.26,0.0,678.46,Completed
ORD-00497,CUST-0031,2025-10-07 18:00:00,187.0,0.0,14.96,0.0,201.96,Completed
ORD-00498,CUST-0516,2025-05-17 14:00:00,127.0,0.0,10.16,0.0,137.16,Completed
ORD-00499,CUST-0061,2025-03-26 15:00:00,70.0,0.0,5.6,12.0,87.6,Completed
ORD-00500,CUST-0890,2025-10-05 08:00:00,158.0,15.8,11.38,0.0,153.58,Completed
ORD-00501,CUST-0686,2025-01-14 08:00:00,599.0,0.0,47.92,0.0,646.92,Completed
ORD-00502,CUST-0572,2025-11-24 21:00:00,59.0,5.9,4.25,12.0,69.35,Completed
ORD-00503,CUST-1069,2025-12-18 18:00:00,79.0,11.85,5.37,12.0,84.52,Completed
ORD-00504,CUST-0554,2025-10-29 15:00:00,149.0,29.8,9.54,0.0,128.74,Completed
ORD-00505,CUST-0287,2025-07-30 18:00:00,29.0,0.0,2.32,12.0,43.32,Completed
ORD-00506,CUST-1008,2025-08-31 22:00:00,477.0,0.0,38.16,0.0,515.16,Completed
ORD-00507,CUST-1074,2025-05-19 11:00:00,298.0,44.7,20.26,0.0,273.56,Completed
ORD-00508,CUST-0733,2025-03-29 11:00:00,59.0,0.0,4.72,12.0,75.72,Completed
ORD-00509,CUST-0163,2025-03-11 18:00:00,149.0,0.0,11.92,0.0,160.92,Completed
ORD-00510,CUST-0449,2025-05-02 21:00:00,158.0,0.0,12.64,0.0,170.64,Completed
ORD-00511,CUST-0771,2025-03-29 09:00:00,79.0,7.9,5.69,12.0,88.79,Completed
ORD-00512,CUST-1186,2025-03-26 12:00:00,198.0,39.6,12.67,0.0,171.07,Completed
ORD-00513,CUST-0420,2025-02-04 15:00:00,298.0,59.6,19.07,0.0,257.47,Completed
ORD-00514,CUST-1052,2025-03-05 08:00:00,108.0,10.8,7.78,0.0,104.98,Completed
ORD-00515,CUST-0535,2025-10-11 17:00:00,59.0,11.8,3.78,12.0,62.98,Completed
ORD-00516,CUST-0479,2025-04-29 21:00:00,178.0,0.0,14.24,0.0,192.24,Completed
ORD-00517,CUST-0060,2025-12-18 19:00:00,64.0,0.0,5.12,12.0,81.12,Completed
ORD-00518,CUST-0929,2025-02-04 21:00:00,129.0,12.9,9.29,0.0,125.39,Completed
ORD-00519,CUST-0032,2025-02-03 16:00:00,238.0,23.8,17.14,0.0,231.34,Completed
ORD-00520,CUST-0177,2025-12-14 21:00:00,79.0,0.0,6.32,12.0,97.32,Completed
ORD-00521,CUST-0917,2025-12-18 12:00:00,49.0,0.0,3.92,12.0,64.92,Completed
ORD-00522,CUST-0357,2025-11-28 13:00:00,158.0,23.7,10.74,0.0,145.04,Completed
ORD-00523,CUST-0482,2025-12-24 12:00:00,347.0,52.05,23.6,0.0,318.55,Completed
ORD-00524,CUST-0070,2025-12-21 19:00:00,187.0,0.0,14.96,0.0,201.96,Completed
ORD-00525,CUST-0514,2025-06-25 10:00:00,158.0,0.0,12.64,0.0,170.64,Completed
ORD-00526,CUST-0581,2025-12-22 15:00:00,158.0,15.8,11.38,0.0,153.58,Completed
ORD-00527,CUST-1115,2025-10-31 11:00:00,678.0,0.0,54.24,0.0,732.24,Completed
ORD-00528,CUST-0131,2025-12-06 15:00:00,59.0,0.0,4.72,12.0,75.72,Completed
ORD-00529,CUST-0308,2025-10-22 22:00:00,198.0,0.0,15.84,0.0,213.84,Completed
ORD-00530,CUST-1012,2025-01-20 20:00:00,35.0,0.0,2.8,12.0,49.8,Completed
ORD-00531,CUST-0487,2025-05-16 18:00:00,49.0,9.8,3.14,12.0,54.34,Completed
ORD-00532,CUST-1166,2025-01-20 12:00:00,217.0,43.4,13.89,0.0,187.49,Completed
ORD-00533,CUST-0944,2025-03-09 13:00:00,35.0,3.5,2.52,12.0,46.02,Completed
ORD-00534,CUST-1091,2025-05-18 20:00:00,89.0,0.0,7.12,12.0,108.12,Completed
ORD-00535,CUST-1173,2025-06-24 14:00:00,228.0,0.0,18.24,0.0,246.24,Completed
ORD-00536,CUST-0990,2025-06-08 10:00:00,217.0,21.7,15.62,0.0,210.92,Completed
ORD-00537,CUST-1034,2025-10-24 13:00:00,138.0,20.7,9.38,0.0,126.68,Completed
ORD-00538,CUST-0033,2025-11-13 12:00:00,35.0,0.0,2.8,12.0,49.8,Completed
ORD-00539,CUST-0232,2025-11-03 15:00:00,49.0,0.0,3.92,12.0,64.92,Completed
ORD-00540,CUST-0484,2025-01-15 21:00:00,79.0,0.0,6.32,12.0,97.32,Completed
ORD-00541,CUST-0670,2025-04-14 09:00:00,89.0,0.0,7.12,12.0,108.12,Completed
ORD-00542,CUST-0975,2025-09-26 09:00:00,79.0,0.0,6.32,12.0,97.32,Completed
ORD-00543,CUST-0545,2025-03-18 19:00:00,349.0,0.0,27.92,0.0,376.92,Completed
ORD-00544,CUST-0725,2025-11-09 16:00:00,88.0,8.8,6.34,12.0,97.54,Completed
ORD-00545,CUST-0979,2025-05-23 11:00:00,79.0,7.9,5.69,12.0,88.79,Completed
ORD-00546,CUST-0678,2025-10-27 08:00:00,129.0,25.8,8.26,0.0,111.46,Completed
ORD-00547,CUST-1104,2025-05-25 10:00:00,98.0,14.7,6.66,12.0,101.96,Completed
ORD-00548,CUST-1109,2025-12-17 13:00:00,218.0,0.0,17.44,0.0,235.44,Completed
ORD-00549,CUST-0170,2025-08-08 13:00:00,1198.0,0.0,95.84,0.0,1293.84,Completed
ORD-00550,CUST-0088,2025-06-07 18:00:00,89.0,8.9,6.41,12.0,98.51,Completed
ORD-00551,CUST-0269,2025-01-30 21:00:00,79.0,7.9,5.69,12.0,88.79,Completed
ORD-00552,CUST-0872,2025-04-13 09:00:00,108.0,21.6,6.91,0.0,93.31,Completed
ORD-00553,CUST-0296,2025-03-28 15:00:00,118.0,0.0,9.44,0.0,127.44,Completed
ORD-00554,CUST-0266,2025-11-30 22:00:00,467.0,0.0,37.36,0.0,504.36,Completed
ORD-00555,CUST-0274,2025-01-18 11:00:00,634.0,126.8,40.58,0.0,547.78,Completed
ORD-00556,CUST-0017,2025-09-24 11:00:00,149.0,0.0,11.92,0.0,160.92,Completed
ORD-00557,CUST-1133,2025-02-13 10:00:00,49.0,9.8,3.14,12.0,54.34,Completed
ORD-00558,CUST-0363,2025-06-29 15:00:00,98.0,0.0,7.84,12.0,117.84,Completed
ORD-00559,CUST-1152,2025-10-09 14:00:00,386.0,77.2,24.7,0.0,333.5,Completed
ORD-00560,CUST-0784,2025-10-11 11:00:00,58.0,0.0,4.64,12.0,74.64,Completed
ORD-00561,CUST-0901,2025-11-27 15:00:00,148.0,0.0,11.84,0.0,159.84,Completed
ORD-00562,CUST-1157,2025-03-02 13:00:00,158.0,15.8,11.38,0.0,153.58,Completed
ORD-00563,CUST-0844,2025-02-21 19:00:00,428.0,0.0,34.24,0.0,462.24,Completed
ORD-00564,CUST-1128,2025-03-21 18:00:00,257.0,38.55,17.48,0.0,235.93,Completed
ORD-00565,CUST-1139,2025-05-17 14:00:00,49.0,0.0,3.92,12.0,64.92,Completed
ORD-00566,CUST-1010,2025-10-19 11:00:00,138.0,27.6,8.83,0.0,119.23,Completed
ORD-00567,CUST-0239,2025-11-08 21:00:00,149.0,29.8,9.54,0.0,128.74,Completed
ORD-00568,CUST-0144,2025-05-30 18:00:00,59.0,5.9,4.25,12.0,69.35,Completed
ORD-00569,CUST-1005,2025-06-17 10:00:00,599.0,0.0,47.92,0.0,646.92,Completed
ORD-00570,CUST-0202,2025-06-09 19:00:00,149.0,0.0,11.92,0.0,160.92,Completed
ORD-00571,CUST-0544,2025-09-08 17:00:00,79.0,0.0,6.32,12.0,97.32,Completed
ORD-00572,CUST-0432,2025-06-26 16:00:00,35.0,0.0,2.8,12.0,49.8,Completed
ORD-00573,CUST-0083,2025-06-03 11:00:00,158.0,15.8,11.38,0.0,153.58,Completed
ORD-00574,CUST-0431,2025-10-20 22:00:00,149.0,0.0,11.92,0.0,160.92,Completed
ORD-00575,CUST-0343,2025-10-28 19:00:00,89.0,0.0,7.12,12.0,108.12,Completed
ORD-00576,CUST-1048,2025-12-02 22:00:00,59.0,11.8,3.78,12.0,62.98,Completed
ORD-00577,CUST-0191,2025-01-19 14:00:00,527.0,105.4,33.73,0.0,455.33,Completed
ORD-00578,CUST-0840,2025-03-04 09:00:00,398.0,39.8,28.66,0.0,386.86,Completed
ORD-00579,CUST-0086,2025-02-07 10:00:00,117.0,11.7,8.42,0.0,113.72,Completed
ORD-00580,CUST-0076,2025-03-28 14:00:00,599.0,119.8,38.34,0.0,517.54,Completed
ORD-00581,CUST-0618,2025-02-23 10:00:00,599.0,0.0,47.92,0.0,646.92,Completed
ORD-00582,CUST-0809,2025-03-22 21:00:00,158.0,15.8,11.38,0.0,153.58,Completed
ORD-00583,CUST-0588,2025-01-22 19:00:00,129.0,0.0,10.32,0.0,139.32,Completed
ORD-00584,CUST-0003,2025-04-20 19:00:00,658.0,0.0,52.64,0.0,710.64,Completed
ORD-00585,CUST-0930,2025-05-27 14:00:00,129.0,12.9,9.29,0.0,125.39,Completed
ORD-00586,CUST-0435,2025-05-13 09:00:00,1077.0,0.0,86.16,0.0,1163.16,Completed
ORD-00587,CUST-1014,2025-04-08 17:00:00,478.0,95.6,30.59,0.0,412.99,Completed
ORD-00588,CUST-0468,2025-06-17 18:00:00,138.0,13.8,9.94,0.0,134.14,Completed
ORD-00589,CUST-0016,2025-05-17 11:00:00,258.0,51.6,16.51,0.0,222.91,Completed
ORD-00590,CUST-0755,2025-06-23 09:00:00,128.0,12.8,9.22,0.0,124.42,Completed
ORD-00591,CUST-0515,2025-01-18 21:00:00,599.0,0.0,47.92,0.0,646.92,Completed
ORD-00592,CUST-0243,2025-09-21 09:00:00,178.0,0.0,14.24,0.0,192.24,Completed
ORD-00593,CUST-0817,2025-02-10 10:00:00,29.0,4.35,1.97,12.0,38.62,Completed
ORD-00594,CUST-0918,2025-11-21 21:00:00,79.0,15.8,5.06,12.0,80.26,Completed
ORD-00595,CUST-0173,2025-02-05 15:00:00,89.0,0.0,7.12,12.0,108.12,Completed
ORD-00596,CUST-0590,2025-12-07 15:00:00,349.0,0.0,27.92,0.0,376.92,Completed
ORD-00597,CUST-0036,2025-03-23 16:00:00,49.0,7.35,3.33,12.0,56.98,Completed
ORD-00598,CUST-1017,2025-02-14 08:00:00,168.0,33.6,10.75,0.0,145.15,Completed
ORD-00599,CUST-0521,2025-07-21 14:00:00,29.0,0.0,2.32,12.0,43.32,Completed
ORD-00600,CUST-0284,2025-10-02 08:00:00,129.0,19.35,8.77,0.0,118.42,Completed
ORD-00601,CUST-0052,2025-03-01 08:00:00,418.0,0.0,33.44,0.0,451.44,Completed
ORD-00602,CUST-0538,2025-12-25 09:00:00,84.0,12.6,5.71,12.0,89.11,Completed
ORD-00603,CUST-0511,2025-01-30 20:00:00,29.0,4.35,1.97,12.0,38.62,Completed
ORD-00604,CUST-1018,2025-07-22 20:00:00,35.0,0.0,2.8,12.0,49.8,Completed
ORD-00605,CUST-0949,2025-02-05 14:00:00,258.0,0.0,20.64,0.0,278.64,Completed
ORD-00606,CUST-0305,2025-05-18 15:00:00,149.0,29.8,9.54,0.0,128.74,Completed
ORD-00607,CUST-0375,2025-12-08 17:00:00,1606.0,321.2,102.78,0.0,1387.58,Completed
ORD-00608,CUST-0286,2025-10-04 16:00:00,178.0,17.8,12.82,0.0,173.02,Completed
ORD-00609,CUST-0057,2025-05-21 21:00:00,517.0,103.4,33.09,0.0,446.69,Completed
ORD-00610,CUST-0301,2025-02-12 15:00:00,35.0,0.0,2.8,12.0,49.8,Completed
ORD-00611,CUST-0594,2025-09-18 08:00:00,147.0,0.0,11.76,0.0,158.76,Completed
ORD-00612,CUST-0730,2025-04-06 15:00:00,777.0,155.4,49.73,0.0,671.33,Completed
ORD-00613,CUST-0656,2025-01-21 21:00:00,349.0,69.8,22.34,0.0,301.54,Completed
ORD-00614,CUST-0188,2025-12-09 09:00:00,79.0,0.0,6.32,12.0,97.32,Completed
ORD-00615,CUST-0339,2025-11-05 22:00:00,337.0,67.4,21.57,0.0,291.17,Completed
ORD-00616,CUST-0103,2025-12-12 11:00:00,557.0,55.7,40.1,0.0,541.4,Completed
ORD-00617,CUST-0363,2025-12-25 11:00:00,428.0,85.6,27.39,0.0,369.79,Completed
ORD-00618,CUST-0373,2025-02-05 19:00:00,129.0,19.35,8.77,0.0,118.42,Completed
ORD-00619,CUST-0880,2025-11-02 12:00:00,29.0,5.8,1.86,12.0,37.06,Completed
ORD-00620,CUST-0292,2025-06-21 20:00:00,29.0,0.0,2.32,12.0,43.32,Completed
ORD-00621,CUST-1030,2025-04-24 12:00:00,79.0,0.0,6.32,12.0,97.32,Completed
ORD-00622,CUST-0893,2025-06-09 15:00:00,138.0,0.0,11.04,0.0,149.04,Completed
ORD-00623,CUST-0183,2025-03-08 17:00:00,149.0,14.9,10.73,0.0,144.83,Completed
ORD-00624,CUST-0835,2025-03-31 19:00:00,307.0,46.05,20.88,0.0,281.83,Completed
ORD-00625,CUST-0658,2025-02-04 13:00:00,149.0,22.35,10.13,0.0,136.78,Completed
ORD-00626,CUST-0619,2025-05-22 17:00:00,158.0,31.6,10.11,0.0,136.51,Completed
ORD-00627,CUST-0824,2025-08-29 20:00:00,398.0,0.0,31.84,0.0,429.84,Completed
ORD-00628,CUST-0530,2025-12-24 18:00:00,777.0,0.0,62.16,0.0,839.16,Completed
ORD-00629,CUST-0907,2025-11-26 20:00:00,307.0,46.05,20.88,0.0,281.83,Completed
ORD-00630,CUST-1119,2025-12-05 19:00:00,79.0,11.85,5.37,12.0,84.52,Completed
ORD-00631,CUST-1038,2025-06-28 22:00:00,79.0,0.0,6.32,12.0,97.32,Completed
ORD-00632,CUST-0227,2025-04-08 18:00:00,217.0,0.0,17.36,0.0,234.36,Completed
ORD-00633,CUST-0720,2025-10-06 14:00:00,79.0,15.8,5.06,12.0,80.26,Completed
ORD-00634,CUST-0425,2025-03-27 19:00:00,69.0,0.0,5.52,12.0,86.52,Completed
ORD-00635,CUST-0777,2025-01-11 17:00:00,149.0,22.35,10.13,0.0,136.78,Completed
ORD-00636,CUST-0367,2025-10-25 18:00:00,78.0,15.6,4.99,12.0,79.39,Completed
ORD-00637,CUST-0103,2025-10-17 10:00:00,148.0,29.6,9.47,0.0,127.87,Completed
ORD-00638,CUST-0697,2025-02-15 15:00:00,276.0,41.4,18.77,0.0,253.37,Completed
ORD-00639,CUST-0529,2025-07-15 20:00:00,278.0,0.0,22.24,0.0,300.24,Completed
ORD-00640,CUST-0223,2025-06-22 17:00:00,599.0,119.8,38.34,0.0,517.54,Completed
ORD-00641,CUST-0329,2025-03-02 10:00:00,237.0,0.0,18.96,0.0,255.96,Completed
ORD-00642,CUST-0648,2025-10-02 09:00:00,447.0,67.05,30.4,0.0,410.35,Completed
ORD-00643,CUST-1093,2025-11-24 14:00:00,977.0,0.0,78.16,0.0,1055.16,Completed
ORD-00644,CUST-1013,2025-03-07 11:00:00,158.0,0.0,12.64,0.0,170.64,Completed
ORD-00645,CUST-0734,2025-01-27 15:00:00,138.0,27.6,8.83,0.0,119.23,Completed
ORD-00646,CUST-0156,2025-01-20 08:00:00,59.0,11.8,3.78,12.0,62.98,Completed
ORD-00647,CUST-0709,2025-11-04 08:00:00,35.0,5.25,2.38,12.0,44.13,Completed
ORD-00648,CUST-1053,2025-03-08 18:00:00,158.0,23.7,10.74,0.0,145.04,Completed
ORD-00649,CUST-0550,2025-10-17 12:00:00,307.0,0.0,24.56,0.0,331.56,Completed
ORD-00650,CUST-0229,2025-03-10 22:00:00,29.0,5.8,1.86,12.0,37.06,Completed
ORD-00651,CUST-0174,2025-10-14 11:00:00,49.0,4.9,3.53,12.0,59.63,Completed
ORD-00652,CUST-0063,2025-12-24 14:00:00,59.0,0.0,4.72,12.0,75.72,Completed
ORD-00653,CUST-1112,2025-02-03 11:00:00,1287.0,128.7,92.66,0.0,1250.96,Completed
ORD-00654,CUST-0666,2025-09-15 21:00:00,247.0,0.0,19.76,0.0,266.76,Completed
ORD-00655,CUST-0213,2025-10-29 15:00:00,357.0,53.55,24.28,0.0,327.73,Completed
ORD-00656,CUST-0536,2025-02-13 11:00:00,398.0,79.6,25.47,0.0,343.87,Completed
ORD-00657,CUST-1132,2025-05-30 18:00:00,29.0,4.35,1.97,12.0,38.62,Completed
ORD-00658,CUST-1104,2025-11-15 17:00:00,256.0,0.0,20.48,0.0,276.48,Completed
ORD-00659,CUST-0627,2025-06-11 15:00:00,59.0,0.0,4.72,12.0,75.72,Completed
ORD-00660,CUST-0520,2025-01-15 21:00:00,227.0,22.7,16.34,0.0,220.64,Completed
ORD-00661,CUST-0921,2025-03-16 17:00:00,698.0,139.6,44.67,0.0,603.07,Completed
ORD-00662,CUST-0062,2025-04-06 11:00:00,599.0,59.9,43.13,0.0,582.23,Completed
ORD-00663,CUST-0344,2025-01-17 08:00:00,948.0,189.6,60.67,0.0,819.07,Completed
ORD-00664,CUST-0778,2025-02-11 21:00:00,94.0,0.0,7.52,12.0,113.52,Completed
ORD-00665,CUST-0606,2025-10-06 12:00:00,29.0,4.35,1.97,12.0,38.62,Completed
ORD-00666,CUST-0500,2025-02-11 20:00:00,198.0,19.8,14.26,0.0,192.46,Completed
ORD-00667,CUST-0400,2025-11-07 13:00:00,89.0,0.0,7.12,12.0,108.12,Completed
ORD-00668,CUST-0937,2025-07-26 22:00:00,138.0,0.0,11.04,0.0,149.04,Completed
ORD-00669,CUST-0777,2025-01-31 08:00:00,258.0,51.6,16.51,0.0,222.91,Completed
ORD-00670,CUST-0865,2025-01-10 22:00:00,79.0,0.0,6.32,12.0,97.32,Completed
ORD-00671,CUST-0185,2025-04-26 12:00:00,108.0,0.0,8.64,0.0,116.64,Completed
ORD-00672,CUST-0551,2025-08-29 08:00:00,89.0,0.0,7.12,12.0,108.12,Completed
ORD-00673,CUST-1123,2025-11-29 14:00:00,129.0,25.8,8.26,0.0,111.46,Completed
ORD-00674,CUST-0032,2025-12-17 16:00:00,35.0,7.0,2.24,12.0,42.24,Completed
ORD-00675,CUST-1084,2025-12-05 18:00:00,599.0,0.0,47.92,0.0,646.92,Completed
ORD-00676,CUST-0879,2025-10-05 17:00:00,678.0,0.0,54.24,0.0,732.24,Completed
ORD-00677,CUST-0272,2025-06-13 21:00:00,29.0,2.9,2.09,12.0,40.19,Completed
ORD-00678,CUST-0779,2025-02-14 21:00:00,386.0,57.9,26.25,0.0,354.35,Completed
ORD-00679,CUST-0242,2025-10-19 19:00:00,69.0,6.9,4.97,12.0,79.07,Completed
ORD-00680,CUST-0153,2025-11-29 12:00:00,149.0,14.9,10.73,0.0,144.83,Completed
ORD-00681,CUST-0334,2025-10-22 16:00:00,599.0,89.85,40.73,0.0,549.88,Completed
ORD-00682,CUST-0751,2025-03-07 21:00:00,69.0,0.0,5.52,12.0,86.52,Completed
ORD-00683,CUST-0654,2025-11-28 08:00:00,79.0,0.0,6.32,12.0,97.32,Completed
ORD-00684,CUST-1177,2025-01-14 18:00:00,208.0,20.8,14.98,0.0,202.18,Completed
ORD-00685,CUST-0433,2025-05-23 21:00:00,425.0,0.0,34.0,0.0,459.0,Completed
ORD-00686,CUST-0574,2025-02-10 16:00:00,198.0,19.8,14.26,0.0,192.46,Completed
ORD-00687,CUST-0185,2025-10-05 14:00:00,796.0,0.0,63.68,0.0,859.68,Completed
ORD-00688,CUST-0188,2025-05-15 17:00:00,384.0,0.0,30.72,0.0,414.72,Completed
ORD-00689,CUST-0090,2025-04-27 21:00:00,89.0,0.0,7.12,12.0,108.12,Completed
ORD-00690,CUST-0947,2025-11-07 13:00:00,522.0,78.3,35.5,0.0,479.2,Completed
ORD-00691,CUST-0601,2025-04-06 16:00:00,178.0,35.6,11.39,0.0,153.79,Completed
ORD-00692,CUST-0706,2025-06-01 15:00:00,216.0,21.6,15.55,0.0,209.95,Completed
ORD-00693,CUST-0637,2025-02-12 11:00:00,149.0,0.0,11.92,0.0,160.92,Completed
ORD-00694,CUST-1150,2025-10-15 18:00:00,69.0,10.35,4.69,12.0,75.34,Completed
ORD-00695,CUST-0897,2025-03-22 21:00:00,138.0,27.6,8.83,0.0,119.23,Completed
ORD-00696,CUST-0080,2025-08-18 11:00:00,176.0,0.0,14.08,0.0,190.08,Completed
ORD-00697,CUST-0652,2025-07-15 22:00:00,149.0,0.0,11.92,0.0,160.92,Completed
ORD-00698,CUST-0678,2025-10-29 22:00:00,208.0,0.0,16.64,0.0,224.64,Completed
ORD-00699,CUST-0746,2025-03-23 11:00:00,599.0,0.0,47.92,0.0,646.92,Completed
ORD-00700,CUST-0683,2025-06-16 09:00:00,648.0,0.0,51.84,0.0,699.84,Completed
ORD-00701,CUST-0479,2025-01-16 15:00:00,1027.0,205.4,65.73,0.0,887.33,Completed
ORD-00702,CUST-0797,2025-03-11 18:00:00,79.0,7.9,5.69,12.0,88.79,Completed
ORD-00703,CUST-0646,2025-05-18 19:00:00,568.0,0.0,45.44,0.0,613.44,Completed
ORD-00704,CUST-1159,2025-01-10 10:00:00,948.0,94.8,68.26,0.0,921.46,Completed
ORD-00705,CUST-0711,2025-12-02 18:00:00,79.0,0.0,6.32,12.0,97.32,Completed
ORD-00706,CUST-0898,2025-10-07 20:00:00,217.0,32.55,14.76,0.0,199.21,Completed
ORD-00707,CUST-0058,2025-12-08 20:00:00,183.0,0.0,14.64,0.0,197.64,Completed
ORD-00708,CUST-0417,2025-11-27 08:00:00,817.0,0.0,65.36,0.0,882.36,Completed
ORD-00709,CUST-0148,2025-11-26 11:00:00,298.0,44.7,20.26,0.0,273.56,Completed
ORD-00710,CUST-0709,2025-05-05 22:00:00,228.0,0.0,18.24,0.0,246.24,Completed
ORD-00711,CUST-0069,2025-11-06 17:00:00,129.0,0.0,10.32,0.0,139.32,Completed
ORD-00712,CUST-0151,2025-10-31 12:00:00,88.0,8.8,6.34,12.0,97.54,Completed
ORD-00713,CUST-0397,2025-06-03 17:00:00,767.0,76.7,55.22,0.0,745.52,Completed
ORD-00714,CUST-0685,2025-03-11 18:00:00,178.0,26.7,12.1,0.0,163.4,Completed
ORD-00715,CUST-0523,2025-10-12 12:00:00,69.0,0.0,5.52,12.0,86.52,Completed
ORD-00716,CUST-0383,2025-11-29 11:00:00,349.0,0.0,27.92,0.0,376.92,Completed
ORD-00717,CUST-1171,2025-11-13 08:00:00,29.0,5.8,1.86,12.0,37.06,Completed
ORD-00718,CUST-1046,2025-01-19 22:00:00,89.0,0.0,7.12,12.0,108.12,Completed
ORD-00719,CUST-0577,2025-06-21 22:00:00,79.0,0.0,6.32,12.0,97.32,Completed
ORD-00720,CUST-1113,2025-12-01 09:00:00,129.0,25.8,8.26,0.0,111.46,Completed
ORD-00721,CUST-0096,2025-03-27 18:00:00,208.0,0.0,16.64,0.0,224.64,Completed
ORD-00722,CUST-0524,2025-10-02 19:00:00,477.0,0.0,38.16,0.0,515.16,Completed
ORD-00723,CUST-0371,2025-03-07 18:00:00,158.0,0.0,12.64,0.0,170.64,Completed
ORD-00724,CUST-1070,2025-10-01 18:00:00,349.0,34.9,25.13,0.0,339.23,Completed
ORD-00725,CUST-1097,2025-12-25 09:00:00,79.0,15.8,5.06,12.0,80.26,Completed
ORD-00726,CUST-0964,2025-02-03 16:00:00,158.0,31.6,10.11,0.0,136.51,Completed
ORD-00727,CUST-1096,2025-12-25 17:00:00,336.0,0.0,26.88,0.0,362.88,Completed
ORD-00728,CUST-1043,2025-05-18 18:00:00,49.0,4.9,3.53,12.0,59.63,Completed
ORD-00729,CUST-0003,2025-12-03 17:00:00,70.0,7.0,5.04,12.0,80.04,Completed
ORD-00730,CUST-0278,2025-03-04 12:00:00,118.0,11.8,8.5,0.0,114.7,Completed
ORD-00731,CUST-0270,2025-09-26 19:00:00,193.0,0.0,15.44,0.0,208.44,Completed
ORD-00732,CUST-0027,2025-03-04 12:00:00,149.0,29.8,9.54,0.0,128.74,Completed
ORD-00733,CUST-1020,2025-04-14 22:00:00,748.0,0.0,59.84,0.0,807.84,Completed
ORD-00734,CUST-0834,2025-03-01 18:00:00,148.0,0.0,11.84,0.0,159.84,Completed
ORD-00735,CUST-1101,2025-01-11 18:00:00,527.0,52.7,37.94,0.0,512.24,Completed
ORD-00736,CUST-1193,2025-09-29 11:00:00,89.0,0.0,7.12,12.0,108.12,Completed
ORD-00737,CUST-1109,2025-02-04 17:00:00,149.0,0.0,11.92,0.0,160.92,Completed
ORD-00738,CUST-0416,2025-08-03 15:00:00,79.0,0.0,6.32,12.0,97.32,Completed
ORD-00739,CUST-0755,2025-08-02 21:00:00,599.0,0.0,47.92,0.0,646.92,Completed
ORD-00740,CUST-0807,2025-02-13 17:00:00,79.0,0.0,6.32,12.0,97.32,Completed
ORD-00741,CUST-0522,2025-02-07 14:00:00,168.0,25.2,11.42,0.0,154.22,Completed
ORD-00742,CUST-0018,2025-12-14 10:00:00,149.0,29.8,9.54,0.0,128.74,Completed
ORD-00743,CUST-0241,2025-03-17 11:00:00,157.0,0.0,12.56,0.0,169.56,Completed
ORD-00744,CUST-1094,2025-11-01 18:00:00,278.0,0.0,22.24,0.0,300.24,Completed
ORD-00745,CUST-0174,2025-12-14 12:00:00,79.0,7.9,5.69,12.0,88.79,Completed
ORD-00746,CUST-0577,2025-04-06 22:00:00,108.0,0.0,8.64,0.0,116.64,Completed
ORD-00747,CUST-0415,2025-01-18 20:00:00,49.0,0.0,3.92,12.0,64.92,Completed
ORD-00748,CUST-1084,2025-02-02 19:00:00,59.0,11.8,3.78,12.0,62.98,Completed
ORD-00749,CUST-1155,2025-10-22 20:00:00,187.0,28.05,12.72,0.0,171.67,Completed
ORD-00750,CUST-0409,2025-03-28 13:00:00,69.0,13.8,4.42,12.0,71.62,Completed
ORD-00751,CUST-0131,2025-05-23 09:00:00,79.0,0.0,6.32,12.0,97.32,Completed
ORD-00752,CUST-1173,2025-12-09 16:00:00,278.0,41.7,18.9,0.0,255.2,Completed
ORD-00753,CUST-1180,2025-06-12 10:00:00,118.0,17.7,8.02,0.0,108.32,Completed
ORD-00754,CUST-0280,2025-11-27 12:00:00,717.0,71.7,51.62,0.0,696.92,Completed
ORD-00755,CUST-0851,2025-06-04 20:00:00,599.0,0.0,47.92,0.0,646.92,Completed
ORD-00756,CUST-0846,2025-10-15 09:00:00,35.0,0.0,2.8,12.0,49.8,Completed
ORD-00757,CUST-1016,2025-07-02 22:00:00,79.0,0.0,6.32,12.0,97.32,Completed
ORD-00758,CUST-0915,2025-12-07 13:00:00,104.0,20.8,6.66,0.0,89.86,Completed
ORD-00759,CUST-0532,2025-10-04 09:00:00,683.0,68.3,49.18,0.0,663.88,Completed
ORD-00760,CUST-0456,2025-08-25 15:00:00,79.0,0.0,6.32,12.0,97.32,Completed
ORD-00761,CUST-0400,2025-01-27 22:00:00,1198.0,179.7,81.46,0.0,1099.76,Completed
ORD-00762,CUST-0313,2025-10-02 09:00:00,157.0,0.0,12.56,0.0,169.56,Completed
ORD-00763,CUST-0312,2025-03-09 09:00:00,89.0,0.0,7.12,12.0,108.12,Completed
ORD-00764,CUST-0617,2025-11-27 20:00:00,35.0,7.0,2.24,12.0,42.24,Completed
ORD-00765,CUST-0337,2025-04-12 09:00:00,49.0,0.0,3.92,12.0,64.92,Completed
ORD-00766,CUST-0801,2025-01-21 17:00:00,89.0,13.35,6.05,12.0,93.7,Completed
ORD-00767,CUST-0722,2025-12-04 18:00:00,149.0,0.0,11.92,0.0,160.92,Completed
ORD-00768,CUST-0907,2025-12-02 22:00:00,149.0,22.35,10.13,0.0,136.78,Completed
ORD-00769,CUST-0971,2025-03-23 11:00:00,29.0,0.0,2.32,12.0,43.32,Completed
ORD-00770,CUST-0962,2025-02-14 15:00:00,59.0,0.0,4.72,12.0,75.72,Completed
ORD-00771,CUST-1036,2025-04-13 14:00:00,149.0,0.0,11.92,0.0,160.92,Completed
ORD-00772,CUST-0726,2025-12-04 22:00:00,149.0,29.8,9.54,0.0,128.74,Completed
ORD-00773,CUST-0891,2025-05-15 16:00:00,148.0,0.0,11.84,0.0,159.84,Completed
ORD-00774,CUST-0269,2025-04-14 10:00:00,677.0,67.7,48.74,0.0,658.04,Completed
ORD-00775,CUST-0709,2025-11-29 19:00:00,233.0,23.3,16.78,0.0,226.48,Completed
ORD-00776,CUST-0692,2025-02-03 11:00:00,148.0,0.0,11.84,0.0,159.84,Completed
ORD-00777,CUST-0557,2025-10-18 09:00:00,35.0,5.25,2.38,12.0,44.13,Completed
ORD-00778,CUST-0250,2025-05-24 08:00:00,278.0,41.7,18.9,0.0,255.2,Completed
ORD-00779,CUST-0818,2025-11-12 13:00:00,658.0,0.0,52.64,0.0,710.64,Completed
ORD-00780,CUST-0357,2025-12-04 09:00:00,49.0,0.0,3.92,12.0,64.92,Completed
ORD-00781,CUST-0159,2025-06-05 14:00:00,557.0,111.4,35.65,0.0,481.25,Completed
ORD-00782,CUST-0733,2025-01-31 15:00:00,737.0,0.0,58.96,0.0,795.96,Completed
ORD-00783,CUST-0031,2025-10-07 10:00:00,218.0,21.8,15.7,0.0,211.9,Completed
ORD-00784,CUST-0881,2025-11-14 14:00:00,129.0,0.0,10.32,0.0,139.32,Completed
ORD-00785,CUST-1072,2025-01-20 14:00:00,158.0,15.8,11.38,0.0,153.58,Completed
ORD-00786,CUST-0271,2025-11-13 20:00:00,79.0,15.8,5.06,12.0,80.26,Completed
ORD-00787,CUST-1116,2025-04-10 22:00:00,118.0,23.6,7.55,0.0,101.95,Completed
ORD-00788,CUST-0674,2025-02-11 18:00:00,114.0,0.0,9.12,0.0,123.12,Completed
ORD-00789,CUST-0325,2025-02-01 21:00:00,129.0,19.35,8.77,0.0,118.42,Completed
ORD-00790,CUST-1154,2025-06-14 08:00:00,29.0,4.35,1.97,12.0,38.62,Completed
ORD-00791,CUST-0634,2025-11-01 14:00:00,79.0,11.85,5.37,12.0,84.52,Completed
ORD-00792,CUST-0183,2025-03-25 22:00:00,599.0,89.85,40.73,0.0,549.88,Completed
ORD-00793,CUST-0068,2025-03-23 13:00:00,79.0,11.85,5.37,12.0,84.52,Completed
ORD-00794,CUST-1158,2025-03-30 15:00:00,35.0,5.25,2.38,12.0,44.13,Completed
ORD-00795,CUST-0282,2025-10-15 13:00:00,79.0,0.0,6.32,12.0,97.32,Completed
ORD-00796,CUST-0368,2025-01-20 16:00:00,198.0,29.7,13.46,0.0,181.76,Completed
ORD-00797,CUST-0594,2025-11-14 21:00:00,158.0,0.0,12.64,0.0,170.64,Completed
ORD-00798,CUST-0848,2025-03-20 13:00:00,158.0,0.0,12.64,0.0,170.64,Completed
ORD-00799,CUST-0626,2025-11-06 22:00:00,158.0,15.8,11.38,0.0,153.58,Completed
ORD-00800,CUST-1178,2025-07-29 12:00:00,64.0,0.0,5.12,12.0,81.12,Completed
ORD-00801,CUST-0673,2025-04-08 19:00:00,168.0,25.2,11.42,0.0,154.22,Completed
ORD-00802,CUST-0205,2025-01-10 22:00:00,149.0,29.8,9.54,0.0,128.74,Completed
ORD-00803,CUST-0089,2025-06-17 13:00:00,208.0,20.8,14.98,0.0,202.18,Completed
ORD-00804,CUST-0258,2025-01-12 12:00:00,478.0,0.0,38.24,0.0,516.24,Completed
ORD-00805,CUST-0057,2025-05-21 10:00:00,59.0,11.8,3.78,12.0,62.98,Completed
ORD-00806,CUST-0730,2025-12-15 11:00:00,35.0,7.0,2.24,12.0,42.24,Completed
ORD-00807,CUST-0005,2025-10-06 22:00:00,177.0,35.4,11.33,0.0,152.93,Completed
ORD-00808,CUST-0454,2025-04-04 16:00:00,89.0,8.9,6.41,12.0,98.51,Completed
ORD-00809,CUST-0391,2025-03-22 22:00:00,69.0,0.0,5.52,12.0,86.52,Completed
ORD-00810,CUST-0376,2025-04-11 09:00:00,128.0,25.6,8.19,0.0,110.59,Completed
ORD-00811,CUST-1107,2025-01-17 16:00:00,148.0,0.0,11.84,0.0,159.84,Completed
ORD-00812,CUST-0103,2025-02-10 15:00:00,69.0,0.0,5.52,12.0,86.52,Completed
ORD-00813,CUST-0619,2025-05-18 10:00:00,158.0,15.8,11.38,0.0,153.58,Completed
ORD-00814,CUST-0332,2025-11-09 12:00:00,149.0,0.0,11.92,0.0,160.92,Completed
ORD-00815,CUST-0690,2025-03-23 11:00:00,767.0,0.0,61.36,0.0,828.36,Completed
ORD-00816,CUST-0221,2025-01-24 08:00:00,59.0,0.0,4.72,12.0,75.72,Completed
ORD-00817,CUST-0877,2025-07-06 22:00:00,59.0,0.0,4.72,12.0,75.72,Completed
ORD-00818,CUST-0712,2025-06-11 11:00:00,35.0,0.0,2.8,12.0,49.8,Completed
ORD-00819,CUST-0115,2025-03-15 19:00:00,59.0,0.0,4.72,12.0,75.72,Completed
ORD-00820,CUST-0444,2025-03-03 10:00:00,79.0,0.0,6.32,12.0,97.32,Completed
ORD-00821,CUST-0187,2025-03-11 18:00:00,79.0,15.8,5.06,12.0,80.26,Completed
ORD-00822,CUST-0531,2025-12-19 19:00:00,35.0,5.25,2.38,12.0,44.13,Completed
ORD-00823,CUST-0534,2025-12-01 22:00:00,29.0,5.8,1.86,12.0,37.06,Completed
ORD-00824,CUST-0316,2025-08-29 18:00:00,349.0,0.0,27.92,0.0,376.92,Completed
ORD-00825,CUST-0649,2025-12-11 14:00:00,138.0,13.8,9.94,0.0,134.14,Completed
ORD-00826,CUST-0507,2025-03-29 17:00:00,349.0,0.0,27.92,0.0,376.92,Completed
ORD-00827,CUST-0245,2025-11-22 11:00:00,49.0,0.0,3.92,12.0,64.92,Completed
ORD-00828,CUST-0152,2025-02-10 12:00:00,89.0,13.35,6.05,12.0,93.7,Completed
ORD-00829,CUST-0213,2025-12-06 19:00:00,79.0,0.0,6.32,12.0,97.32,Completed
ORD-00830,CUST-1012,2025-03-10 22:00:00,207.0,31.05,14.08,0.0,190.03,Completed
ORD-00831,CUST-0593,2025-02-03 10:00:00,217.0,21.7,15.62,0.0,210.92,Completed
ORD-00832,CUST-0400,2025-01-01 19:00:00,69.0,0.0,5.52,12.0,86.52,Completed
ORD-00833,CUST-0907,2025-01-10 12:00:00,158.0,0.0,12.64,0.0,170.64,Completed
ORD-00834,CUST-0025,2025-01-20 08:00:00,129.0,19.35,8.77,0.0,118.42,Completed
ORD-00835,CUST-0147,2025-05-27 20:00:00,98.0,19.6,6.27,12.0,96.67,Completed
ORD-00836,CUST-0875,2025-03-11 22:00:00,69.0,13.8,4.42,12.0,71.62,Completed
ORD-00837,CUST-0972,2025-03-11 22:00:00,698.0,104.7,47.46,0.0,640.76,Completed
ORD-00838,CUST-1112,2025-11-28 08:00:00,98.0,9.8,7.06,12.0,107.26,Completed
ORD-00839,CUST-0586,2025-06-10 11:00:00,35.0,7.0,2.24,12.0,42.24,Completed
ORD-00840,CUST-0477,2025-11-12 19:00:00,79.0,7.9,5.69,12.0,88.79,Completed
ORD-00841,CUST-0088,2025-01-31 18:00:00,599.0,89.85,40.73,0.0,549.88,Completed
ORD-00842,CUST-0199,2025-01-24 18:00:00,648.0,64.8,46.66,0.0,629.86,Completed
ORD-00843,CUST-0322,2025-01-21 21:00:00,428.0,0.0,34.24,0.0,462.24,Completed
ORD-00844,CUST-0763,2025-11-04 14:00:00,599.0,0.0,47.92,0.0,646.92,Completed
ORD-00845,CUST-1088,2025-12-24 08:00:00,69.0,0.0,5.52,12.0,86.52,Completed
ORD-00846,CUST-0088,2025-04-01 17:00:00,29.0,0.0,2.32,12.0,43.32,Completed
ORD-00847,CUST-0643,2025-11-10 14:00:00,69.0,0.0,5.52,12.0,86.52,Completed
ORD-00848,CUST-0892,2025-04-22 12:00:00,149.0,0.0,11.92,0.0,160.92,Completed
ORD-00849,CUST-0894,2025-04-02 09:00:00,69.0,0.0,5.52,12.0,86.52,Completed
ORD-00850,CUST-0094,2025-12-06 16:00:00,49.0,0.0,3.92,12.0,64.92,Completed
ORD-00851,CUST-0185,2025-12-18 10:00:00,158.0,23.7,10.74,0.0,145.04,Completed
ORD-00852,CUST-1179,2025-01-20 16:00:00,49.0,0.0,3.92,12.0,64.92,Completed
ORD-00853,CUST-0450,2025-08-05 14:00:00,648.0,0.0,51.84,0.0,699.84,Completed
ORD-00854,CUST-0403,2025-10-04 13:00:00,178.0,0.0,14.24,0.0,192.24,Completed
ORD-00855,CUST-0008,2025-01-30 20:00:00,147.0,14.7,10.58,0.0,142.88,Completed
ORD-00856,CUST-0856,2025-11-12 10:00:00,129.0,0.0,10.32,0.0,139.32,Completed
ORD-00857,CUST-0886,2025-10-28 22:00:00,327.0,65.4,20.93,0.0,282.53,Completed
ORD-00858,CUST-0418,2025-10-27 22:00:00,698.0,139.6,44.67,0.0,603.07,Completed
ORD-00859,CUST-0363,2025-01-25 14:00:00,349.0,0.0,27.92,0.0,376.92,Completed
ORD-00860,CUST-0389,2025-11-30 11:00:00,35.0,3.5,2.52,12.0,46.02,Completed
ORD-00861,CUST-0716,2025-08-25 19:00:00,98.0,0.0,7.84,12.0,117.84,Completed
ORD-00862,CUST-0041,2025-11-01 14:00:00,35.0,3.5,2.52,12.0,46.02,Completed
ORD-00863,CUST-0013,2025-12-23 09:00:00,349.0,69.8,22.34,0.0,301.54,Completed
ORD-00864,CUST-0911,2025-03-01 15:00:00,158.0,0.0,12.64,0.0,170.64,Completed
ORD-00865,CUST-0506,2025-06-06 18:00:00,35.0,3.5,2.52,12.0,46.02,Completed
ORD-00866,CUST-0801,2025-11-04 14:00:00,79.0,0.0,6.32,12.0,97.32,Completed
ORD-00867,CUST-0284,2025-03-20 17:00:00,149.0,14.9,10.73,0.0,144.83,Completed
ORD-00868,CUST-0559,2025-02-07 19:00:00,79.0,11.85,5.37,12.0,84.52,Completed
ORD-00869,CUST-0974,2025-12-16 14:00:00,59.0,11.8,3.78,12.0,62.98,Completed
ORD-00870,CUST-0993,2025-02-14 20:00:00,128.0,19.2,8.7,0.0,117.5,Completed
ORD-00871,CUST-0831,2025-12-02 20:00:00,418.0,83.6,26.75,0.0,361.15,Completed
ORD-00872,CUST-1063,2025-06-25 11:00:00,78.0,0.0,6.24,12.0,96.24,Completed
ORD-00873,CUST-1197,2025-06-02 13:00:00,184.0,0.0,14.72,0.0,198.72,Completed
ORD-00874,CUST-0670,2025-03-02 21:00:00,298.0,0.0,23.84,0.0,321.84,Completed
ORD-00875,CUST-0081,2025-06-19 17:00:00,69.0,10.35,4.69,12.0,75.34,Completed
ORD-00876,CUST-0735,2025-03-01 16:00:00,35.0,5.25,2.38,12.0,44.13,Completed
ORD-00877,CUST-0989,2025-12-25 11:00:00,98.0,14.7,6.66,12.0,101.96,Completed
ORD-00878,CUST-0852,2025-05-02 08:00:00,737.0,0.0,58.96,0.0,795.96,Completed
ORD-00879,CUST-0800,2025-07-26 09:00:00,79.0,0.0,6.32,12.0,97.32,Completed
ORD-00880,CUST-0199,2025-12-02 21:00:00,233.0,0.0,18.64,0.0,251.64,Completed
ORD-00881,CUST-0243,2025-03-27 22:00:00,948.0,142.2,64.46,0.0,870.26,Completed
ORD-00882,CUST-0252,2025-06-02 12:00:00,158.0,31.6,10.11,0.0,136.51,Completed
ORD-00883,CUST-0992,2025-06-11 16:00:00,228.0,22.8,16.42,0.0,221.62,Completed
ORD-00884,CUST-0259,2025-06-23 17:00:00,129.0,12.9,9.29,0.0,125.39,Completed
ORD-00885,CUST-0371,2025-01-31 11:00:00,153.0,30.6,9.79,0.0,132.19,Completed
ORD-00886,CUST-0797,2025-06-27 20:00:00,89.0,13.35,6.05,12.0,93.7,Completed
ORD-00887,CUST-0350,2025-04-04 11:00:00,218.0,0.0,17.44,0.0,235.44,Completed
ORD-00888,CUST-0341,2025-11-02 08:00:00,427.0,0.0,34.16,0.0,461.16,Completed
ORD-00889,CUST-0140,2025-08-30 11:00:00,149.0,0.0,11.92,0.0,160.92,Completed
ORD-00890,CUST-0555,2025-12-05 17:00:00,108.0,16.2,7.34,0.0,99.14,Completed
ORD-00891,CUST-0349,2025-05-23 19:00:00,29.0,4.35,1.97,12.0,38.62,Completed
ORD-00892,CUST-0173,2025-01-31 22:00:00,35.0,5.25,2.38,12.0,44.13,Completed
ORD-00893,CUST-0190,2025-10-20 12:00:00,89.0,8.9,6.41,12.0,98.51,Completed
ORD-00894,CUST-0610,2025-12-08 09:00:00,49.0,9.8,3.14,12.0,54.34,Completed
ORD-00895,CUST-0409,2025-12-03 08:00:00,29.0,2.9,2.09,12.0,40.19,Completed
ORD-00896,CUST-0400,2025-03-27 09:00:00,124.0,12.4,8.93,0.0,120.53,Completed
ORD-00897,CUST-0875,2025-09-20 15:00:00,378.0,0.0,30.24,0.0,408.24,Completed
ORD-00898,CUST-1113,2025-01-28 21:00:00,79.0,11.85,5.37,12.0,84.52,Completed
ORD-00899,CUST-0372,2025-06-10 13:00:00,79.0,15.8,5.06,12.0,80.26,Completed
ORD-00900,CUST-1049,2025-11-26 13:00:00,138.0,27.6,8.83,0.0,119.23,Completed
ORD-00901,CUST-0180,2025-08-15 19:00:00,129.0,0.0,10.32,0.0,139.32,Completed
ORD-00902,CUST-0134,2025-04-25 11:00:00,138.0,0.0,11.04,0.0,149.04,Completed
ORD-00903,CUST-0881,2025-05-18 17:00:00,599.0,0.0,47.92,0.0,646.92,Completed
ORD-00904,CUST-0099,2025-12-11 15:00:00,89.0,13.35,6.05,12.0,93.7,Completed
ORD-00905,CUST-0336,2025-02-13 17:00:00,118.0,17.7,8.02,0.0,108.32,Completed
ORD-00906,CUST-1054,2025-06-02 17:00:00,58.0,0.0,4.64,12.0,74.64,Completed
ORD-00907,CUST-0760,2025-09-09 13:00:00,29.0,0.0,2.32,12.0,43.32,Completed
ORD-00908,CUST-0106,2025-02-07 19:00:00,70.0,0.0,5.6,12.0,87.6,Completed
ORD-00909,CUST-0282,2025-12-02 18:00:00,457.0,68.55,31.08,0.0,419.53,Completed
ORD-00910,CUST-0538,2025-02-20 20:00:00,347.0,0.0,27.76,0.0,374.76,Completed
ORD-00911,CUST-1072,2025-09-25 09:00:00,89.0,0.0,7.12,12.0,108.12,Completed
ORD-00912,CUST-0430,2025-06-11 21:00:00,89.0,17.8,5.7,12.0,88.9,Completed
ORD-00913,CUST-1104,2025-06-20 08:00:00,228.0,22.8,16.42,0.0,221.62,Completed
ORD-00914,CUST-0216,2025-11-23 13:00:00,258.0,25.8,18.58,0.0,250.78,Completed
ORD-00915,CUST-0453,2025-07-11 09:00:00,599.0,0.0,47.92,0.0,646.92,Completed
ORD-00916,CUST-0952,2025-01-07 20:00:00,948.0,0.0,75.84,0.0,1023.84,Completed
ORD-00917,CUST-1198,2025-04-04 10:00:00,70.0,10.5,4.76,12.0,76.26,Completed
ORD-00918,CUST-0249,2025-10-03 17:00:00,137.0,0.0,10.96,0.0,147.96,Completed
ORD-00919,CUST-0088,2025-01-18 12:00:00,218.0,43.6,13.95,0.0,188.35,Completed
ORD-00920,CUST-0422,2025-10-09 22:00:00,108.0,16.2,7.34,0.0,99.14,Completed
ORD-00921,CUST-0496,2025-01-31 19:00:00,129.0,0.0,10.32,0.0,139.32,Completed
ORD-00922,CUST-0598,2025-03-06 18:00:00,168.0,25.2,11.42,0.0,154.22,Completed
ORD-00923,CUST-0237,2025-05-30 14:00:00,118.0,0.0,9.44,0.0,127.44,Completed
ORD-00924,CUST-0325,2025-11-11 14:00:00,89.0,0.0,7.12,12.0,108.12,Completed
ORD-00925,CUST-0774,2025-05-12 09:00:00,217.0,0.0,17.36,0.0,234.36,Completed
ORD-00926,CUST-0420,2025-06-10 21:00:00,158.0,0.0,12.64,0.0,170.64,Completed
ORD-00927,CUST-0387,2025-11-20 10:00:00,149.0,14.9,10.73,0.0,144.83,Completed
ORD-00928,CUST-0865,2025-11-26 12:00:00,69.0,6.9,4.97,12.0,79.07,Completed
ORD-00929,CUST-0650,2025-01-12 17:00:00,59.0,0.0,4.72,12.0,75.72,Completed
ORD-00930,CUST-0008,2025-04-02 16:00:00,186.0,18.6,13.39,0.0,180.79,Completed
ORD-00931,CUST-0674,2025-10-09 21:00:00,138.0,0.0,11.04,0.0,149.04,Completed
ORD-00932,CUST-0871,2025-10-14 09:00:00,1267.0,0.0,101.36,0.0,1368.36,Completed
ORD-00933,CUST-1032,2025-02-03 16:00:00,35.0,0.0,2.8,12.0,49.8,Completed
ORD-00934,CUST-1049,2025-03-14 14:00:00,658.0,0.0,52.64,0.0,710.64,Completed
ORD-00935,CUST-0026,2025-02-01 11:00:00,748.0,112.2,50.86,0.0,686.66,Completed
ORD-00936,CUST-0542,2025-01-21 22:00:00,298.0,0.0,23.84,0.0,321.84,Completed
ORD-00937,CUST-0477,2025-11-09 08:00:00,149.0,0.0,11.92,0.0,160.92,Completed
ORD-00938,CUST-0573,2025-02-10 19:00:00,79.0,11.85,5.37,12.0,84.52,Completed
ORD-00939,CUST-0761,2025-05-03 21:00:00,79.0,0.0,6.32,12.0,97.32,Completed
ORD-00940,CUST-0296,2025-06-18 15:00:00,49.0,4.9,3.53,12.0,59.63,Completed
ORD-00941,CUST-0799,2025-10-22 14:00:00,79.0,0.0,6.32,12.0,97.32,Completed
ORD-00942,CUST-1016,2025-03-15 10:00:00,49.0,0.0,3.92,12.0,64.92,Completed
ORD-00943,CUST-0439,2025-01-16 16:00:00,89.0,17.8,5.7,12.0,88.9,Completed
ORD-00944,CUST-0204,2025-03-04 15:00:00,49.0,0.0,3.92,12.0,64.92,Completed
ORD-00945,CUST-0311,2025-01-17 17:00:00,307.0,0.0,24.56,0.0,331.56,Completed
ORD-00946,CUST-0278,2025-05-27 14:00:00,599.0,119.8,38.34,0.0,517.54,Completed
ORD-00947,CUST-0642,2025-02-10 11:00:00,648.0,129.6,41.47,0.0,559.87,Completed
ORD-00948,CUST-0184,2025-02-07 10:00:00,129.0,25.8,8.26,0.0,111.46,Completed
ORD-00949,CUST-0155,2025-10-10 10:00:00,148.0,29.6,9.47,0.0,127.87,Completed
ORD-00950,CUST-0228,2025-11-24 15:00:00,129.0,12.9,9.29,0.0,125.39,Completed
ORD-00951,CUST-0462,2025-05-31 21:00:00,35.0,0.0,2.8,12.0,49.8,Completed
ORD-00952,CUST-0296,2025-04-07 12:00:00,98.0,0.0,7.84,12.0,117.84,Completed
ORD-00953,CUST-1195,2025-10-31 22:00:00,35.0,5.25,2.38,12.0,44.13,Completed
ORD-00954,CUST-0647,2025-03-31 14:00:00,69.0,0.0,5.52,12.0,86.52,Completed
ORD-00955,CUST-0275,2025-06-28 13:00:00,599.0,0.0,47.92,0.0,646.92,Completed
ORD-00956,CUST-1178,2025-06-18 17:00:00,129.0,25.8,8.26,0.0,111.46,Completed
ORD-00957,CUST-0585,2025-10-02 22:00:00,29.0,0.0,2.32,12.0,43.32,Completed
ORD-00958,CUST-0260,2025-10-04 22:00:00,69.0,10.35,4.69,12.0,75.34,Completed
ORD-00959,CUST-0049,2025-03-29 21:00:00,698.0,0.0,55.84,0.0,753.84,Completed
ORD-00960,CUST-1172,2025-06-23 21:00:00,129.0,0.0,10.32,0.0,139.32,Completed
ORD-00961,CUST-0827,2025-12-02 14:00:00,89.0,8.9,6.41,12.0,98.51,Completed
ORD-00962,CUST-0571,2025-12-17 12:00:00,149.0,29.8,9.54,0.0,128.74,Completed
ORD-00963,CUST-0653,2025-03-10 19:00:00,386.0,38.6,27.79,0.0,375.19,Completed
ORD-00964,CUST-0447,2025-01-11 16:00:00,178.0,0.0,14.24,0.0,192.24,Completed
ORD-00965,CUST-0007,2025-11-25 09:00:00,599.0,0.0,47.92,0.0,646.92,Completed
ORD-00966,CUST-0788,2025-03-16 10:00:00,206.0,0.0,16.48,0.0,222.48,Completed
ORD-00967,CUST-0796,2025-06-03 16:00:00,158.0,15.8,11.38,0.0,153.58,Completed
ORD-00968,CUST-0084,2025-12-22 12:00:00,129.0,0.0,10.32,0.0,139.32,Completed
ORD-00969,CUST-0501,2025-02-12 22:00:00,349.0,0.0,27.92,0.0,376.92,Completed
ORD-00970,CUST-1138,2025-06-05 16:00:00,817.0,0.0,65.36,0.0,882.36,Completed
ORD-00971,CUST-0141,2025-05-30 12:00:00,258.0,38.7,17.54,0.0,236.84,Completed
ORD-00972,CUST-0581,2025-06-09 14:00:00,599.0,59.9,43.13,0.0,582.23,Completed
ORD-00973,CUST-0547,2025-01-09 20:00:00,349.0,0.0,27.92,0.0,376.92,Completed
ORD-00974,CUST-0312,2025-12-01 11:00:00,138.0,0.0,11.04,0.0,149.04,Completed
ORD-00975,CUST-0306,2025-07-20 10:00:00,349.0,0.0,27.92,0.0,376.92,Completed
ORD-00976,CUST-0666,2025-08-28 11:00:00,89.0,0.0,7.12,12.0,108.12,Completed
ORD-00977,CUST-0328,2025-04-24 13:00:00,149.0,0.0,11.92,0.0,160.92,Completed
ORD-00978,CUST-1147,2025-10-10 19:00:00,258.0,0.0,20.64,0.0,278.64,Completed
ORD-00979,CUST-0362,2025-06-17 13:00:00,607.0,0.0,48.56,0.0,655.56,Completed
ORD-00980,CUST-0355,2025-06-11 14:00:00,89.0,17.8,5.7,12.0,88.9,Completed
ORD-00981,CUST-0178,2025-03-13 22:00:00,35.0,5.25,2.38,12.0,44.13,Completed
ORD-00982,CUST-0184,2025-06-18 19:00:00,49.0,7.35,3.33,12.0,56.98,Completed
ORD-00983,CUST-0460,2025-05-13 12:00:00,104.0,0.0,8.32,0.0,112.32,Completed
ORD-00984,CUST-0901,2025-04-10 12:00:00,948.0,0.0,75.84,0.0,1023.84,Completed
ORD-00985,CUST-0750,2025-03-20 15:00:00,129.0,25.8,8.26,0.0,111.46,Completed
ORD-00986,CUST-1096,2025-05-21 19:00:00,59.0,5.9,4.25,12.0,69.35,Completed
ORD-00987,CUST-0808,2025-02-11 14:00:00,158.0,31.6,10.11,0.0,136.51,Completed
ORD-00988,CUST-0313,2025-05-22 09:00:00,187.0,0.0,14.96,0.0,201.96,Completed
ORD-00989,CUST-0553,2025-05-31 15:00:00,678.0,0.0,54.24,0.0,732.24,Completed
ORD-00990,CUST-0075,2025-02-11 12:00:00,138.0,13.8,9.94,0.0,134.14,Completed
ORD-00991,CUST-0482,2025-05-28 12:00:00,258.0,51.6,16.51,0.0,222.91,Completed
ORD-00992,CUST-1122,2025-01-19 09:00:00,69.0,10.35,4.69,12.0,75.34,Completed
ORD-00993,CUST-0336,2025-12-01 08:00:00,118.0,0.0,9.44,0.0,127.44,Completed
ORD-00994,CUST-0208,2025-12-21 20:00:00,149.0,0.0,11.92,0.0,160.92,Completed
ORD-00995,CUST-0879,2025-03-22 18:00:00,78.0,11.7,5.3,12.0,83.6,Completed
ORD-00996,CUST-0860,2025-10-26 12:00:00,698.0,69.8,50.26,0.0,678.46,Completed
ORD-00997,CUST-0187,2025-06-03 11:00:00,498.0,99.6,31.87,0.0,430.27,Completed
ORD-00998,CUST-0105,2025-12-17 08:00:00,349.0,69.8,22.34,0.0,301.54,Completed
ORD-00999,CUST-0109,2025-04-14 10:00:00,79.0,0.0,6.32,12.0,97.32,Completed
ORD-01000,CUST-0102,2025-05-17 08:00:00,487.0,97.4,31.17,0.0,420.77,Completed
ORD-01001,CUST-1137,2025-02-03 22:00:00,713.0,106.95,48.48,0.0,654.53,Completed
ORD-01002,CUST-0956,2025-06-18 21:00:00,349.0,0.0,27.92,0.0,376.92,Completed
ORD-01003,CUST-0897,2025-06-17 10:00:00,118.0,23.6,7.55,0.0,101.95,Completed
ORD-01004,CUST-1071,2025-08-30 10:00:00,89.0,0.0,7.12,12.0,108.12,Completed
ORD-01005,CUST-0851,2025-02-14 19:00:00,79.0,7.9,5.69,12.0,88.79,Completed
ORD-01006,CUST-0266,2025-12-13 17:00:00,59.0,0.0,4.72,12.0,75.72,Completed
ORD-01007,CUST-1097,2025-05-29 08:00:00,407.0,61.05,27.68,0.0,373.63,Completed
ORD-01008,CUST-1121,2025-12-13 20:00:00,29.0,2.9,2.09,12.0,40.19,Completed
ORD-01009,CUST-0527,2025-05-27 20:00:00,149.0,0.0,11.92,0.0,160.92,Completed
ORD-01010,CUST-0801,2025-11-08 18:00:00,59.0,11.8,3.78,12.0,62.98,Completed
ORD-01011,CUST-0041,2025-11-13 18:00:00,79.0,7.9,5.69,12.0,88.79,Completed
ORD-01012,CUST-1184,2025-07-06 19:00:00,349.0,0.0,27.92,0.0,376.92,Completed
ORD-01013,CUST-0611,2025-07-18 09:00:00,89.0,0.0,7.12,12.0,108.12,Completed
ORD-01014,CUST-1071,2025-03-22 12:00:00,747.0,0.0,59.76,0.0,806.76,Completed
ORD-01015,CUST-1184,2025-12-08 16:00:00,599.0,0.0,47.92,0.0,646.92,Completed
ORD-01016,CUST-0871,2025-01-10 13:00:00,349.0,0.0,27.92,0.0,376.92,Completed
ORD-01017,CUST-0773,2025-06-29 16:00:00,307.0,46.05,20.88,0.0,281.83,Completed
ORD-01018,CUST-0477,2025-01-15 08:00:00,698.0,104.7,47.46,0.0,640.76,Completed
ORD-01019,CUST-1022,2025-04-01 16:00:00,428.0,64.2,29.1,0.0,392.9,Completed
ORD-01020,CUST-0228,2025-02-07 22:00:00,349.0,52.35,23.73,0.0,320.38,Completed
ORD-01021,CUST-1153,2025-01-31 13:00:00,35.0,7.0,2.24,12.0,42.24,Completed
ORD-01022,CUST-0330,2025-10-02 10:00:00,49.0,7.35,3.33,12.0,56.98,Completed
ORD-01023,CUST-0574,2025-10-30 10:00:00,59.0,11.8,3.78,12.0,62.98,Completed
ORD-01024,CUST-0417,2025-12-19 09:00:00,69.0,13.8,4.42,12.0,71.62,Completed
ORD-01025,CUST-1089,2025-04-28 15:00:00,138.0,0.0,11.04,0.0,149.04,Completed
ORD-01026,CUST-1086,2025-03-29 12:00:00,108.0,21.6,6.91,0.0,93.31,Completed
ORD-01027,CUST-0103,2025-03-22 12:00:00,407.0,61.05,27.68,0.0,373.63,Completed
ORD-01028,CUST-0094,2025-10-17 10:00:00,129.0,12.9,9.29,0.0,125.39,Completed
ORD-01029,CUST-0980,2025-12-28 11:00:00,129.0,0.0,10.32,0.0,139.32,Completed
ORD-01030,CUST-0284,2025-03-14 22:00:00,29.0,0.0,2.32,12.0,43.32,Completed
ORD-01031,CUST-0833,2025-12-22 08:00:00,297.0,0.0,23.76,0.0,320.76,Completed
ORD-01032,CUST-0482,2025-05-16 18:00:00,287.0,43.05,19.52,0.0,263.47,Completed
ORD-01033,CUST-0921,2025-05-15 13:00:00,128.0,25.6,8.19,0.0,110.59,Completed
ORD-01034,CUST-1025,2025-11-01 19:00:00,149.0,0.0,11.92,0.0,160.92,Completed
ORD-01035,CUST-0057,2025-12-06 10:00:00,129.0,12.9,9.29,0.0,125.39,Completed
ORD-01036,CUST-0933,2025-04-03 08:00:00,59.0,0.0,4.72,12.0,75.72,Completed
ORD-01037,CUST-0154,2025-07-09 18:00:00,698.0,0.0,55.84,0.0,753.84,Completed
ORD-01038,CUST-0219,2025-01-28 10:00:00,69.0,13.8,4.42,12.0,71.62,Completed
ORD-01039,CUST-1182,2025-02-02 10:00:00,1277.0,127.7,91.94,0.0,1241.24,Completed
ORD-01040,CUST-0384,2025-03-27 17:00:00,69.0,13.8,4.42,12.0,71.62,Completed
ORD-01041,CUST-0551,2025-01-13 14:00:00,349.0,0.0,27.92,0.0,376.92,Completed
ORD-01042,CUST-0443,2025-02-11 14:00:00,114.0,0.0,9.12,0.0,123.12,Completed
ORD-01043,CUST-1195,2025-03-27 21:00:00,69.0,6.9,4.97,12.0,79.07,Completed
ORD-01044,CUST-0232,2025-08-14 10:00:00,347.0,0.0,27.76,0.0,374.76,Completed
ORD-01045,CUST-0456,2025-01-17 19:00:00,217.0,0.0,17.36,0.0,234.36,Completed
ORD-01046,CUST-1127,2025-12-04 19:00:00,298.0,59.6,19.07,0.0,257.47,Completed
ORD-01047,CUST-0370,2025-01-20 22:00:00,79.0,11.85,5.37,12.0,84.52,Completed
ORD-01048,CUST-1154,2025-01-31 10:00:00,188.0,0.0,15.04,0.0,203.04,Completed
ORD-01049,CUST-0930,2025-10-11 18:00:00,89.0,0.0,7.12,12.0,108.12,Completed
ORD-01050,CUST-0543,2025-12-13 08:00:00,29.0,0.0,2.32,12.0,43.32,Completed
ORD-01051,CUST-0858,2025-07-06 20:00:00,599.0,0.0,47.92,0.0,646.92,Completed
ORD-01052,CUST-0212,2025-04-08 08:00:00,79.0,11.85,5.37,12.0,84.52,Completed
ORD-01053,CUST-0488,2025-05-31 16:00:00,298.0,44.7,20.26,0.0,273.56,Completed
ORD-01054,CUST-0395,2025-03-01 10:00:00,158.0,23.7,10.74,0.0,145.04,Completed
ORD-01055,CUST-0705,2025-01-31 09:00:00,747.0,0.0,59.76,0.0,806.76,Completed
ORD-01056,CUST-1136,2025-05-26 19:00:00,227.0,0.0,18.16,0.0,245.16,Completed
ORD-01057,CUST-0505,2025-04-07 14:00:00,79.0,7.9,5.69,12.0,88.79,Completed
ORD-01058,CUST-0251,2025-06-01 09:00:00,79.0,15.8,5.06,12.0,80.26,Completed
ORD-01059,CUST-0642,2025-11-10 17:00:00,936.0,0.0,74.88,0.0,1010.88,Completed
ORD-01060,CUST-0942,2025-06-01 10:00:00,357.0,35.7,25.7,0.0,347.0,Completed
ORD-01061,CUST-0918,2025-01-18 10:00:00,49.0,9.8,3.14,12.0,54.34,Completed
ORD-01062,CUST-0763,2025-10-09 14:00:00,149.0,29.8,9.54,0.0,128.74,Completed
ORD-01063,CUST-0516,2025-04-14 08:00:00,59.0,5.9,4.25,12.0,69.35,Completed
ORD-01064,CUST-0055,2025-11-30 18:00:00,297.0,44.55,20.2,0.0,272.65,Completed
ORD-01065,CUST-0472,2025-07-01 08:00:00,149.0,0.0,11.92,0.0,160.92,Completed
ORD-01066,CUST-0216,2025-02-12 21:00:00,79.0,7.9,5.69,12.0,88.79,Completed
ORD-01067,CUST-0535,2025-03-24 19:00:00,149.0,0.0,11.92,0.0,160.92,Completed
ORD-01068,CUST-1028,2025-06-24 20:00:00,656.0,131.2,41.98,0.0,566.78,Completed
ORD-01069,CUST-1009,2025-11-10 14:00:00,178.0,17.8,12.82,0.0,173.02,Completed
ORD-01070,CUST-1144,2025-02-01 21:00:00,59.0,8.85,4.01,12.0,66.16,Completed
ORD-01071,CUST-0888,2025-12-11 18:00:00,108.0,10.8,7.78,0.0,104.98,Completed
ORD-01072,CUST-0657,2025-10-09 14:00:00,29.0,5.8,1.86,12.0,37.06,Completed
ORD-01073,CUST-0257,2025-03-24 12:00:00,79.0,0.0,6.32,12.0,97.32,Completed
ORD-01074,CUST-1200,2025-11-30 10:00:00,349.0,52.35,23.73,0.0,320.38,Completed
ORD-01075,CUST-0831,2025-06-12 10:00:00,79.0,7.9,5.69,12.0,88.79,Completed
ORD-01076,CUST-0027,2025-03-11 11:00:00,79.0,0.0,6.32,12.0,97.32,Completed
ORD-01077,CUST-0028,2025-10-26 10:00:00,129.0,19.35,8.77,0.0,118.42,Completed
ORD-01078,CUST-0108,2025-07-04 14:00:00,59.0,0.0,4.72,12.0,75.72,Completed
ORD-01079,CUST-0081,2025-04-09 09:00:00,428.0,42.8,30.82,0.0,416.02,Completed
ORD-01080,CUST-1104,2025-03-11 12:00:00,79.0,0.0,6.32,12.0,97.32,Completed
ORD-01081,CUST-0096,2025-02-12 10:00:00,599.0,89.85,40.73,0.0,549.88,Completed
ORD-01082,CUST-0820,2025-10-04 15:00:00,89.0,13.35,6.05,12.0,93.7,Completed
ORD-01083,CUST-0022,2025-05-29 15:00:00,129.0,25.8,8.26,0.0,111.46,Completed
ORD-01084,CUST-0301,2025-12-11 09:00:00,696.0,0.0,55.68,0.0,751.68,Completed
ORD-01085,CUST-0580,2025-08-11 12:00:00,208.0,0.0,16.64,0.0,224.64,Completed
ORD-01086,CUST-0239,2025-04-11 15:00:00,70.0,0.0,5.6,12.0,87.6,Completed
ORD-01087,CUST-1072,2025-10-03 14:00:00,69.0,6.9,4.97,12.0,79.07,Completed
ORD-01088,CUST-0093,2025-08-08 20:00:00,79.0,0.0,6.32,12.0,97.32,Completed
ORD-01089,CUST-1128,2025-02-10 17:00:00,149.0,14.9,10.73,0.0,144.83,Completed
ORD-01090,CUST-0085,2025-05-27 16:00:00,69.0,0.0,5.52,12.0,86.52,Completed
ORD-01091,CUST-1017,2025-06-06 14:00:00,158.0,0.0,12.64,0.0,170.64,Completed
ORD-01092,CUST-0339,2025-06-18 13:00:00,149.0,0.0,11.92,0.0,160.92,Completed
ORD-01093,CUST-0576,2025-03-13 16:00:00,767.0,0.0,61.36,0.0,828.36,Completed
ORD-01094,CUST-0695,2025-06-24 22:00:00,627.0,0.0,50.16,0.0,677.16,Completed
ORD-01095,CUST-0067,2025-03-31 16:00:00,69.0,13.8,4.42,12.0,71.62,Completed
ORD-01096,CUST-0193,2025-11-02 22:00:00,599.0,119.8,38.34,0.0,517.54,Completed
ORD-01097,CUST-0169,2025-11-11 21:00:00,198.0,39.6,12.67,0.0,171.07,Completed
ORD-01098,CUST-0479,2025-02-02 18:00:00,378.0,0.0,30.24,0.0,408.24,Completed
ORD-01099,CUST-0123,2025-11-14 10:00:00,29.0,0.0,2.32,12.0,43.32,Completed
ORD-01100,CUST-0931,2025-12-14 08:00:00,129.0,0.0,10.32,0.0,139.32,Completed
ORD-01101,CUST-0467,2025-08-16 12:00:00,89.0,0.0,7.12,12.0,108.12,Completed
ORD-01102,CUST-0812,2025-11-12 11:00:00,408.0,40.8,29.38,0.0,396.58,Completed
ORD-01103,CUST-0862,2025-11-06 18:00:00,678.0,135.6,43.39,0.0,585.79,Completed
ORD-01104,CUST-0674,2025-06-27 17:00:00,89.0,8.9,6.41,12.0,98.51,Completed
ORD-01105,CUST-0624,2025-04-14 16:00:00,188.0,28.2,12.78,0.0,172.58,Completed
ORD-01106,CUST-0045,2025-11-23 12:00:00,59.0,0.0,4.72,12.0,75.72,Completed
ORD-01107,CUST-1149,2025-02-13 21:00:00,658.0,0.0,52.64,0.0,710.64,Completed
ORD-01108,CUST-0143,2025-04-06 22:00:00,658.0,65.8,47.38,0.0,639.58,Completed
ORD-01109,CUST-1043,2025-02-11 18:00:00,29.0,0.0,2.32,12.0,43.32,Completed
ORD-01110,CUST-0662,2025-04-15 20:00:00,599.0,0.0,47.92,0.0,646.92,Completed
ORD-01111,CUST-0631,2025-03-26 17:00:00,89.0,8.9,6.41,12.0,98.51,Completed
ORD-01112,CUST-0179,2025-03-21 12:00:00,1027.0,205.4,65.73,0.0,887.33,Completed
ORD-01113,CUST-0921,2025-11-08 10:00:00,29.0,0.0,2.32,12.0,43.32,Completed
ORD-01114,CUST-0754,2025-12-23 10:00:00,207.0,0.0,16.56,0.0,223.56,Completed
ORD-01115,CUST-0955,2025-02-27 14:00:00,342.0,0.0,27.36,0.0,369.36,Completed
ORD-01116,CUST-0234,2025-11-23 09:00:00,158.0,15.8,11.38,0.0,153.58,Completed
ORD-01117,CUST-1047,2025-01-22 15:00:00,158.0,31.6,10.11,0.0,136.51,Completed
ORD-01118,CUST-0612,2025-01-23 08:00:00,599.0,0.0,47.92,0.0,646.92,Completed
ORD-01119,CUST-0931,2025-04-03 10:00:00,247.0,0.0,19.76,0.0,266.76,Completed
ORD-01120,CUST-0040,2025-12-22 18:00:00,243.0,0.0,19.44,0.0,262.44,Completed
ORD-01121,CUST-0867,2025-12-17 09:00:00,208.0,0.0,16.64,0.0,224.64,Completed
ORD-01122,CUST-1142,2025-03-02 11:00:00,298.0,59.6,19.07,0.0,257.47,Completed
ORD-01123,CUST-0399,2025-06-01 12:00:00,79.0,7.9,5.69,12.0,88.79,Completed
ORD-01124,CUST-0519,2025-12-21 22:00:00,49.0,4.9,3.53,12.0,59.63,Completed
ORD-01125,CUST-0611,2025-05-28 14:00:00,698.0,69.8,50.26,0.0,678.46,Completed
ORD-01126,CUST-0457,2025-03-01 10:00:00,326.0,65.2,20.86,0.0,281.66,Completed
ORD-01127,CUST-0920,2025-05-30 14:00:00,118.0,23.6,7.55,0.0,101.95,Completed
ORD-01128,CUST-0524,2025-02-13 21:00:00,104.0,20.8,6.66,0.0,89.86,Completed
ORD-01129,CUST-0558,2025-09-19 16:00:00,217.0,0.0,17.36,0.0,234.36,Completed
ORD-01130,CUST-0757,2025-10-27 10:00:00,599.0,119.8,38.34,0.0,517.54,Completed
ORD-01131,CUST-1084,2025-11-24 10:00:00,79.0,7.9,5.69,12.0,88.79,Completed
ORD-01132,CUST-0277,2025-05-12 10:00:00,129.0,0.0,10.32,0.0,139.32,Completed
ORD-01133,CUST-0264,2025-10-26 09:00:00,306.0,30.6,22.03,0.0,297.43,Completed
ORD-01134,CUST-1123,2025-06-19 19:00:00,158.0,31.6,10.11,0.0,136.51,Completed
ORD-01135,CUST-0384,2025-10-01 12:00:00,29.0,4.35,1.97,12.0,38.62,Completed
ORD-01136,CUST-0506,2025-04-08 16:00:00,79.0,7.9,5.69,12.0,88.79,Completed
ORD-01137,CUST-0825,2025-01-14 12:00:00,237.0,0.0,18.96,0.0,255.96,Completed
ORD-01138,CUST-0625,2025-12-05 11:00:00,428.0,0.0,34.24,0.0,462.24,Completed
ORD-01139,CUST-0419,2025-12-21 13:00:00,237.0,35.55,16.12,0.0,217.57,Completed
ORD-01140,CUST-0786,2025-03-19 22:00:00,49.0,0.0,3.92,12.0,64.92,Completed
ORD-01141,CUST-1063,2025-05-29 08:00:00,465.0,93.0,29.76,0.0,401.76,Completed
ORD-01142,CUST-0257,2025-10-19 21:00:00,79.0,0.0,6.32,12.0,97.32,Completed
ORD-01143,CUST-0270,2025-02-13 15:00:00,599.0,0.0,47.92,0.0,646.92,Completed
ORD-01144,CUST-0837,2025-12-17 17:00:00,253.0,37.95,17.2,0.0,232.25,Completed
ORD-01145,CUST-1006,2025-03-21 11:00:00,129.0,0.0,10.32,0.0,139.32,Completed
ORD-01146,CUST-0027,2025-11-01 11:00:00,118.0,17.7,8.02,0.0,108.32,Completed
ORD-01147,CUST-0128,2025-02-15 20:00:00,599.0,89.85,40.73,0.0,549.88,Completed
ORD-01148,CUST-1196,2025-01-22 16:00:00,59.0,8.85,4.01,12.0,66.16,Completed
ORD-01149,CUST-0377,2025-06-08 12:00:00,69.0,0.0,5.52,12.0,86.52,Completed
ORD-01150,CUST-0053,2025-12-16 21:00:00,856.0,171.2,54.78,0.0,739.58,Completed
ORD-01151,CUST-0847,2025-11-24 20:00:00,236.0,23.6,16.99,0.0,229.39,Completed
ORD-01152,CUST-1103,2025-01-27 13:00:00,79.0,11.85,5.37,12.0,84.52,Completed
ORD-01153,CUST-1043,2025-06-18 19:00:00,777.0,116.55,52.84,0.0,713.29,Completed
ORD-01154,CUST-0804,2025-04-08 18:00:00,59.0,0.0,4.72,12.0,75.72,Completed
ORD-01155,CUST-0104,2025-12-05 22:00:00,69.0,10.35,4.69,12.0,75.34,Completed
ORD-01156,CUST-0038,2025-05-08 17:00:00,634.0,0.0,50.72,0.0,684.72,Completed
ORD-01157,CUST-0329,2025-01-21 11:00:00,336.0,0.0,26.88,0.0,362.88,Completed
ORD-01158,CUST-0044,2025-12-24 08:00:00,149.0,22.35,10.13,0.0,136.78,Completed
ORD-01159,CUST-0186,2025-07-15 12:00:00,138.0,0.0,11.04,0.0,149.04,Completed
ORD-01160,CUST-0856,2025-01-22 17:00:00,599.0,0.0,47.92,0.0,646.92,Completed
ORD-01161,CUST-0885,2025-12-25 15:00:00,35.0,0.0,2.8,12.0,49.8,Completed
ORD-01162,CUST-1108,2025-12-21 18:00:00,89.0,0.0,7.12,12.0,108.12,Completed
ORD-01163,CUST-0298,2025-07-13 09:00:00,69.0,0.0,5.52,12.0,86.52,Completed
ORD-01164,CUST-1149,2025-03-26 11:00:00,428.0,85.6,27.39,0.0,369.79,Completed
ORD-01165,CUST-0326,2025-05-29 17:00:00,69.0,10.35,4.69,12.0,75.34,Completed
ORD-01166,CUST-0607,2025-02-13 18:00:00,497.0,74.55,33.8,0.0,456.25,Completed
ORD-01167,CUST-0500,2025-11-01 20:00:00,327.0,0.0,26.16,0.0,353.16,Completed
ORD-01168,CUST-0745,2025-01-18 19:00:00,29.0,2.9,2.09,12.0,40.19,Completed
ORD-01169,CUST-0766,2025-12-18 08:00:00,599.0,0.0,47.92,0.0,646.92,Completed
ORD-01170,CUST-0806,2025-10-26 11:00:00,149.0,0.0,11.92,0.0,160.92,Completed
ORD-01171,CUST-0879,2025-02-13 17:00:00,89.0,0.0,7.12,12.0,108.12,Completed
ORD-01172,CUST-0338,2025-04-10 08:00:00,69.0,6.9,4.97,12.0,79.07,Completed
ORD-01173,CUST-0943,2025-10-19 15:00:00,35.0,0.0,2.8,12.0,49.8,Completed
ORD-01174,CUST-0804,2025-12-24 14:00:00,59.0,11.8,3.78,12.0,62.98,Completed
ORD-01175,CUST-0605,2025-06-01 18:00:00,69.0,10.35,4.69,12.0,75.34,Completed
ORD-01176,CUST-0585,2025-04-26 16:00:00,599.0,0.0,47.92,0.0,646.92,Completed
ORD-01177,CUST-0248,2025-11-01 14:00:00,138.0,0.0,11.04,0.0,149.04,Completed
ORD-01178,CUST-0580,2025-07-23 14:00:00,114.0,0.0,9.12,0.0,123.12,Completed
ORD-01179,CUST-1014,2025-10-25 08:00:00,527.0,105.4,33.73,0.0,455.33,Completed
ORD-01180,CUST-0022,2025-03-27 22:00:00,89.0,0.0,7.12,12.0,108.12,Completed
ORD-01181,CUST-0750,2025-01-14 13:00:00,408.0,0.0,32.64,0.0,440.64,Completed
ORD-01182,CUST-0867,2025-01-30 14:00:00,59.0,8.85,4.01,12.0,66.16,Completed
ORD-01183,CUST-0265,2025-05-19 11:00:00,79.0,15.8,5.06,12.0,80.26,Completed
ORD-01184,CUST-0542,2025-07-07 11:00:00,138.0,0.0,11.04,0.0,149.04,Completed
ORD-01185,CUST-0943,2025-02-12 18:00:00,258.0,38.7,17.54,0.0,236.84,Completed
ORD-01186,CUST-0829,2025-10-22 14:00:00,178.0,35.6,11.39,0.0,153.79,Completed
ORD-01187,CUST-0541,2025-12-19 14:00:00,59.0,5.9,4.25,12.0,69.35,Completed
ORD-01188,CUST-0498,2025-12-22 15:00:00,69.0,0.0,5.52,12.0,86.52,Completed
ORD-01189,CUST-0013,2025-02-21 17:00:00,79.0,0.0,6.32,12.0,97.32,Completed
ORD-01190,CUST-1002,2025-03-10 19:00:00,59.0,5.9,4.25,12.0,69.35,Completed
ORD-01191,CUST-0431,2025-10-19 12:00:00,58.0,8.7,3.94,12.0,65.24,Completed
ORD-01192,CUST-0492,2025-07-22 22:00:00,184.0,0.0,14.72,0.0,198.72,Completed
ORD-01193,CUST-0485,2025-03-15 19:00:00,748.0,0.0,59.84,0.0,807.84,Completed
ORD-01194,CUST-0515,2025-01-14 14:00:00,149.0,22.35,10.13,0.0,136.78,Completed
ORD-01195,CUST-0284,2025-06-15 18:00:00,29.0,0.0,2.32,12.0,43.32,Completed
ORD-01196,CUST-0990,2025-05-20 13:00:00,407.0,61.05,27.68,0.0,373.63,Completed
ORD-01197,CUST-0894,2025-11-24 11:00:00,983.0,98.3,70.78,0.0,955.48,Completed
ORD-01198,CUST-0438,2025-03-28 18:00:00,208.0,20.8,14.98,0.0,202.18,Completed
ORD-01199,CUST-0155,2025-11-22 14:00:00,756.0,113.4,51.41,0.0,694.01,Completed
ORD-01200,CUST-0108,2025-01-31 17:00:00,29.0,2.9,2.09,12.0,40.19,Completed
ORD-01201,CUST-0590,2025-02-09 20:00:00,599.0,119.8,38.34,0.0,517.54,Completed
ORD-01202,CUST-0554,2025-10-31 20:00:00,129.0,12.9,9.29,0.0,125.39,Completed
ORD-01203,CUST-0761,2025-02-06 21:00:00,599.0,119.8,38.34,0.0,517.54,Completed
ORD-01204,CUST-0391,2025-12-06 13:00:00,198.0,0.0,15.84,0.0,213.84,Completed
ORD-01205,CUST-0918,2025-12-21 18:00:00,58.0,11.6,3.71,12.0,62.11,Completed
ORD-01206,CUST-1177,2025-12-29 12:00:00,49.0,0.0,3.92,12.0,64.92,Completed
ORD-01207,CUST-0071,2025-12-10 21:00:00,69.0,6.9,4.97,12.0,79.07,Completed
ORD-01208,CUST-0293,2025-08-12 12:00:00,227.0,0.0,18.16,0.0,245.16,Completed
ORD-01209,CUST-0207,2025-12-24 20:00:00,428.0,64.2,29.1,0.0,392.9,Completed
ORD-01210,CUST-0467,2025-01-14 10:00:00,49.0,4.9,3.53,12.0,59.63,Completed
ORD-01211,CUST-0282,2025-10-30 16:00:00,253.0,0.0,20.24,0.0,273.24,Completed
ORD-01212,CUST-1007,2025-12-22 16:00:00,297.0,44.55,20.2,0.0,272.65,Completed
ORD-01213,CUST-1120,2025-05-29 09:00:00,129.0,0.0,10.32,0.0,139.32,Completed
ORD-01214,CUST-0410,2025-06-20 18:00:00,79.0,11.85,5.37,12.0,84.52,Completed
ORD-01215,CUST-0802,2025-06-16 14:00:00,69.0,13.8,4.42,12.0,71.62,Completed
ORD-01216,CUST-0395,2025-10-05 11:00:00,208.0,0.0,16.64,0.0,224.64,Completed
ORD-01217,CUST-0104,2025-01-31 17:00:00,129.0,0.0,10.32,0.0,139.32,Completed
ORD-01218,CUST-0016,2025-06-06 22:00:00,64.0,12.8,4.1,12.0,67.3,Completed
ORD-01219,CUST-1071,2025-06-15 13:00:00,507.0,0.0,40.56,0.0,547.56,Completed
ORD-01220,CUST-0964,2025-01-10 08:00:00,79.0,15.8,5.06,12.0,80.26,Completed
ORD-01221,CUST-1088,2025-05-30 18:00:00,129.0,0.0,10.32,0.0,139.32,Completed
ORD-01222,CUST-0523,2025-03-12 22:00:00,418.0,83.6,26.75,0.0,361.15,Completed
ORD-01223,CUST-0607,2025-03-13 16:00:00,757.0,0.0,60.56,0.0,817.56,Completed
ORD-01224,CUST-0131,2025-03-27 11:00:00,118.0,23.6,7.55,0.0,101.95,Completed
ORD-01225,CUST-0125,2025-06-30 08:00:00,1198.0,179.7,81.46,0.0,1099.76,Completed
ORD-01226,CUST-0142,2025-11-20 17:00:00,79.0,15.8,5.06,12.0,80.26,Completed
ORD-01227,CUST-1180,2025-03-11 21:00:00,149.0,0.0,11.92,0.0,160.92,Completed
ORD-01228,CUST-0225,2025-11-09 12:00:00,599.0,89.85,40.73,0.0,549.88,Completed
ORD-01229,CUST-0774,2025-09-09 12:00:00,59.0,0.0,4.72,12.0,75.72,Completed
ORD-01230,CUST-0457,2025-01-31 17:00:00,748.0,74.8,53.86,0.0,727.06,Completed
ORD-01231,CUST-0514,2025-01-24 09:00:00,386.0,77.2,24.7,0.0,333.5,Completed
ORD-01232,CUST-0392,2025-03-20 08:00:00,94.0,0.0,7.52,12.0,113.52,Completed
ORD-01233,CUST-0943,2025-05-22 18:00:00,129.0,12.9,9.29,0.0,125.39,Completed
ORD-01234,CUST-0413,2025-11-28 21:00:00,129.0,19.35,8.77,0.0,118.42,Completed
ORD-01235,CUST-0218,2025-03-16 18:00:00,634.0,95.1,43.11,0.0,582.01,Completed
ORD-01236,CUST-0340,2025-10-19 22:00:00,148.0,14.8,10.66,0.0,143.86,Completed
ORD-01237,CUST-0438,2025-02-02 09:00:00,437.0,87.4,27.97,0.0,377.57,Completed
ORD-01238,CUST-0741,2025-10-16 12:00:00,1198.0,0.0,95.84,0.0,1293.84,Completed
ORD-01239,CUST-0313,2025-10-10 11:00:00,59.0,0.0,4.72,12.0,75.72,Completed
ORD-01240,CUST-0311,2025-04-27 15:00:00,129.0,0.0,10.32,0.0,139.32,Completed
ORD-01241,CUST-0559,2025-10-05 18:00:00,29.0,0.0,2.32,12.0,43.32,Completed
ORD-01242,CUST-0955,2025-10-25 13:00:00,59.0,0.0,4.72,12.0,75.72,Completed
ORD-01243,CUST-0643,2025-12-23 09:00:00,35.0,7.0,2.24,12.0,42.24,Completed
ORD-01244,CUST-0431,2025-02-01 17:00:00,79.0,11.85,5.37,12.0,84.52,Completed
ORD-01245,CUST-0757,2025-12-14 10:00:00,118.0,23.6,7.55,0.0,101.95,Completed
ORD-01246,CUST-0421,2025-03-02 18:00:00,149.0,29.8,9.54,0.0,128.74,Completed
ORD-01247,CUST-0223,2025-11-21 18:00:00,127.0,25.4,8.13,0.0,109.73,Completed
ORD-01248,CUST-0202,2025-03-02 18:00:00,129.0,0.0,10.32,0.0,139.32,Completed
ORD-01249,CUST-0243,2025-11-28 11:00:00,108.0,10.8,7.78,0.0,104.98,Completed
ORD-01250,CUST-0459,2025-12-17 18:00:00,118.0,11.8,8.5,0.0,114.7,Completed
ORD-01251,CUST-0648,2025-10-21 15:00:00,29.0,2.9,2.09,12.0,40.19,Completed
ORD-01252,CUST-0392,2025-10-01 20:00:00,49.0,4.9,3.53,12.0,59.63,Completed
ORD-01253,CUST-0447,2025-06-05 18:00:00,138.0,13.8,9.94,0.0,134.14,Completed
ORD-01254,CUST-0192,2025-12-04 16:00:00,118.0,11.8,8.5,0.0,114.7,Completed
ORD-01255,CUST-0215,2025-06-09 09:00:00,917.0,0.0,73.36,0.0,990.36,Completed
ORD-01256,CUST-0101,2025-12-18 09:00:00,29.0,0.0,2.32,12.0,43.32,Completed
ORD-01257,CUST-1194,2025-11-09 15:00:00,149.0,22.35,10.13,0.0,136.78,Completed
ORD-01258,CUST-0547,2025-12-08 12:00:00,895.0,179.0,57.28,0.0,773.28,Completed
ORD-01259,CUST-0876,2025-01-12 09:00:00,79.0,0.0,6.32,12.0,97.32,Completed
ORD-01260,CUST-1022,2025-03-08 13:00:00,287.0,57.4,18.37,0.0,247.97,Completed
ORD-01261,CUST-0479,2025-11-05 20:00:00,599.0,0.0,47.92,0.0,646.92,Completed
ORD-01262,CUST-0679,2025-06-25 10:00:00,258.0,38.7,17.54,0.0,236.84,Completed
ORD-01263,CUST-0142,2025-06-18 11:00:00,129.0,25.8,8.26,0.0,111.46,Completed
ORD-01264,CUST-0425,2025-10-31 19:00:00,49.0,7.35,3.33,12.0,56.98,Completed
ORD-01265,CUST-1116,2025-02-10 12:00:00,557.0,55.7,40.1,0.0,541.4,Completed
ORD-01266,CUST-0340,2025-02-04 17:00:00,138.0,0.0,11.04,0.0,149.04,Completed
ORD-01267,CUST-0467,2025-06-03 21:00:00,728.0,0.0,58.24,0.0,786.24,Completed
ORD-01268,CUST-1152,2025-10-29 12:00:00,307.0,61.4,19.65,0.0,265.25,Completed
ORD-01269,CUST-0592,2025-03-13 20:00:00,199.0,0.0,15.92,0.0,214.92,Completed
ORD-01270,CUST-1178,2025-10-27 14:00:00,89.0,0.0,7.12,12.0,108.12,Completed
ORD-01271,CUST-0927,2025-12-14 14:00:00,298.0,59.6,19.07,0.0,257.47,Completed
ORD-01272,CUST-0493,2025-01-18 20:00:00,158.0,0.0,12.64,0.0,170.64,Completed
ORD-01273,CUST-0428,2025-08-05 16:00:00,79.0,0.0,6.32,12.0,97.32,Completed
ORD-01274,CUST-0193,2025-11-09 09:00:00,69.0,13.8,4.42,12.0,71.62,Completed
ORD-01275,CUST-0247,2025-01-20 11:00:00,777.0,116.55,52.84,0.0,713.29,Completed
ORD-01276,CUST-0890,2025-03-13 21:00:00,378.0,0.0,30.24,0.0,408.24,Completed
ORD-01277,CUST-0263,2025-02-15 17:00:00,79.0,11.85,5.37,12.0,84.52,Completed
ORD-01278,CUST-1194,2025-11-24 10:00:00,198.0,0.0,15.84,0.0,213.84,Completed
ORD-01279,CUST-0093,2025-12-10 08:00:00,128.0,12.8,9.22,0.0,124.42,Completed
ORD-01280,CUST-0556,2025-12-16 12:00:00,29.0,0.0,2.32,12.0,43.32,Completed
ORD-01281,CUST-0002,2025-03-15 09:00:00,49.0,0.0,3.92,12.0,64.92,Completed
ORD-01282,CUST-0766,2025-06-21 21:00:00,349.0,69.8,22.34,0.0,301.54,Completed
ORD-01283,CUST-1078,2025-12-10 11:00:00,668.0,133.6,42.75,0.0,577.15,Completed
ORD-01284,CUST-1015,2025-10-07 16:00:00,29.0,0.0,2.32,12.0,43.32,Completed
ORD-01285,CUST-0123,2025-12-20 11:00:00,79.0,0.0,6.32,12.0,97.32,Completed
ORD-01286,CUST-0133,2025-10-31 16:00:00,599.0,0.0,47.92,0.0,646.92,Completed
ORD-01287,CUST-1124,2025-02-04 18:00:00,79.0,0.0,6.32,12.0,97.32,Completed
ORD-01288,CUST-0833,2025-01-19 21:00:00,124.0,0.0,9.92,0.0,133.92,Completed
ORD-01289,CUST-0763,2025-04-02 19:00:00,599.0,0.0,47.92,0.0,646.92,Completed
ORD-01290,CUST-0400,2025-12-17 21:00:00,806.0,120.9,54.81,0.0,739.91,Completed
ORD-01291,CUST-0196,2025-03-02 14:00:00,349.0,52.35,23.73,0.0,320.38,Completed
ORD-01292,CUST-0655,2025-10-17 10:00:00,129.0,0.0,10.32,0.0,139.32,Completed
ORD-01293,CUST-0512,2025-11-29 10:00:00,668.0,66.8,48.1,0.0,649.3,Completed
ORD-01294,CUST-0378,2025-02-02 14:00:00,384.0,0.0,30.72,0.0,414.72,Completed
ORD-01295,CUST-0234,2025-05-12 16:00:00,79.0,0.0,6.32,12.0,97.32,Completed
ORD-01296,CUST-0467,2025-05-26 16:00:00,587.0,117.4,37.57,0.0,507.17,Completed
ORD-01297,CUST-0581,2025-03-20 10:00:00,69.0,13.8,4.42,12.0,71.62,Completed
ORD-01298,CUST-0011,2025-12-22 14:00:00,149.0,22.35,10.13,0.0,136.78,Completed
ORD-01299,CUST-0507,2025-11-10 18:00:00,89.0,13.35,6.05,12.0,93.7,Completed
ORD-01300,CUST-0364,2025-03-23 14:00:00,298.0,59.6,19.07,0.0,257.47,Completed
ORD-01301,CUST-0760,2025-10-16 21:00:00,258.0,0.0,20.64,0.0,278.64,Completed
ORD-01302,CUST-0758,2025-11-24 16:00:00,69.0,0.0,5.52,12.0,86.52,Completed
ORD-01303,CUST-0969,2025-07-09 11:00:00,79.0,0.0,6.32,12.0,97.32,Completed
ORD-01304,CUST-0327,2025-10-18 22:00:00,79.0,11.85,5.37,12.0,84.52,Completed
ORD-01305,CUST-0427,2025-10-09 20:00:00,79.0,7.9,5.69,12.0,88.79,Completed
ORD-01306,CUST-0594,2025-11-01 22:00:00,349.0,0.0,27.92,0.0,376.92,Completed
ORD-01307,CUST-0321,2025-10-13 19:00:00,69.0,10.35,4.69,12.0,75.34,Completed
ORD-01308,CUST-0842,2025-12-17 11:00:00,349.0,34.9,25.13,0.0,339.23,Completed
ORD-01309,CUST-0607,2025-12-05 17:00:00,64.0,6.4,4.61,12.0,74.21,Completed
ORD-01310,CUST-1025,2025-11-02 18:00:00,948.0,94.8,68.26,0.0,921.46,Completed
ORD-01311,CUST-0971,2025-02-09 19:00:00,948.0,189.6,60.67,0.0,819.07,Completed
ORD-01312,CUST-1135,2025-01-10 16:00:00,69.0,0.0,5.52,12.0,86.52,Completed
ORD-01313,CUST-0242,2025-01-28 14:00:00,69.0,13.8,4.42,12.0,71.62,Completed
ORD-01314,CUST-0813,2025-05-24 19:00:00,129.0,19.35,8.77,0.0,118.42,Completed
ORD-01315,CUST-0706,2025-04-16 22:00:00,59.0,0.0,4.72,12.0,75.72,Completed
ORD-01316,CUST-1199,2025-10-29 18:00:00,79.0,0.0,6.32,12.0,97.32,Completed
ORD-01317,CUST-0164,2025-02-26 10:00:00,198.0,0.0,15.84,0.0,213.84,Completed
ORD-01318,CUST-0840,2025-02-05 18:00:00,79.0,0.0,6.32,12.0,97.32,Completed
ORD-01319,CUST-0068,2025-10-07 10:00:00,678.0,67.8,48.82,0.0,659.02,Completed
ORD-01320,CUST-1163,2025-11-22 20:00:00,89.0,13.35,6.05,12.0,93.7,Completed
ORD-01321,CUST-0442,2025-10-31 18:00:00,349.0,52.35,23.73,0.0,320.38,Completed
ORD-01322,CUST-0182,2025-02-06 21:00:00,89.0,0.0,7.12,12.0,108.12,Completed
ORD-01323,CUST-0515,2025-02-16 09:00:00,69.0,0.0,5.52,12.0,86.52,Completed
ORD-01324,CUST-0171,2025-01-25 21:00:00,748.0,0.0,59.84,0.0,807.84,Completed
ORD-01325,CUST-0855,2025-03-02 14:00:00,79.0,0.0,6.32,12.0,97.32,Completed
ORD-01326,CUST-0505,2025-01-22 12:00:00,217.0,0.0,17.36,0.0,234.36,Completed
ORD-01327,CUST-0430,2025-02-06 08:00:00,35.0,0.0,2.8,12.0,49.8,Completed
ORD-01328,CUST-0421,2025-07-15 08:00:00,59.0,0.0,4.72,12.0,75.72,Completed
ORD-01329,CUST-0177,2025-03-01 11:00:00,507.0,0.0,40.56,0.0,547.56,Completed
ORD-01330,CUST-0034,2025-06-05 22:00:00,29.0,0.0,2.32,12.0,43.32,Completed
ORD-01331,CUST-0181,2025-01-18 21:00:00,79.0,15.8,5.06,12.0,80.26,Completed
ORD-01332,CUST-0154,2025-11-08 11:00:00,29.0,0.0,2.32,12.0,43.32,Completed
ORD-01333,CUST-0780,2025-10-13 17:00:00,1297.0,0.0,103.76,0.0,1400.76,Completed
ORD-01334,CUST-0777,2025-12-08 10:00:00,349.0,0.0,27.92,0.0,376.92,Completed
ORD-01335,CUST-0156,2025-02-12 22:00:00,599.0,0.0,47.92,0.0,646.92,Completed
ORD-01336,CUST-0888,2025-04-05 14:00:00,69.0,0.0,5.52,12.0,86.52,Completed
ORD-01337,CUST-0691,2025-05-26 20:00:00,138.0,0.0,11.04,0.0,149.04,Completed
ORD-01338,CUST-0285,2025-06-15 19:00:00,29.0,4.35,1.97,12.0,38.62,Completed
ORD-01339,CUST-1067,2025-06-11 14:00:00,79.0,0.0,6.32,12.0,97.32,Completed
ORD-01340,CUST-0063,2025-12-11 14:00:00,70.0,7.0,5.04,12.0,80.04,Completed
ORD-01341,CUST-0749,2025-12-08 22:00:00,35.0,7.0,2.24,12.0,42.24,Completed
ORD-01342,CUST-0320,2025-04-11 13:00:00,599.0,0.0,47.92,0.0,646.92,Completed
ORD-01343,CUST-0170,2025-05-22 21:00:00,129.0,25.8,8.26,0.0,111.46,Completed
ORD-01344,CUST-0369,2025-12-18 20:00:00,70.0,14.0,4.48,12.0,72.48,Completed
ORD-01345,CUST-0838,2025-01-27 20:00:00,599.0,59.9,43.13,0.0,582.23,Completed
ORD-01346,CUST-0394,2025-01-17 13:00:00,29.0,2.9,2.09,12.0,40.19,Completed
ORD-01347,CUST-1139,2025-02-13 12:00:00,149.0,22.35,10.13,0.0,136.78,Completed
ORD-01348,CUST-0609,2025-05-20 08:00:00,79.0,7.9,5.69,12.0,88.79,Completed
ORD-01349,CUST-0764,2025-02-22 19:00:00,748.0,0.0,59.84,0.0,807.84,Completed
ORD-01350,CUST-0653,2025-08-15 22:00:00,35.0,0.0,2.8,12.0,49.8,Completed
ORD-01351,CUST-0269,2025-01-04 20:00:00,35.0,0.0,2.8,12.0,49.8,Completed
ORD-01352,CUST-0737,2025-10-12 08:00:00,29.0,0.0,2.32,12.0,43.32,Completed
ORD-01353,CUST-0150,2025-05-21 17:00:00,306.0,30.6,22.03,0.0,297.43,Completed
ORD-01354,CUST-1046,2025-02-18 22:00:00,29.0,0.0,2.32,12.0,43.32,Completed
ORD-01355,CUST-0931,2025-04-05 08:00:00,29.0,2.9,2.09,12.0,40.19,Completed
ORD-01356,CUST-0047,2025-06-15 22:00:00,183.0,0.0,14.64,0.0,197.64,Completed
ORD-01357,CUST-0455,2025-11-14 19:00:00,297.0,0.0,23.76,0.0,320.76,Completed
ORD-01358,CUST-0662,2025-09-10 20:00:00,69.0,0.0,5.52,12.0,86.52,Completed
ORD-01359,CUST-0043,2025-05-26 17:00:00,129.0,0.0,10.32,0.0,139.32,Completed
ORD-01360,CUST-0611,2025-04-03 17:00:00,129.0,0.0,10.32,0.0,139.32,Completed
ORD-01361,CUST-0796,2025-10-16 11:00:00,217.0,32.55,14.76,0.0,199.21,Completed
ORD-01362,CUST-0295,2025-01-24 14:00:00,29.0,4.35,1.97,12.0,38.62,Completed
ORD-01363,CUST-0451,2025-12-07 11:00:00,128.0,25.6,8.19,0.0,110.59,Completed
ORD-01364,CUST-0606,2025-11-01 21:00:00,599.0,59.9,43.13,0.0,582.23,Completed
ORD-01365,CUST-0493,2025-05-09 10:00:00,599.0,0.0,47.92,0.0,646.92,Completed
ORD-01366,CUST-0561,2025-03-20 09:00:00,178.0,35.6,11.39,0.0,153.79,Completed
ORD-01367,CUST-0222,2025-06-04 15:00:00,599.0,119.8,38.34,0.0,517.54,Completed
ORD-01368,CUST-1154,2025-01-08 10:00:00,59.0,0.0,4.72,12.0,75.72,Completed
ORD-01369,CUST-0437,2025-04-09 20:00:00,298.0,0.0,23.84,0.0,321.84,Completed
ORD-01370,CUST-0660,2025-04-03 14:00:00,149.0,29.8,9.54,0.0,128.74,Completed
ORD-01371,CUST-0377,2025-12-20 17:00:00,349.0,0.0,27.92,0.0,376.92,Completed
ORD-01372,CUST-0322,2025-03-02 12:00:00,58.0,5.8,4.18,12.0,68.38,Completed
ORD-01373,CUST-0245,2025-04-07 10:00:00,89.0,0.0,7.12,12.0,108.12,Completed
ORD-01374,CUST-0812,2025-03-23 20:00:00,517.0,77.55,35.16,0.0,474.61,Completed
ORD-01375,CUST-0016,2025-02-05 09:00:00,349.0,34.9,25.13,0.0,339.23,Completed
ORD-01376,CUST-0434,2025-04-01 17:00:00,599.0,59.9,43.13,0.0,582.23,Completed
ORD-01377,CUST-1192,2025-10-07 14:00:00,49.0,7.35,3.33,12.0,56.98,Completed
ORD-01378,CUST-1009,2025-06-06 17:00:00,59.0,5.9,4.25,12.0,69.35,Completed
ORD-01379,CUST-0465,2025-06-30 20:00:00,89.0,17.8,5.7,12.0,88.9,Completed
ORD-01380,CUST-0960,2025-11-24 12:00:00,59.0,5.9,4.25,12.0,69.35,Completed
ORD-01381,CUST-0910,2025-01-28 20:00:00,698.0,139.6,44.67,0.0,603.07,Completed
ORD-01382,CUST-1022,2025-11-15 14:00:00,149.0,29.8,9.54,0.0,128.74,Completed
ORD-01383,CUST-0138,2025-11-30 16:00:00,59.0,11.8,3.78,12.0,62.98,Completed
ORD-01384,CUST-0152,2025-11-16 08:00:00,349.0,0.0,27.92,0.0,376.92,Completed
ORD-01385,CUST-0801,2025-12-18 08:00:00,59.0,5.9,4.25,12.0,69.35,Completed
ORD-01386,CUST-0687,2025-03-13 18:00:00,149.0,14.9,10.73,0.0,144.83,Completed
ORD-01387,CUST-0776,2025-09-22 19:00:00,178.0,0.0,14.24,0.0,192.24,Completed
ORD-01388,CUST-0172,2025-04-08 12:00:00,1198.0,119.8,86.26,0.0,1164.46,Completed
ORD-01389,CUST-0929,2025-05-06 17:00:00,398.0,0.0,31.84,0.0,429.84,Completed
ORD-01390,CUST-0706,2025-12-14 14:00:00,59.0,8.85,4.01,12.0,66.16,Completed
ORD-01391,CUST-0212,2025-12-02 20:00:00,79.0,11.85,5.37,12.0,84.52,Completed
ORD-01392,CUST-0431,2025-03-13 08:00:00,69.0,0.0,5.52,12.0,86.52,Completed
ORD-01393,CUST-0063,2025-06-30 10:00:00,149.0,0.0,11.92,0.0,160.92,Completed
ORD-01394,CUST-0452,2025-07-08 09:00:00,345.0,0.0,27.6,0.0,372.6,Completed
ORD-01395,CUST-0749,2025-06-08 17:00:00,157.0,23.55,10.68,0.0,144.13,Completed
ORD-01396,CUST-1184,2025-05-22 08:00:00,149.0,29.8,9.54,0.0,128.74,Completed
ORD-01397,CUST-1185,2025-12-16 13:00:00,158.0,15.8,11.38,0.0,153.58,Completed
ORD-01398,CUST-0112,2025-03-06 20:00:00,377.0,0.0,30.16,0.0,407.16,Completed
ORD-01399,CUST-0045,2025-12-03 12:00:00,498.0,99.6,31.87,0.0,430.27,Completed
ORD-01400,CUST-0761,2025-04-06 10:00:00,59.0,0.0,4.72,12.0,75.72,Completed
ORD-01401,CUST-0013,2025-06-15 19:00:00,149.0,22.35,10.13,0.0,136.78,Completed
ORD-01402,CUST-0107,2025-03-15 18:00:00,59.0,5.9,4.25,12.0,69.35,Completed
ORD-01403,CUST-0498,2025-04-14 08:00:00,227.0,45.4,14.53,0.0,196.13,Completed
ORD-01404,CUST-0820,2025-08-16 08:00:00,35.0,0.0,2.8,12.0,49.8,Completed
ORD-01405,CUST-0288,2025-09-24 14:00:00,298.0,0.0,23.84,0.0,321.84,Completed
ORD-01406,CUST-0311,2025-02-12 12:00:00,476.0,47.6,34.27,0.0,462.67,Completed
ORD-01407,CUST-0867,2025-12-12 17:00:00,29.0,0.0,2.32,12.0,43.32,Completed
ORD-01408,CUST-1107,2025-11-10 09:00:00,1198.0,179.7,81.46,0.0,1099.76,Completed
ORD-01409,CUST-0586,2025-11-03 10:00:00,158.0,0.0,12.64,0.0,170.64,Completed
ORD-01410,CUST-0574,2025-01-17 21:00:00,79.0,0.0,6.32,12.0,97.32,Completed
ORD-01411,CUST-1155,2025-07-11 08:00:00,79.0,0.0,6.32,12.0,97.32,Completed
ORD-01412,CUST-0225,2025-11-23 16:00:00,29.0,0.0,2.32,12.0,43.32,Completed
ORD-01413,CUST-0586,2025-01-13 12:00:00,349.0,69.8,22.34,0.0,301.54,Completed
ORD-01414,CUST-1043,2025-03-22 11:00:00,349.0,34.9,25.13,0.0,339.23,Completed
ORD-01415,CUST-0978,2025-06-06 16:00:00,599.0,119.8,38.34,0.0,517.54,Completed
ORD-01416,CUST-1058,2025-07-15 12:00:00,88.0,0.0,7.04,12.0,107.04,Completed
ORD-01417,CUST-0077,2025-11-12 09:00:00,78.0,0.0,6.24,12.0,96.24,Completed
ORD-01418,CUST-0893,2025-06-17 22:00:00,58.0,0.0,4.64,12.0,74.64,Completed
ORD-01419,CUST-0175,2025-10-25 15:00:00,49.0,4.9,3.53,12.0,59.63,Completed
ORD-01420,CUST-0328,2025-10-03 19:00:00,108.0,16.2,7.34,0.0,99.14,Completed
ORD-01421,CUST-1105,2025-06-11 13:00:00,89.0,8.9,6.41,12.0,98.51,Completed
ORD-01422,CUST-0507,2025-12-22 10:00:00,129.0,0.0,10.32,0.0,139.32,Completed
ORD-01423,CUST-0959,2025-12-25 15:00:00,79.0,0.0,6.32,12.0,97.32,Completed
ORD-01424,CUST-0549,2025-08-08 16:00:00,89.0,0.0,7.12,12.0,108.12,Completed
ORD-01425,CUST-1056,2025-03-30 10:00:00,29.0,2.9,2.09,12.0,40.19,Completed
ORD-01426,CUST-0523,2025-06-29 08:00:00,29.0,4.35,1.97,12.0,38.62,Completed
ORD-01427,CUST-0874,2025-03-01 20:00:00,599.0,119.8,38.34,0.0,517.54,Completed
ORD-01428,CUST-0257,2025-01-05 18:00:00,207.0,0.0,16.56,0.0,223.56,Completed
ORD-01429,CUST-0991,2025-08-29 15:00:00,218.0,0.0,17.44,0.0,235.44,Completed
ORD-01430,CUST-0985,2025-10-13 08:00:00,349.0,0.0,27.92,0.0,376.92,Completed
ORD-01431,CUST-0290,2025-05-23 10:00:00,69.0,0.0,5.52,12.0,86.52,Completed
ORD-01432,CUST-0107,2025-11-14 18:00:00,906.0,181.2,57.98,0.0,782.78,Completed
ORD-01433,CUST-0222,2025-12-17 13:00:00,59.0,0.0,4.72,12.0,75.72,Completed
ORD-01434,CUST-0774,2025-03-13 12:00:00,79.0,7.9,5.69,12.0,88.79,Completed
ORD-01435,CUST-0331,2025-05-25 10:00:00,59.0,0.0,4.72,12.0,75.72,Completed
ORD-01436,CUST-0374,2025-01-14 20:00:00,599.0,89.85,40.73,0.0,549.88,Completed
ORD-01437,CUST-0583,2025-03-27 08:00:00,777.0,0.0,62.16,0.0,839.16,Completed
ORD-01438,CUST-0197,2025-11-15 21:00:00,599.0,89.85,40.73,0.0,549.88,Completed
ORD-01439,CUST-1148,2025-04-12 12:00:00,58.0,5.8,4.18,12.0,68.38,Completed
ORD-01440,CUST-0452,2025-12-22 19:00:00,349.0,0.0,27.92,0.0,376.92,Completed
ORD-01441,CUST-0581,2025-11-06 09:00:00,49.0,9.8,3.14,12.0,54.34,Completed
ORD-01442,CUST-0794,2025-12-14 21:00:00,89.0,0.0,7.12,12.0,108.12,Completed
ORD-01443,CUST-1014,2025-10-28 13:00:00,218.0,21.8,15.7,0.0,211.9,Completed
ORD-01444,CUST-1021,2025-05-15 08:00:00,184.0,0.0,14.72,0.0,198.72,Completed
ORD-01445,CUST-0177,2025-10-02 13:00:00,29.0,4.35,1.97,12.0,38.62,Completed
ORD-01446,CUST-0427,2025-09-11 22:00:00,35.0,0.0,2.8,12.0,49.8,Completed
ORD-01447,CUST-0117,2025-12-23 19:00:00,129.0,0.0,10.32,0.0,139.32,Completed
ORD-01448,CUST-0445,2025-03-01 09:00:00,599.0,59.9,43.13,0.0,582.23,Completed
ORD-01449,CUST-0136,2025-11-27 19:00:00,58.0,5.8,4.18,12.0,68.38,Completed
ORD-01450,CUST-1079,2025-03-22 19:00:00,79.0,0.0,6.32,12.0,97.32,Completed
ORD-01451,CUST-0472,2025-06-29 11:00:00,129.0,25.8,8.26,0.0,111.46,Completed
ORD-01452,CUST-0807,2025-02-11 20:00:00,149.0,29.8,9.54,0.0,128.74,Completed
ORD-01453,CUST-1065,2025-12-09 20:00:00,187.0,18.7,13.46,0.0,181.76,Completed
ORD-01454,CUST-0151,2025-02-15 08:00:00,124.0,0.0,9.92,0.0,133.92,Completed
ORD-01455,CUST-0887,2025-04-08 15:00:00,806.0,161.2,51.58,0.0,696.38,Completed
ORD-01456,CUST-0477,2025-10-23 18:00:00,478.0,0.0,38.24,0.0,516.24,Completed
ORD-01457,CUST-1043,2025-10-09 18:00:00,89.0,8.9,6.41,12.0,98.51,Completed
ORD-01458,CUST-0886,2025-05-16 09:00:00,184.0,18.4,13.25,0.0,178.85,Completed
ORD-01459,CUST-0377,2025-10-29 16:00:00,79.0,7.9,5.69,12.0,88.79,Completed
ORD-01460,CUST-0917,2025-02-04 21:00:00,58.0,0.0,4.64,12.0,74.64,Completed
ORD-01461,CUST-0950,2025-12-05 20:00:00,349.0,52.35,23.73,0.0,320.38,Completed
ORD-01462,CUST-0977,2025-03-28 13:00:00,599.0,59.9,43.13,0.0,582.23,Completed
ORD-01463,CUST-1141,2025-11-21 13:00:00,816.0,163.2,52.22,0.0,705.02,Completed
ORD-01464,CUST-0676,2025-12-02 17:00:00,158.0,23.7,10.74,0.0,145.04,Completed
ORD-01465,CUST-0191,2025-10-06 18:00:00,98.0,14.7,6.66,12.0,101.96,Completed
ORD-01466,CUST-0090,2025-12-01 12:00:00,35.0,7.0,2.24,12.0,42.24,Completed
ORD-01467,CUST-1150,2025-09-09 13:00:00,723.0,0.0,57.84,0.0,780.84,Completed
ORD-01468,CUST-0209,2025-03-18 13:00:00,35.0,0.0,2.8,12.0,49.8,Completed
ORD-01469,CUST-0564,2025-02-04 18:00:00,298.0,29.8,21.46,0.0,289.66,Completed
ORD-01470,CUST-0466,2025-07-28 17:00:00,64.0,0.0,5.12,12.0,81.12,Completed
ORD-01471,CUST-0086,2025-11-10 11:00:00,347.0,69.4,22.21,0.0,299.81,Completed
ORD-01472,CUST-0745,2025-05-16 19:00:00,49.0,7.35,3.33,12.0,56.98,Completed
ORD-01473,CUST-0625,2025-12-13 22:00:00,128.0,25.6,8.19,0.0,110.59,Completed
ORD-01474,CUST-0427,2025-05-31 13:00:00,49.0,9.8,3.14,12.0,54.34,Completed
ORD-01475,CUST-0879,2025-10-02 18:00:00,29.0,0.0,2.32,12.0,43.32,Completed
ORD-01476,CUST-0549,2025-06-19 19:00:00,114.0,11.4,8.21,0.0,110.81,Completed
ORD-01477,CUST-0853,2025-04-21 14:00:00,89.0,0.0,7.12,12.0,108.12,Completed
ORD-01478,CUST-0944,2025-12-20 08:00:00,307.0,30.7,22.1,0.0,298.4,Completed
ORD-01479,CUST-0516,2025-11-08 19:00:00,678.0,101.7,46.1,0.0,622.4,Completed
ORD-01480,CUST-0654,2025-07-04 19:00:00,29.0,0.0,2.32,12.0,43.32,Completed
ORD-01481,CUST-0950,2025-01-13 15:00:00,79.0,0.0,6.32,12.0,97.32,Completed
ORD-01482,CUST-0958,2025-10-10 21:00:00,35.0,5.25,2.38,12.0,44.13,Completed
ORD-01483,CUST-0010,2025-01-14 14:00:00,1027.0,154.05,69.84,0.0,942.79,Completed
ORD-01484,CUST-0704,2025-04-05 09:00:00,349.0,69.8,22.34,0.0,301.54,Completed
ORD-01485,CUST-0543,2025-12-18 18:00:00,197.0,0.0,15.76,0.0,212.76,Completed
ORD-01486,CUST-0386,2025-01-17 10:00:00,138.0,13.8,9.94,0.0,134.14,Completed
ORD-01487,CUST-0822,2025-10-17 10:00:00,35.0,3.5,2.52,12.0,46.02,Completed
ORD-01488,CUST-0705,2025-02-12 13:00:00,89.0,13.35,6.05,12.0,93.7,Completed
ORD-01489,CUST-0714,2025-01-26 18:00:00,463.0,69.45,31.48,0.0,425.03,Completed
ORD-01490,CUST-0705,2025-06-10 20:00:00,697.0,0.0,55.76,0.0,752.76,Completed
ORD-01491,CUST-0971,2025-02-05 15:00:00,69.0,6.9,4.97,12.0,79.07,Completed
ORD-01492,CUST-0178,2025-10-24 14:00:00,198.0,0.0,15.84,0.0,213.84,Completed
ORD-01493,CUST-0356,2025-01-15 16:00:00,35.0,0.0,2.8,12.0,49.8,Completed
ORD-01494,CUST-0328,2025-11-23 14:00:00,79.0,7.9,5.69,12.0,88.79,Completed
ORD-01495,CUST-0042,2025-05-01 22:00:00,118.0,0.0,9.44,0.0,127.44,Completed
ORD-01496,CUST-0637,2025-06-30 17:00:00,298.0,59.6,19.07,0.0,257.47,Completed
ORD-01497,CUST-0903,2025-01-21 20:00:00,58.0,0.0,4.64,12.0,74.64,Completed
ORD-01498,CUST-0632,2025-01-28 18:00:00,79.0,7.9,5.69,12.0,88.79,Completed
ORD-01499,CUST-0821,2025-01-19 16:00:00,438.0,65.7,29.78,0.0,402.08,Completed
ORD-01500,CUST-0760,2025-10-12 17:00:00,49.0,0.0,3.92,12.0,64.92,Completed
ORD-01501,CUST-0585,2025-03-06 16:00:00,69.0,10.35,4.69,12.0,75.34,Completed
ORD-01502,CUST-0461,2025-02-13 22:00:00,114.0,0.0,9.12,0.0,123.12,Completed
ORD-01503,CUST-0220,2025-10-10 18:00:00,70.0,7.0,5.04,12.0,80.04,Completed
ORD-01504,CUST-0799,2025-06-23 20:00:00,267.0,0.0,21.36,0.0,288.36,Completed
ORD-01505,CUST-0171,2025-09-15 15:00:00,198.0,0.0,15.84,0.0,213.84,Completed
ORD-01506,CUST-0814,2025-01-30 15:00:00,59.0,0.0,4.72,12.0,75.72,Completed
ORD-01507,CUST-0736,2025-12-18 15:00:00,79.0,0.0,6.32,12.0,97.32,Completed
ORD-01508,CUST-0765,2025-01-29 12:00:00,599.0,0.0,47.92,0.0,646.92,Completed
ORD-01509,CUST-0364,2025-11-03 11:00:00,79.0,7.9,5.69,12.0,88.79,Completed
ORD-01510,CUST-0635,2025-01-20 17:00:00,129.0,0.0,10.32,0.0,139.32,Completed
ORD-01511,CUST-0558,2025-03-18 14:00:00,114.0,11.4,8.21,0.0,110.81,Completed
ORD-01512,CUST-0492,2025-10-05 16:00:00,89.0,0.0,7.12,12.0,108.12,Completed
ORD-01513,CUST-0271,2025-01-13 21:00:00,89.0,0.0,7.12,12.0,108.12,Completed
ORD-01514,CUST-0206,2025-03-10 08:00:00,228.0,22.8,16.42,0.0,221.62,Completed
ORD-01515,CUST-0158,2025-12-11 14:00:00,164.0,0.0,13.12,0.0,177.12,Completed
ORD-01516,CUST-0487,2025-02-09 11:00:00,599.0,89.85,40.73,0.0,549.88,Completed
ORD-01517,CUST-0996,2025-03-03 08:00:00,349.0,0.0,27.92,0.0,376.92,Completed
ORD-01518,CUST-0104,2025-01-05 15:00:00,69.0,0.0,5.52,12.0,86.52,Completed
ORD-01519,CUST-0057,2025-12-10 16:00:00,89.0,0.0,7.12,12.0,108.12,Completed
ORD-01520,CUST-1084,2025-01-15 17:00:00,148.0,29.6,9.47,0.0,127.87,Completed
ORD-01521,CUST-0291,2025-06-05 14:00:00,59.0,0.0,4.72,12.0,75.72,Completed
ORD-01522,CUST-0484,2025-02-11 16:00:00,218.0,21.8,15.7,0.0,211.9,Completed
ORD-01523,CUST-0823,2025-07-15 22:00:00,187.0,0.0,14.96,0.0,201.96,Completed
ORD-01524,CUST-1075,2025-05-17 10:00:00,187.0,28.05,12.72,0.0,171.67,Completed
ORD-01525,CUST-0609,2025-07-15 10:00:00,49.0,0.0,3.92,12.0,64.92,Completed
ORD-01526,CUST-0608,2025-02-26 09:00:00,349.0,0.0,27.92,0.0,376.92,Completed
ORD-01527,CUST-0357,2025-02-02 10:00:00,349.0,69.8,22.34,0.0,301.54,Completed
ORD-01528,CUST-0425,2025-08-01 12:00:00,69.0,0.0,5.52,12.0,86.52,Completed
ORD-01529,CUST-0773,2025-12-14 17:00:00,817.0,0.0,65.36,0.0,882.36,Completed
ORD-01530,CUST-0570,2025-11-13 17:00:00,398.0,39.8,28.66,0.0,386.86,Completed
ORD-01531,CUST-0297,2025-12-28 17:00:00,357.0,0.0,28.56,0.0,385.56,Completed
ORD-01532,CUST-0457,2025-01-26 08:00:00,184.0,36.8,11.78,0.0,158.98,Completed
ORD-01533,CUST-0349,2025-03-18 15:00:00,599.0,0.0,47.92,0.0,646.92,Completed
ORD-01534,CUST-0915,2025-11-11 08:00:00,59.0,8.85,4.01,12.0,66.16,Completed
ORD-01535,CUST-1181,2025-06-21 17:00:00,298.0,29.8,21.46,0.0,289.66,Completed
ORD-01536,CUST-0219,2025-01-27 16:00:00,208.0,0.0,16.64,0.0,224.64,Completed
ORD-01537,CUST-0020,2025-10-14 18:00:00,287.0,57.4,18.37,0.0,247.97,Completed
ORD-01538,CUST-0410,2025-03-28 17:00:00,187.0,0.0,14.96,0.0,201.96,Completed
ORD-01539,CUST-0212,2025-06-22 14:00:00,29.0,0.0,2.32,12.0,43.32,Completed
ORD-01540,CUST-1176,2025-04-19 16:00:00,149.0,0.0,11.92,0.0,160.92,Completed
ORD-01541,CUST-0234,2025-11-26 21:00:00,258.0,0.0,20.64,0.0,278.64,Completed
ORD-01542,CUST-0713,2025-03-08 14:00:00,478.0,95.6,30.59,0.0,412.99,Completed
ORD-01543,CUST-1080,2025-11-22 20:00:00,599.0,59.9,43.13,0.0,582.23,Completed
ORD-01544,CUST-0732,2025-07-10 16:00:00,79.0,0.0,6.32,12.0,97.32,Completed
ORD-01545,CUST-0481,2025-12-25 20:00:00,138.0,20.7,9.38,0.0,126.68,Completed
ORD-01546,CUST-0701,2025-05-19 21:00:00,58.0,0.0,4.64,12.0,74.64,Completed
ORD-01547,CUST-0521,2025-08-04 22:00:00,587.0,0.0,46.96,0.0,633.96,Completed
ORD-01548,CUST-0810,2025-12-06 13:00:00,29.0,2.9,2.09,12.0,40.19,Completed
ORD-01549,CUST-0193,2025-03-04 17:00:00,59.0,8.85,4.01,12.0,66.16,Completed
ORD-01550,CUST-0095,2025-11-14 18:00:00,88.0,0.0,7.04,12.0,107.04,Completed
ORD-01551,CUST-1152,2025-11-09 17:00:00,157.0,0.0,12.56,0.0,169.56,Completed
ORD-01552,CUST-0674,2025-02-05 14:00:00,89.0,17.8,5.7,12.0,88.9,Completed
ORD-01553,CUST-0394,2025-08-20 08:00:00,408.0,0.0,32.64,0.0,440.64,Completed
ORD-01554,CUST-0023,2025-04-03 12:00:00,333.0,0.0,26.64,0.0,359.64,Completed
ORD-01555,CUST-0193,2025-12-04 20:00:00,89.0,8.9,6.41,12.0,98.51,Completed
ORD-01556,CUST-0889,2025-01-16 22:00:00,118.0,17.7,8.02,0.0,108.32,Completed
ORD-01557,CUST-0319,2025-01-20 19:00:00,678.0,135.6,43.39,0.0,585.79,Completed
ORD-01558,CUST-0719,2025-02-16 09:00:00,797.0,0.0,63.76,0.0,860.76,Completed
ORD-01559,CUST-1014,2025-12-24 17:00:00,89.0,13.35,6.05,12.0,93.7,Completed
ORD-01560,CUST-0638,2025-03-10 12:00:00,212.0,0.0,16.96,0.0,228.96,Completed
ORD-01561,CUST-0156,2025-01-11 18:00:00,79.0,7.9,5.69,12.0,88.79,Completed
ORD-01562,CUST-1184,2025-03-03 18:00:00,129.0,25.8,8.26,0.0,111.46,Completed
ORD-01563,CUST-1195,2025-11-08 10:00:00,89.0,17.8,5.7,12.0,88.9,Completed
ORD-01564,CUST-0192,2025-01-14 18:00:00,168.0,16.8,12.1,0.0,163.3,Completed
ORD-01565,CUST-0626,2025-03-19 08:00:00,149.0,14.9,10.73,0.0,144.83,Completed
ORD-01566,CUST-0554,2025-03-20 18:00:00,178.0,26.7,12.1,0.0,163.4,Completed
ORD-01567,CUST-0428,2025-02-12 14:00:00,697.0,69.7,50.18,0.0,677.48,Completed
ORD-01568,CUST-0583,2025-12-01 14:00:00,143.0,0.0,11.44,0.0,154.44,Completed
ORD-01569,CUST-1183,2025-03-25 20:00:00,153.0,0.0,12.24,0.0,165.24,Completed
ORD-01570,CUST-0875,2025-11-06 21:00:00,89.0,0.0,7.12,12.0,108.12,Completed
ORD-01571,CUST-0197,2025-08-29 14:00:00,59.0,0.0,4.72,12.0,75.72,Completed
ORD-01572,CUST-1126,2025-01-12 20:00:00,149.0,29.8,9.54,0.0,128.74,Completed
ORD-01573,CUST-0435,2025-05-26 19:00:00,158.0,0.0,12.64,0.0,170.64,Completed
ORD-01574,CUST-1187,2025-02-05 19:00:00,1268.0,253.6,81.15,0.0,1095.55,Completed
ORD-01575,CUST-1197,2025-06-23 15:00:00,89.0,13.35,6.05,12.0,93.7,Completed
ORD-01576,CUST-0918,2025-10-31 21:00:00,49.0,7.35,3.33,12.0,56.98,Completed
ORD-01577,CUST-0157,2025-12-17 08:00:00,69.0,6.9,4.97,12.0,79.07,Completed
ORD-01578,CUST-0419,2025-03-24 17:00:00,295.0,44.25,20.06,0.0,270.81,Completed
ORD-01579,CUST-0035,2025-10-27 21:00:00,89.0,13.35,6.05,12.0,93.7,Completed
ORD-01580,CUST-0094,2025-05-26 20:00:00,59.0,5.9,4.25,12.0,69.35,Completed
ORD-01581,CUST-0679,2025-03-05 12:00:00,757.0,0.0,60.56,0.0,817.56,Completed
ORD-01582,CUST-0493,2025-10-28 19:00:00,167.0,33.4,10.69,0.0,144.29,Completed
ORD-01583,CUST-0511,2025-06-20 11:00:00,58.0,11.6,3.71,12.0,62.11,Completed
ORD-01584,CUST-0402,2025-05-29 08:00:00,698.0,69.8,50.26,0.0,678.46,Completed
ORD-01585,CUST-0900,2025-11-08 13:00:00,89.0,13.35,6.05,12.0,93.7,Completed
ORD-01586,CUST-1032,2025-03-17 22:00:00,29.0,0.0,2.32,12.0,43.32,Completed
ORD-01587,CUST-0973,2025-03-25 13:00:00,267.0,40.05,18.16,0.0,245.11,Completed
ORD-01588,CUST-0826,2025-12-14 19:00:00,29.0,2.9,2.09,12.0,40.19,Completed
ORD-01589,CUST-0402,2025-11-13 14:00:00,98.0,19.6,6.27,12.0,96.67,Completed
ORD-01590,CUST-0451,2025-08-17 12:00:00,167.0,0.0,13.36,0.0,180.36,Completed
ORD-01591,CUST-0847,2025-07-18 11:00:00,79.0,0.0,6.32,12.0,97.32,Completed
ORD-01592,CUST-1044,2025-12-21 21:00:00,79.0,11.85,5.37,12.0,84.52,Completed
ORD-01593,CUST-0491,2025-09-15 19:00:00,79.0,0.0,6.32,12.0,97.32,Completed
ORD-01594,CUST-0914,2025-05-10 22:00:00,188.0,0.0,15.04,0.0,203.04,Completed
ORD-01595,CUST-0577,2025-03-02 21:00:00,79.0,15.8,5.06,12.0,80.26,Completed
ORD-01596,CUST-0719,2025-01-14 13:00:00,124.0,0.0,9.92,0.0,133.92,Completed
ORD-01597,CUST-0096,2025-05-17 20:00:00,79.0,7.9,5.69,12.0,88.79,Completed
ORD-01598,CUST-0496,2025-05-15 13:00:00,79.0,0.0,6.32,12.0,97.32,Completed
ORD-01599,CUST-0866,2025-05-26 22:00:00,129.0,0.0,10.32,0.0,139.32,Completed
ORD-01600,CUST-0028,2025-01-19 12:00:00,79.0,0.0,6.32,12.0,97.32,Completed
ORD-01601,CUST-0144,2025-03-20 17:00:00,129.0,25.8,8.26,0.0,111.46,Completed
ORD-01602,CUST-0644,2025-02-14 16:00:00,137.0,0.0,10.96,0.0,147.96,Completed
ORD-01603,CUST-0567,2025-01-29 19:00:00,258.0,51.6,16.51,0.0,222.91,Completed
ORD-01604,CUST-1047,2025-01-27 19:00:00,227.0,45.4,14.53,0.0,196.13,Completed
ORD-01605,CUST-1122,2025-12-29 17:00:00,198.0,0.0,15.84,0.0,213.84,Completed
ORD-01606,CUST-0768,2025-11-24 12:00:00,89.0,0.0,7.12,12.0,108.12,Completed
ORD-01607,CUST-0370,2025-04-01 14:00:00,148.0,29.6,9.47,0.0,127.87,Completed
ORD-01608,CUST-0358,2025-02-04 12:00:00,349.0,0.0,27.92,0.0,376.92,Completed
ORD-01609,CUST-0771,2025-10-20 15:00:00,79.0,11.85,5.37,12.0,84.52,Completed
ORD-01610,CUST-0930,2025-09-14 13:00:00,138.0,0.0,11.04,0.0,149.04,Completed
ORD-01611,CUST-0263,2025-06-22 12:00:00,98.0,9.8,7.06,12.0,107.26,Completed
ORD-01612,CUST-0463,2025-09-04 18:00:00,727.0,0.0,58.16,0.0,785.16,Completed
ORD-01613,CUST-0833,2025-10-31 12:00:00,178.0,0.0,14.24,0.0,192.24,Completed
ORD-01614,CUST-1036,2025-01-19 13:00:00,138.0,27.6,8.83,0.0,119.23,Completed
ORD-01615,CUST-0652,2025-02-01 11:00:00,257.0,38.55,17.48,0.0,235.93,Completed
ORD-01616,CUST-0119,2025-09-25 12:00:00,316.0,0.0,25.28,0.0,341.28,Completed
ORD-01617,CUST-0227,2025-06-23 10:00:00,349.0,52.35,23.73,0.0,320.38,Completed
ORD-01618,CUST-1091,2025-10-20 09:00:00,118.0,0.0,9.44,0.0,127.44,Completed
ORD-01619,CUST-0789,2025-04-15 17:00:00,49.0,7.35,3.33,12.0,56.98,Completed
ORD-01620,CUST-1177,2025-03-04 21:00:00,498.0,99.6,31.87,0.0,430.27,Completed
ORD-01621,CUST-0396,2025-01-28 19:00:00,158.0,23.7,10.74,0.0,145.04,Completed
ORD-01622,CUST-0743,2025-01-14 13:00:00,69.0,13.8,4.42,12.0,71.62,Completed
ORD-01623,CUST-0904,2025-01-13 17:00:00,69.0,10.35,4.69,12.0,75.34,Completed
ORD-01624,CUST-0655,2025-10-16 19:00:00,69.0,6.9,4.97,12.0,79.07,Completed
ORD-01625,CUST-0202,2025-12-07 13:00:00,69.0,0.0,5.52,12.0,86.52,Completed
ORD-01626,CUST-0047,2025-02-03 18:00:00,948.0,94.8,68.26,0.0,921.46,Completed
ORD-01627,CUST-0328,2025-03-08 14:00:00,58.0,5.8,4.18,12.0,68.38,Completed
ORD-01628,CUST-0172,2025-10-23 22:00:00,35.0,7.0,2.24,12.0,42.24,Completed
ORD-01629,CUST-0300,2025-04-10 12:00:00,983.0,147.45,66.84,0.0,902.39,Completed
ORD-01630,CUST-1009,2025-04-05 18:00:00,89.0,0.0,7.12,12.0,108.12,Completed
ORD-01631,CUST-0096,2025-12-05 15:00:00,79.0,0.0,6.32,12.0,97.32,Completed
ORD-01632,CUST-0264,2025-04-05 15:00:00,79.0,11.85,5.37,12.0,84.52,Completed
ORD-01633,CUST-0382,2025-01-23 13:00:00,333.0,0.0,26.64,0.0,359.64,Completed
ORD-01634,CUST-0779,2025-11-21 10:00:00,129.0,19.35,8.77,0.0,118.42,Completed
ORD-01635,CUST-0978,2025-11-14 17:00:00,79.0,0.0,6.32,12.0,97.32,Completed
ORD-01636,CUST-1030,2025-10-27 16:00:00,49.0,0.0,3.92,12.0,64.92,Completed
ORD-01637,CUST-0073,2025-10-22 18:00:00,29.0,5.8,1.86,12.0,37.06,Completed
ORD-01638,CUST-0781,2025-12-05 09:00:00,442.0,0.0,35.36,0.0,477.36,Completed
ORD-01639,CUST-0201,2025-04-10 16:00:00,79.0,0.0,6.32,12.0,97.32,Completed
ORD-01640,CUST-0916,2025-02-10 20:00:00,79.0,0.0,6.32,12.0,97.32,Completed
ORD-01641,CUST-0526,2025-09-24 17:00:00,207.0,0.0,16.56,0.0,223.56,Completed
ORD-01642,CUST-0631,2025-01-26 15:00:00,168.0,16.8,12.1,0.0,163.3,Completed
ORD-01643,CUST-0735,2025-07-29 15:00:00,79.0,0.0,6.32,12.0,97.32,Completed
ORD-01644,CUST-0453,2025-11-01 08:00:00,29.0,5.8,1.86,12.0,37.06,Completed
ORD-01645,CUST-1083,2025-07-31 21:00:00,35.0,0.0,2.8,12.0,49.8,Completed
ORD-01646,CUST-0342,2025-12-01 21:00:00,58.0,0.0,4.64,12.0,74.64,Completed
ORD-01647,CUST-1080,2025-03-24 11:00:00,29.0,5.8,1.86,12.0,37.06,Completed
ORD-01648,CUST-1097,2025-12-15 21:00:00,129.0,0.0,10.32,0.0,139.32,Completed
ORD-01649,CUST-1029,2025-10-18 13:00:00,69.0,10.35,4.69,12.0,75.34,Completed
ORD-01650,CUST-1178,2025-03-06 11:00:00,698.0,104.7,47.46,0.0,640.76,Completed
ORD-01651,CUST-0706,2025-06-22 18:00:00,246.0,0.0,19.68,0.0,265.68,Completed
ORD-01652,CUST-0132,2025-05-30 16:00:00,337.0,0.0,26.96,0.0,363.96,Completed
ORD-01653,CUST-0242,2025-11-13 15:00:00,89.0,0.0,7.12,12.0,108.12,Completed
ORD-01654,CUST-0833,2025-05-19 20:00:00,327.0,65.4,20.93,0.0,282.53,Completed
ORD-01655,CUST-1085,2025-03-01 22:00:00,89.0,8.9,6.41,12.0,98.51,Completed
ORD-01656,CUST-0125,2025-07-22 20:00:00,428.0,0.0,34.24,0.0,462.24,Completed
ORD-01657,CUST-0318,2025-05-24 10:00:00,49.0,4.9,3.53,12.0,59.63,Completed
ORD-01658,CUST-0983,2025-11-23 17:00:00,35.0,0.0,2.8,12.0,49.8,Completed
ORD-01659,CUST-1037,2025-05-21 08:00:00,69.0,0.0,5.52,12.0,86.52,Completed
ORD-01660,CUST-0148,2025-06-20 21:00:00,89.0,0.0,7.12,12.0,108.12,Completed
ORD-01661,CUST-1080,2025-10-07 22:00:00,69.0,0.0,5.52,12.0,86.52,Completed
ORD-01662,CUST-0707,2025-03-26 08:00:00,187.0,37.4,11.97,0.0,161.57,Completed
ORD-01663,CUST-0283,2025-01-31 19:00:00,148.0,14.8,10.66,0.0,143.86,Completed
ORD-01664,CUST-1087,2025-06-28 14:00:00,257.0,0.0,20.56,0.0,277.56,Completed
ORD-01665,CUST-0732,2025-11-29 21:00:00,599.0,0.0,47.92,0.0,646.92,Completed
ORD-01666,CUST-0930,2025-06-19 10:00:00,476.0,95.2,30.46,0.0,411.26,Completed
ORD-01667,CUST-1049,2025-10-01 15:00:00,599.0,89.85,40.73,0.0,549.88,Completed
ORD-01668,CUST-0169,2025-11-26 17:00:00,59.0,0.0,4.72,12.0,75.72,Completed
ORD-01669,CUST-0314,2025-06-03 09:00:00,89.0,17.8,5.7,12.0,88.9,Completed
ORD-01670,CUST-0565,2025-04-03 20:00:00,35.0,7.0,2.24,12.0,42.24,Completed
ORD-01671,CUST-0558,2025-10-23 14:00:00,599.0,89.85,40.73,0.0,549.88,Completed
ORD-01672,CUST-0668,2025-12-06 18:00:00,218.0,0.0,17.44,0.0,235.44,Completed
ORD-01673,CUST-0689,2025-10-16 10:00:00,217.0,0.0,17.36,0.0,234.36,Completed
ORD-01674,CUST-0830,2025-12-22 11:00:00,79.0,0.0,6.32,12.0,97.32,Completed
ORD-01675,CUST-0956,2025-01-13 09:00:00,163.0,24.45,11.08,0.0,149.63,Completed
ORD-01676,CUST-0493,2025-06-28 16:00:00,158.0,31.6,10.11,0.0,136.51,Completed
ORD-01677,CUST-1025,2025-05-21 11:00:00,49.0,7.35,3.33,12.0,56.98,Completed
ORD-01678,CUST-0196,2025-06-25 13:00:00,35.0,3.5,2.52,12.0,46.02,Completed
ORD-01679,CUST-0297,2025-06-06 16:00:00,114.0,22.8,7.3,0.0,98.5,Completed
ORD-01680,CUST-0618,2025-07-05 22:00:00,1327.0,0.0,106.16,0.0,1433.16,Completed
ORD-01681,CUST-1088,2025-05-15 18:00:00,278.0,0.0,22.24,0.0,300.24,Completed
ORD-01682,CUST-0619,2025-05-16 15:00:00,158.0,31.6,10.11,0.0,136.51,Completed
ORD-01683,CUST-0197,2025-11-12 17:00:00,187.0,28.05,12.72,0.0,171.67,Completed
ORD-01684,CUST-0655,2025-02-12 19:00:00,69.0,13.8,4.42,12.0,71.62,Completed
ORD-01685,CUST-0076,2025-01-22 17:00:00,349.0,0.0,27.92,0.0,376.92,Completed
ORD-01686,CUST-0081,2025-08-13 19:00:00,207.0,0.0,16.56,0.0,223.56,Completed
ORD-01687,CUST-0365,2025-06-10 13:00:00,49.0,0.0,3.92,12.0,64.92,Completed
ORD-01688,CUST-0748,2025-04-12 16:00:00,89.0,8.9,6.41,12.0,98.51,Completed
ORD-01689,CUST-0878,2025-03-24 22:00:00,208.0,20.8,14.98,0.0,202.18,Completed
ORD-01690,CUST-0273,2025-03-18 20:00:00,79.0,7.9,5.69,12.0,88.79,Completed
ORD-01691,CUST-0015,2025-03-04 17:00:00,426.0,85.2,27.26,0.0,368.06,Completed
ORD-01692,CUST-0461,2025-12-16 15:00:00,1296.0,0.0,103.68,0.0,1399.68,Completed
ORD-01693,CUST-0106,2025-12-11 19:00:00,164.0,0.0,13.12,0.0,177.12,Completed
ORD-01694,CUST-0315,2025-02-11 10:00:00,35.0,7.0,2.24,12.0,42.24,Completed
ORD-01695,CUST-0542,2025-02-04 10:00:00,79.0,0.0,6.32,12.0,97.32,Completed
ORD-01696,CUST-0259,2025-03-11 09:00:00,149.0,14.9,10.73,0.0,144.83,Completed
ORD-01697,CUST-0774,2025-02-10 20:00:00,149.0,22.35,10.13,0.0,136.78,Completed
ORD-01698,CUST-0808,2025-06-13 15:00:00,69.0,0.0,5.52,12.0,86.52,Completed
ORD-01699,CUST-0763,2025-04-03 13:00:00,349.0,0.0,27.92,0.0,376.92,Completed
ORD-01700,CUST-0200,2025-12-19 16:00:00,59.0,0.0,4.72,12.0,75.72,Completed
ORD-01701,CUST-0038,2025-03-04 11:00:00,64.0,12.8,4.1,12.0,67.3,Completed
ORD-01702,CUST-0879,2025-02-13 20:00:00,418.0,0.0,33.44,0.0,451.44,Completed
ORD-01703,CUST-0153,2025-12-05 11:00:00,1198.0,0.0,95.84,0.0,1293.84,Completed
ORD-01704,CUST-0379,2025-12-03 22:00:00,118.0,23.6,7.55,0.0,101.95,Completed
ORD-01705,CUST-0597,2025-10-03 19:00:00,35.0,0.0,2.8,12.0,49.8,Completed
ORD-01706,CUST-1114,2025-10-25 10:00:00,129.0,0.0,10.32,0.0,139.32,Completed
ORD-01707,CUST-0853,2025-02-10 10:00:00,29.0,5.8,1.86,12.0,37.06,Completed
ORD-01708,CUST-1149,2025-05-21 16:00:00,688.0,68.8,49.54,0.0,668.74,Completed
ORD-01709,CUST-0793,2025-12-02 13:00:00,129.0,0.0,10.32,0.0,139.32,Completed
ORD-01710,CUST-0224,2025-02-04 08:00:00,124.0,18.6,8.43,0.0,113.83,Completed
ORD-01711,CUST-1166,2025-12-21 18:00:00,149.0,0.0,11.92,0.0,160.92,Completed
ORD-01712,CUST-0923,2025-02-14 09:00:00,349.0,34.9,25.13,0.0,339.23,Completed
ORD-01713,CUST-1187,2025-02-08 12:00:00,158.0,0.0,12.64,0.0,170.64,Completed
ORD-01714,CUST-0510,2025-10-09 20:00:00,599.0,0.0,47.92,0.0,646.92,Completed
ORD-01715,CUST-0868,2025-02-14 19:00:00,628.0,62.8,45.22,0.0,610.42,Completed
ORD-01716,CUST-0408,2025-07-08 16:00:00,158.0,0.0,12.64,0.0,170.64,Completed
ORD-01717,CUST-0170,2025-06-12 11:00:00,128.0,12.8,9.22,0.0,124.42,Completed
ORD-01718,CUST-0707,2025-03-06 12:00:00,527.0,105.4,33.73,0.0,455.33,Completed
ORD-01719,CUST-1160,2025-03-22 20:00:00,118.0,0.0,9.44,0.0,127.44,Completed
ORD-01720,CUST-0996,2025-03-03 13:00:00,1198.0,179.7,81.46,0.0,1099.76,Completed
ORD-01721,CUST-0151,2025-10-01 13:00:00,187.0,18.7,13.46,0.0,181.76,Completed
ORD-01722,CUST-0490,2025-12-06 09:00:00,167.0,0.0,13.36,0.0,180.36,Completed
ORD-01723,CUST-0020,2025-03-20 13:00:00,138.0,13.8,9.94,0.0,134.14,Completed
ORD-01724,CUST-0164,2025-10-16 08:00:00,69.0,13.8,4.42,12.0,71.62,Completed
ORD-01725,CUST-0925,2025-10-17 21:00:00,29.0,0.0,2.32,12.0,43.32,Completed
ORD-01726,CUST-0622,2025-08-13 19:00:00,407.0,0.0,32.56,0.0,439.56,Completed
ORD-01727,CUST-0699,2025-03-25 15:00:00,158.0,0.0,12.64,0.0,170.64,Completed
ORD-01728,CUST-0738,2025-06-03 20:00:00,349.0,0.0,27.92,0.0,376.92,Completed
ORD-01729,CUST-1180,2025-06-12 13:00:00,208.0,41.6,13.31,0.0,179.71,Completed
ORD-01730,CUST-0311,2025-12-03 12:00:00,35.0,3.5,2.52,12.0,46.02,Completed
ORD-01731,CUST-1188,2025-12-06 18:00:00,79.0,0.0,6.32,12.0,97.32,Completed
ORD-01732,CUST-0889,2025-12-01 22:00:00,478.0,95.6,30.59,0.0,412.99,Completed
ORD-01733,CUST-1123,2025-12-18 22:00:00,138.0,13.8,9.94,0.0,134.14,Completed
ORD-01734,CUST-1167,2025-10-10 14:00:00,49.0,9.8,3.14,12.0,54.34,Completed
ORD-01735,CUST-0143,2025-01-13 15:00:00,527.0,0.0,42.16,0.0,569.16,Completed
ORD-01736,CUST-0834,2025-03-19 11:00:00,70.0,7.0,5.04,12.0,80.04,Completed
ORD-01737,CUST-0107,2025-04-21 17:00:00,129.0,0.0,10.32,0.0,139.32,Completed
ORD-01738,CUST-0822,2025-01-15 21:00:00,69.0,0.0,5.52,12.0,86.52,Completed
ORD-01739,CUST-0005,2025-06-25 10:00:00,58.0,8.7,3.94,12.0,65.24,Completed
ORD-01740,CUST-0288,2025-01-18 16:00:00,49.0,0.0,3.92,12.0,64.92,Completed
ORD-01741,CUST-0784,2025-05-16 12:00:00,59.0,0.0,4.72,12.0,75.72,Completed
ORD-01742,CUST-0698,2025-02-12 20:00:00,138.0,0.0,11.04,0.0,149.04,Completed
ORD-01743,CUST-0664,2025-10-27 20:00:00,1375.0,275.0,88.0,0.0,1188.0,Completed
ORD-01744,CUST-1115,2025-03-03 11:00:00,149.0,14.9,10.73,0.0,144.83,Completed
ORD-01745,CUST-0154,2025-01-18 22:00:00,98.0,0.0,7.84,12.0,117.84,Completed
ORD-01746,CUST-1148,2025-10-14 17:00:00,88.0,8.8,6.34,12.0,97.54,Completed
ORD-01747,CUST-1064,2025-01-26 20:00:00,129.0,0.0,10.32,0.0,139.32,Completed
ORD-01748,CUST-0971,2025-10-23 14:00:00,129.0,0.0,10.32,0.0,139.32,Completed
ORD-01749,CUST-0399,2025-10-05 16:00:00,599.0,0.0,47.92,0.0,646.92,Completed
ORD-01750,CUST-0085,2025-10-20 13:00:00,599.0,59.9,43.13,0.0,582.23,Completed
ORD-01751,CUST-0008,2025-10-24 12:00:00,547.0,0.0,43.76,0.0,590.76,Completed
ORD-01752,CUST-0114,2025-05-18 14:00:00,35.0,0.0,2.8,12.0,49.8,Completed
ORD-01753,CUST-0201,2025-11-13 18:00:00,69.0,0.0,5.52,12.0,86.52,Completed
ORD-01754,CUST-0471,2025-07-23 08:00:00,79.0,0.0,6.32,12.0,97.32,Completed
ORD-01755,CUST-1112,2025-04-07 11:00:00,79.0,0.0,6.32,12.0,97.32,Completed
ORD-01756,CUST-1011,2025-04-14 16:00:00,728.0,109.2,49.5,0.0,668.3,Completed
ORD-01757,CUST-0688,2025-11-29 11:00:00,349.0,52.35,23.73,0.0,320.38,Completed
ORD-01758,CUST-1025,2025-11-14 18:00:00,79.0,0.0,6.32,12.0,97.32,Completed
ORD-01759,CUST-0219,2025-11-08 21:00:00,678.0,67.8,48.82,0.0,659.02,Completed
ORD-01760,CUST-0095,2025-11-29 16:00:00,238.0,47.6,15.23,0.0,205.63,Completed
ORD-01761,CUST-0008,2025-10-22 18:00:00,158.0,0.0,12.64,0.0,170.64,Completed
ORD-01762,CUST-0212,2025-06-04 20:00:00,89.0,17.8,5.7,12.0,88.9,Completed
ORD-01763,CUST-0171,2025-03-02 22:00:00,59.0,0.0,4.72,12.0,75.72,Completed
ORD-01764,CUST-0635,2025-06-03 16:00:00,208.0,0.0,16.64,0.0,224.64,Completed
ORD-01765,CUST-0164,2025-12-05 19:00:00,35.0,7.0,2.24,12.0,42.24,Completed
ORD-01766,CUST-0921,2025-11-15 20:00:00,69.0,10.35,4.69,12.0,75.34,Completed
ORD-01767,CUST-0405,2025-06-03 17:00:00,129.0,0.0,10.32,0.0,139.32,Completed
ORD-01768,CUST-0692,2025-12-31 21:00:00,58.0,0.0,4.64,12.0,74.64,Completed
ORD-01769,CUST-0089,2025-11-11 22:00:00,247.0,0.0,19.76,0.0,266.76,Completed
ORD-01770,CUST-0608,2025-11-07 21:00:00,683.0,102.45,46.44,0.0,626.99,Completed
ORD-01771,CUST-0990,2025-10-09 12:00:00,49.0,4.9,3.53,12.0,59.63,Completed
ORD-01772,CUST-0258,2025-11-29 22:00:00,79.0,0.0,6.32,12.0,97.32,Completed
ORD-01773,CUST-0550,2025-11-19 08:00:00,267.0,0.0,21.36,0.0,288.36,Completed
ORD-01774,CUST-0233,2025-04-05 21:00:00,266.0,0.0,21.28,0.0,287.28,Completed
ORD-01775,CUST-0024,2025-12-07 10:00:00,79.0,11.85,5.37,12.0,84.52,Completed
ORD-01776,CUST-0919,2025-03-25 10:00:00,114.0,0.0,9.12,0.0,123.12,Completed
ORD-01777,CUST-0986,2025-02-12 13:00:00,748.0,0.0,59.84,0.0,807.84,Completed
ORD-01778,CUST-0335,2025-08-27 19:00:00,599.0,0.0,47.92,0.0,646.92,Completed
ORD-01779,CUST-0416,2025-11-21 17:00:00,634.0,126.8,40.58,0.0,547.78,Completed
ORD-01780,CUST-0139,2025-11-27 12:00:00,89.0,0.0,7.12,12.0,108.12,Completed
ORD-01781,CUST-0666,2025-01-28 10:00:00,129.0,12.9,9.29,0.0,125.39,Completed
ORD-01782,CUST-0126,2025-08-15 13:00:00,217.0,0.0,17.36,0.0,234.36,Completed
ORD-01783,CUST-0040,2025-04-12 17:00:00,128.0,12.8,9.22,0.0,124.42,Completed
ORD-01784,CUST-0685,2025-04-02 09:00:00,59.0,8.85,4.01,12.0,66.16,Completed
ORD-01785,CUST-0510,2025-03-04 10:00:00,349.0,34.9,25.13,0.0,339.23,Completed
ORD-01786,CUST-0601,2025-05-10 08:00:00,59.0,0.0,4.72,12.0,75.72,Completed
ORD-01787,CUST-0496,2025-01-30 22:00:00,149.0,14.9,10.73,0.0,144.83,Completed
ORD-01788,CUST-0669,2025-02-10 19:00:00,79.0,15.8,5.06,12.0,80.26,Completed
ORD-01789,CUST-0111,2025-05-17 18:00:00,35.0,0.0,2.8,12.0,49.8,Completed
ORD-01790,CUST-0613,2025-07-21 12:00:00,79.0,0.0,6.32,12.0,97.32,Completed
ORD-01791,CUST-0763,2025-03-09 13:00:00,1198.0,0.0,95.84,0.0,1293.84,Completed
ORD-01792,CUST-1059,2025-01-25 21:00:00,727.0,109.05,49.44,0.0,667.39,Completed
ORD-01793,CUST-0141,2025-10-08 13:00:00,79.0,0.0,6.32,12.0,97.32,Completed
ORD-01794,CUST-0804,2025-03-12 16:00:00,69.0,0.0,5.52,12.0,86.52,Completed
ORD-01795,CUST-0882,2025-10-09 21:00:00,99.0,19.8,6.34,12.0,97.54,Completed
ORD-01796,CUST-0487,2025-01-10 15:00:00,747.0,149.4,47.81,0.0,645.41,Completed
ORD-01797,CUST-1026,2025-12-08 18:00:00,118.0,0.0,9.44,0.0,127.44,Completed
ORD-01798,CUST-0627,2025-04-14 14:00:00,786.0,157.2,50.3,0.0,679.1,Completed
ORD-01799,CUST-0197,2025-04-21 17:00:00,29.0,0.0,2.32,12.0,43.32,Completed
ORD-01800,CUST-1142,2025-12-03 08:00:00,199.0,0.0,15.92,0.0,214.92,Completed
ORD-01801,CUST-0835,2025-08-31 19:00:00,35.0,0.0,2.8,12.0,49.8,Completed
ORD-01802,CUST-0862,2025-01-24 13:00:00,337.0,0.0,26.96,0.0,363.96,Completed
ORD-01803,CUST-1099,2025-07-14 15:00:00,599.0,0.0,47.92,0.0,646.92,Completed
ORD-01804,CUST-0320,2025-03-22 21:00:00,727.0,0.0,58.16,0.0,785.16,Completed
ORD-01805,CUST-0595,2025-03-30 11:00:00,599.0,59.9,43.13,0.0,582.23,Completed
ORD-01806,CUST-0059,2025-04-24 08:00:00,143.0,0.0,11.44,0.0,154.44,Completed
ORD-01807,CUST-0523,2025-06-22 16:00:00,349.0,69.8,22.34,0.0,301.54,Completed
ORD-01808,CUST-0540,2025-10-25 16:00:00,698.0,104.7,47.46,0.0,640.76,Completed
ORD-01809,CUST-1007,2025-02-13 14:00:00,599.0,0.0,47.92,0.0,646.92,Completed
ORD-01810,CUST-0749,2025-04-17 12:00:00,1326.0,0.0,106.08,0.0,1432.08,Completed
ORD-01811,CUST-0301,2025-01-18 13:00:00,208.0,20.8,14.98,0.0,202.18,Completed
ORD-01812,CUST-0962,2025-09-04 20:00:00,89.0,0.0,7.12,12.0,108.12,Completed
ORD-01813,CUST-1015,2025-10-07 17:00:00,428.0,42.8,30.82,0.0,416.02,Completed
ORD-01814,CUST-0026,2025-03-15 12:00:00,158.0,0.0,12.64,0.0,170.64,Completed
ORD-01815,CUST-0595,2025-01-13 13:00:00,599.0,0.0,47.92,0.0,646.92,Completed
ORD-01816,CUST-1155,2025-12-03 17:00:00,59.0,11.8,3.78,12.0,62.98,Completed
ORD-01817,CUST-0277,2025-02-04 11:00:00,69.0,6.9,4.97,12.0,79.07,Completed
ORD-01818,CUST-0122,2025-11-25 12:00:00,158.0,0.0,12.64,0.0,170.64,Completed
ORD-01819,CUST-1008,2025-05-21 15:00:00,35.0,5.25,2.38,12.0,44.13,Completed
ORD-01820,CUST-0847,2025-03-20 16:00:00,428.0,0.0,34.24,0.0,462.24,Completed
ORD-01821,CUST-0322,2025-03-29 20:00:00,599.0,59.9,43.13,0.0,582.23,Completed
ORD-01822,CUST-0512,2025-03-19 08:00:00,59.0,0.0,4.72,12.0,75.72,Completed
ORD-01823,CUST-0378,2025-06-17 17:00:00,69.0,6.9,4.97,12.0,79.07,Completed
ORD-01824,CUST-1039,2025-01-07 13:00:00,49.0,0.0,3.92,12.0,64.92,Completed
ORD-01825,CUST-0236,2025-04-22 17:00:00,69.0,0.0,5.52,12.0,86.52,Completed
ORD-01826,CUST-0069,2025-10-13 14:00:00,59.0,8.85,4.01,12.0,66.16,Completed
ORD-01827,CUST-1130,2025-05-25 12:00:00,149.0,0.0,11.92,0.0,160.92,Completed
ORD-01828,CUST-0532,2025-03-17 16:00:00,438.0,87.6,28.03,0.0,378.43,Completed
ORD-01829,CUST-0158,2025-01-24 09:00:00,877.0,131.55,59.64,0.0,805.09,Completed
ORD-01830,CUST-0249,2025-04-12 17:00:00,349.0,69.8,22.34,0.0,301.54,Completed
ORD-01831,CUST-0190,2025-10-18 21:00:00,128.0,0.0,10.24,0.0,138.24,Completed
ORD-01832,CUST-0775,2025-12-13 17:00:00,158.0,0.0,12.64,0.0,170.64,Completed
ORD-01833,CUST-0593,2025-01-24 12:00:00,89.0,0.0,7.12,12.0,108.12,Completed
ORD-01834,CUST-0228,2025-10-15 18:00:00,158.0,0.0,12.64,0.0,170.64,Completed
ORD-01835,CUST-0475,2025-02-07 21:00:00,59.0,8.85,4.01,12.0,66.16,Completed
ORD-01836,CUST-0849,2025-05-18 20:00:00,29.0,2.9,2.09,12.0,40.19,Completed
ORD-01837,CUST-0142,2025-01-26 20:00:00,198.0,19.8,14.26,0.0,192.46,Completed
ORD-01838,CUST-0938,2025-11-08 12:00:00,89.0,17.8,5.7,12.0,88.9,Completed
ORD-01839,CUST-0544,2025-12-23 15:00:00,89.0,0.0,7.12,12.0,108.12,Completed
ORD-01840,CUST-0469,2025-12-08 09:00:00,69.0,13.8,4.42,12.0,71.62,Completed
ORD-01841,CUST-0035,2025-10-29 13:00:00,142.0,14.2,10.22,0.0,138.02,Completed
ORD-01842,CUST-0180,2025-01-15 08:00:00,35.0,7.0,2.24,12.0,42.24,Completed
ORD-01843,CUST-0194,2025-03-26 08:00:00,766.0,114.9,52.09,0.0,703.19,Completed
ORD-01844,CUST-1150,2025-12-23 17:00:00,29.0,0.0,2.32,12.0,43.32,Completed
ORD-01845,CUST-0505,2025-01-11 08:00:00,1297.0,129.7,93.38,0.0,1260.68,Completed
ORD-01846,CUST-0985,2025-06-22 11:00:00,658.0,0.0,52.64,0.0,710.64,Completed
ORD-01847,CUST-0906,2025-10-04 08:00:00,349.0,52.35,23.73,0.0,320.38,Completed
ORD-01848,CUST-0177,2025-07-02 13:00:00,89.0,0.0,7.12,12.0,108.12,Completed
ORD-01849,CUST-1063,2025-12-16 19:00:00,149.0,0.0,11.92,0.0,160.92,Completed
ORD-01850,CUST-0984,2025-01-14 21:00:00,1198.0,0.0,95.84,0.0,1293.84,Completed
ORD-01851,CUST-0114,2025-12-01 14:00:00,79.0,15.8,5.06,12.0,80.26,Completed
ORD-01852,CUST-0229,2025-11-11 15:00:00,59.0,0.0,4.72,12.0,75.72,Completed
ORD-01853,CUST-1164,2025-08-07 19:00:00,59.0,0.0,4.72,12.0,75.72,Completed
ORD-01854,CUST-0312,2025-04-11 20:00:00,337.0,0.0,26.96,0.0,363.96,Completed
ORD-01855,CUST-0315,2025-12-04 20:00:00,35.0,0.0,2.8,12.0,49.8,Completed
ORD-01856,CUST-0161,2025-05-04 12:00:00,217.0,0.0,17.36,0.0,234.36,Completed
ORD-01857,CUST-0882,2025-06-19 18:00:00,89.0,17.8,5.7,12.0,88.9,Completed
ORD-01858,CUST-0257,2025-02-03 10:00:00,49.0,4.9,3.53,12.0,59.63,Completed
ORD-01859,CUST-0760,2025-07-21 12:00:00,79.0,0.0,6.32,12.0,97.32,Completed
ORD-01860,CUST-0918,2025-06-26 18:00:00,59.0,5.9,4.25,12.0,69.35,Completed
ORD-01861,CUST-0487,2025-03-31 19:00:00,307.0,30.7,22.1,0.0,298.4,Completed
ORD-01862,CUST-0742,2025-11-23 13:00:00,599.0,0.0,47.92,0.0,646.92,Completed
ORD-01863,CUST-0228,2025-01-15 21:00:00,129.0,25.8,8.26,0.0,111.46,Completed
ORD-01864,CUST-0395,2025-06-23 18:00:00,698.0,0.0,55.84,0.0,753.84,Completed
ORD-01865,CUST-0097,2025-12-22 10:00:00,98.0,0.0,7.84,12.0,117.84,Completed
ORD-01866,CUST-1149,2025-09-02 10:00:00,438.0,0.0,35.04,0.0,473.04,Completed
ORD-01867,CUST-1084,2025-11-10 11:00:00,386.0,38.6,27.79,0.0,375.19,Completed
ORD-01868,CUST-0287,2025-03-06 16:00:00,477.0,47.7,34.34,0.0,463.64,Completed
ORD-01869,CUST-0060,2025-10-17 20:00:00,208.0,31.2,14.14,0.0,190.94,Completed
ORD-01870,CUST-0136,2025-10-28 12:00:00,238.0,23.8,17.14,0.0,231.34,Completed
ORD-01871,CUST-0368,2025-03-13 20:00:00,293.0,0.0,23.44,0.0,316.44,Completed
ORD-01872,CUST-0359,2025-12-05 15:00:00,79.0,7.9,5.69,12.0,88.79,Completed
ORD-01873,CUST-0382,2025-12-16 20:00:00,35.0,3.5,2.52,12.0,46.02,Completed
ORD-01874,CUST-0880,2025-10-05 14:00:00,447.0,0.0,35.76,0.0,482.76,Completed
ORD-01875,CUST-0453,2025-05-16 17:00:00,79.0,15.8,5.06,12.0,80.26,Completed
ORD-01876,CUST-0175,2025-06-12 19:00:00,35.0,0.0,2.8,12.0,49.8,Completed
ORD-01877,CUST-0115,2025-07-18 19:00:00,117.0,0.0,9.36,0.0,126.36,Completed
ORD-01878,CUST-0730,2025-03-02 19:00:00,258.0,51.6,16.51,0.0,222.91,Completed
ORD-01879,CUST-0345,2025-03-26 14:00:00,79.0,0.0,6.32,12.0,97.32,Completed
ORD-01880,CUST-1097,2025-03-31 17:00:00,79.0,0.0,6.32,12.0,97.32,Completed
ORD-01881,CUST-1003,2025-03-30 22:00:00,138.0,13.8,9.94,0.0,134.14,Completed
ORD-01882,CUST-0522,2025-05-18 18:00:00,59.0,0.0,4.72,12.0,75.72,Completed
ORD-01883,CUST-0802,2025-08-22 08:00:00,407.0,0.0,32.56,0.0,439.56,Completed
ORD-01884,CUST-0949,2025-02-23 09:00:00,29.0,0.0,2.32,12.0,43.32,Completed
ORD-01885,CUST-0329,2025-01-10 16:00:00,89.0,8.9,6.41,12.0,98.51,Completed
ORD-01886,CUST-1184,2025-11-18 12:00:00,178.0,0.0,14.24,0.0,192.24,Completed
ORD-01887,CUST-0351,2025-01-21 22:00:00,89.0,0.0,7.12,12.0,108.12,Completed
ORD-01888,CUST-0904,2025-10-23 20:00:00,149.0,29.8,9.54,0.0,128.74,Completed
ORD-01889,CUST-0274,2025-12-18 21:00:00,149.0,22.35,10.13,0.0,136.78,Completed
ORD-01890,CUST-0143,2025-04-01 17:00:00,89.0,13.35,6.05,12.0,93.7,Completed
ORD-01891,CUST-0136,2025-06-06 13:00:00,1296.0,0.0,103.68,0.0,1399.68,Completed
ORD-01892,CUST-1052,2025-06-28 16:00:00,427.0,0.0,34.16,0.0,461.16,Completed
ORD-01893,CUST-0027,2025-02-07 10:00:00,599.0,59.9,43.13,0.0,582.23,Completed
ORD-01894,CUST-0006,2025-04-08 18:00:00,104.0,0.0,8.32,0.0,112.32,Completed
ORD-01895,CUST-0420,2025-11-06 10:00:00,79.0,15.8,5.06,12.0,80.26,Completed
ORD-01896,CUST-0812,2025-10-28 17:00:00,94.0,0.0,7.52,12.0,113.52,Completed
ORD-01897,CUST-0521,2025-05-19 08:00:00,129.0,25.8,8.26,0.0,111.46,Completed
ORD-01898,CUST-0009,2025-12-08 12:00:00,79.0,0.0,6.32,12.0,97.32,Completed
ORD-01899,CUST-1004,2025-04-07 14:00:00,149.0,0.0,11.92,0.0,160.92,Completed
ORD-01900,CUST-0735,2025-02-05 17:00:00,567.0,85.05,38.56,0.0,520.51,Completed
ORD-01901,CUST-0328,2025-03-09 18:00:00,143.0,21.45,9.72,0.0,131.27,Completed
ORD-01902,CUST-0482,2025-05-18 19:00:00,129.0,19.35,8.77,0.0,118.42,Completed
ORD-01903,CUST-0407,2025-01-16 09:00:00,263.0,52.6,16.83,0.0,227.23,Completed
ORD-01904,CUST-1113,2025-03-26 08:00:00,59.0,0.0,4.72,12.0,75.72,Completed
ORD-01905,CUST-0488,2025-06-18 22:00:00,79.0,15.8,5.06,12.0,80.26,Completed
ORD-01906,CUST-0139,2025-06-08 21:00:00,89.0,0.0,7.12,12.0,108.12,Completed
ORD-01907,CUST-0673,2025-06-01 18:00:00,149.0,0.0,11.92,0.0,160.92,Completed
ORD-01908,CUST-0723,2025-10-21 15:00:00,536.0,53.6,38.59,0.0,520.99,Completed
ORD-01909,CUST-0038,2025-06-19 15:00:00,207.0,0.0,16.56,0.0,223.56,Completed
ORD-01910,CUST-0797,2025-12-12 16:00:00,599.0,0.0,47.92,0.0,646.92,Completed
ORD-01911,CUST-0714,2025-03-12 09:00:00,49.0,9.8,3.14,12.0,54.34,Completed
ORD-01912,CUST-0125,2025-12-02 12:00:00,49.0,4.9,3.53,12.0,59.63,Completed
ORD-01913,CUST-0015,2025-10-18 14:00:00,138.0,27.6,8.83,0.0,119.23,Completed
ORD-01914,CUST-1183,2025-11-01 10:00:00,79.0,0.0,6.32,12.0,97.32,Completed
ORD-01915,CUST-0100,2025-04-23 11:00:00,149.0,0.0,11.92,0.0,160.92,Completed
ORD-01916,CUST-0749,2025-10-15 21:00:00,349.0,0.0,27.92,0.0,376.92,Completed
ORD-01917,CUST-0529,2025-10-22 15:00:00,678.0,0.0,54.24,0.0,732.24,Completed
ORD-01918,CUST-0486,2025-06-23 17:00:00,153.0,22.95,10.4,0.0,140.45,Completed
ORD-01919,CUST-0635,2025-02-07 14:00:00,327.0,32.7,23.54,0.0,317.84,Completed
ORD-01920,CUST-0610,2025-07-01 17:00:00,668.0,0.0,53.44,0.0,721.44,Completed
ORD-01921,CUST-1056,2025-12-23 13:00:00,79.0,15.8,5.06,12.0,80.26,Completed
ORD-01922,CUST-1173,2025-07-06 16:00:00,178.0,0.0,14.24,0.0,192.24,Completed
ORD-01923,CUST-1018,2025-11-24 14:00:00,178.0,0.0,14.24,0.0,192.24,Completed
ORD-01924,CUST-1002,2025-12-22 11:00:00,433.0,0.0,34.64,0.0,467.64,Completed
ORD-01925,CUST-0795,2025-03-21 18:00:00,29.0,5.8,1.86,12.0,37.06,Completed
ORD-01926,CUST-1196,2025-03-13 19:00:00,69.0,6.9,4.97,12.0,79.07,Completed
ORD-01927,CUST-0838,2025-12-11 10:00:00,599.0,59.9,43.13,0.0,582.23,Completed
ORD-01928,CUST-0179,2025-03-12 22:00:00,149.0,0.0,11.92,0.0,160.92,Completed
ORD-01929,CUST-0643,2025-05-22 12:00:00,69.0,0.0,5.52,12.0,86.52,Completed
ORD-01930,CUST-0386,2025-03-16 12:00:00,69.0,10.35,4.69,12.0,75.34,Completed
ORD-01931,CUST-0069,2025-06-04 13:00:00,748.0,149.6,47.87,0.0,646.27,Completed
ORD-01932,CUST-0516,2025-10-20 12:00:00,59.0,0.0,4.72,12.0,75.72,Completed
ORD-01933,CUST-0328,2025-12-05 22:00:00,35.0,0.0,2.8,12.0,49.8,Completed
ORD-01934,CUST-0858,2025-10-26 09:00:00,298.0,29.8,21.46,0.0,289.66,Completed
ORD-01935,CUST-0055,2025-06-02 14:00:00,124.0,18.6,8.43,0.0,113.83,Completed
ORD-01936,CUST-0664,2025-06-24 17:00:00,129.0,0.0,10.32,0.0,139.32,Completed
ORD-01937,CUST-0682,2025-11-01 15:00:00,138.0,13.8,9.94,0.0,134.14,Completed
ORD-01938,CUST-1181,2025-02-01 12:00:00,29.0,0.0,2.32,12.0,43.32,Completed
ORD-01939,CUST-0501,2025-11-12 21:00:00,807.0,161.4,51.65,0.0,697.25,Completed
ORD-01940,CUST-0768,2025-12-13 08:00:00,79.0,0.0,6.32,12.0,97.32,Completed
ORD-01941,CUST-0947,2025-01-31 18:00:00,599.0,59.9,43.13,0.0,582.23,Completed
ORD-01942,CUST-0518,2025-02-08 14:00:00,349.0,0.0,27.92,0.0,376.92,Completed
ORD-01943,CUST-1129,2025-04-13 21:00:00,349.0,34.9,25.13,0.0,339.23,Completed
ORD-01944,CUST-1184,2025-11-29 17:00:00,79.0,0.0,6.32,12.0,97.32,Completed
ORD-01945,CUST-0984,2025-03-27 08:00:00,198.0,39.6,12.67,0.0,171.07,Completed
ORD-01946,CUST-0573,2025-01-30 12:00:00,59.0,11.8,3.78,12.0,62.98,Completed
ORD-01947,CUST-0342,2025-03-16 08:00:00,149.0,0.0,11.92,0.0,160.92,Completed
ORD-01948,CUST-1062,2025-01-14 09:00:00,79.0,0.0,6.32,12.0,97.32,Completed
ORD-01949,CUST-0597,2025-10-24 16:00:00,98.0,19.6,6.27,12.0,96.67,Completed
ORD-01950,CUST-0837,2025-12-16 21:00:00,328.0,65.6,20.99,0.0,283.39,Completed
ORD-01951,CUST-0319,2025-06-05 10:00:00,59.0,8.85,4.01,12.0,66.16,Completed
ORD-01952,CUST-0962,2025-12-06 08:00:00,49.0,7.35,3.33,12.0,56.98,Completed
ORD-01953,CUST-0854,2025-10-30 20:00:00,656.0,65.6,47.23,0.0,637.63,Completed
ORD-01954,CUST-1118,2025-11-03 08:00:00,278.0,55.6,17.79,0.0,240.19,Completed
ORD-01955,CUST-0527,2025-01-10 13:00:00,384.0,57.6,26.11,0.0,352.51,Completed
ORD-01956,CUST-0793,2025-07-23 16:00:00,384.0,0.0,30.72,0.0,414.72,Completed
ORD-01957,CUST-0967,2025-10-23 21:00:00,79.0,0.0,6.32,12.0,97.32,Completed
ORD-01958,CUST-0253,2025-05-15 10:00:00,35.0,0.0,2.8,12.0,49.8,Completed
ORD-01959,CUST-0817,2025-02-13 17:00:00,133.0,0.0,10.64,0.0,143.64,Completed
ORD-01960,CUST-0243,2025-12-15 15:00:00,599.0,0.0,47.92,0.0,646.92,Completed
ORD-01961,CUST-0113,2025-05-18 12:00:00,29.0,5.8,1.86,12.0,37.06,Completed
ORD-01962,CUST-0777,2025-04-11 22:00:00,35.0,0.0,2.8,12.0,49.8,Completed
ORD-01963,CUST-0188,2025-11-20 08:00:00,349.0,52.35,23.73,0.0,320.38,Completed
ORD-01964,CUST-0058,2025-01-07 13:00:00,35.0,0.0,2.8,12.0,49.8,Completed
ORD-01965,CUST-0970,2025-04-15 18:00:00,349.0,34.9,25.13,0.0,339.23,Completed
ORD-01966,CUST-0964,2025-12-20 12:00:00,49.0,7.35,3.33,12.0,56.98,Completed
ORD-01967,CUST-0472,2025-08-05 13:00:00,218.0,0.0,17.44,0.0,235.44,Completed
ORD-01968,CUST-0529,2025-03-04 12:00:00,349.0,34.9,25.13,0.0,339.23,Completed
ORD-01969,CUST-0903,2025-05-20 22:00:00,79.0,15.8,5.06,12.0,80.26,Completed
ORD-01970,CUST-0868,2025-07-22 19:00:00,349.0,0.0,27.92,0.0,376.92,Completed
ORD-01971,CUST-0772,2025-01-03 21:00:00,128.0,0.0,10.24,0.0,138.24,Completed
ORD-01972,CUST-0744,2025-12-15 16:00:00,69.0,0.0,5.52,12.0,86.52,Completed
ORD-01973,CUST-1056,2025-06-16 14:00:00,599.0,119.8,38.34,0.0,517.54,Completed
ORD-01974,CUST-0524,2025-02-15 17:00:00,89.0,13.35,6.05,12.0,93.7,Completed
ORD-01975,CUST-0499,2025-11-07 09:00:00,1198.0,179.7,81.46,0.0,1099.76,Completed
ORD-01976,CUST-0146,2025-05-09 14:00:00,70.0,0.0,5.6,12.0,87.6,Completed
ORD-01977,CUST-0659,2025-03-05 11:00:00,478.0,95.6,30.59,0.0,412.99,Completed
ORD-01978,CUST-0407,2025-11-20 22:00:00,333.0,49.95,22.64,0.0,305.69,Completed
ORD-01979,CUST-1015,2025-03-01 13:00:00,149.0,29.8,9.54,0.0,128.74,Completed
ORD-01980,CUST-1123,2025-11-09 10:00:00,197.0,0.0,15.76,0.0,212.76,Completed
ORD-01981,CUST-1106,2025-06-08 08:00:00,118.0,23.6,7.55,0.0,101.95,Completed
ORD-01982,CUST-1122,2025-12-16 15:00:00,129.0,0.0,10.32,0.0,139.32,Completed
ORD-01983,CUST-0376,2025-11-23 20:00:00,149.0,14.9,10.73,0.0,144.83,Completed
ORD-01984,CUST-0868,2025-11-09 22:00:00,79.0,15.8,5.06,12.0,80.26,Completed
ORD-01985,CUST-0964,2025-06-05 16:00:00,418.0,41.8,30.1,0.0,406.3,Completed
ORD-01986,CUST-1191,2025-04-20 14:00:00,545.0,0.0,43.6,0.0,588.6,Completed
ORD-01987,CUST-1191,2025-10-16 16:00:00,149.0,22.35,10.13,0.0,136.78,Completed
ORD-01988,CUST-0604,2025-03-28 19:00:00,698.0,139.6,44.67,0.0,603.07,Completed
ORD-01989,CUST-1136,2025-03-11 19:00:00,777.0,0.0,62.16,0.0,839.16,Completed
ORD-01990,CUST-0058,2025-06-23 12:00:00,158.0,0.0,12.64,0.0,170.64,Completed
ORD-01991,CUST-0776,2025-03-29 18:00:00,599.0,119.8,38.34,0.0,517.54,Completed
ORD-01992,CUST-0361,2025-11-30 19:00:00,129.0,0.0,10.32,0.0,139.32,Completed
ORD-01993,CUST-0332,2025-10-23 14:00:00,498.0,0.0,39.84,0.0,537.84,Completed
ORD-01994,CUST-1007,2025-04-05 22:00:00,1198.0,239.6,76.67,0.0,1035.07,Completed
ORD-01995,CUST-0159,2025-06-06 17:00:00,129.0,19.35,8.77,0.0,118.42,Completed
ORD-01996,CUST-0887,2025-05-20 16:00:00,29.0,2.9,2.09,12.0,40.19,Completed
ORD-01997,CUST-0694,2025-04-12 16:00:00,1198.0,179.7,81.46,0.0,1099.76,Completed
ORD-01998,CUST-0559,2025-12-23 20:00:00,58.0,8.7,3.94,12.0,65.24,Completed
ORD-01999,CUST-0920,2025-06-18 10:00:00,35.0,0.0,2.8,12.0,49.8,Completed
ORD-02000,CUST-0344,2025-10-04 16:00:00,49.0,0.0,3.92,12.0,64.92,Completed
ORD-02001,CUST-0344,2025-03-02 11:00:00,296.0,59.2,18.94,0.0,255.74,Completed
ORD-02002,CUST-1117,2025-11-04 19:00:00,149.0,29.8,9.54,0.0,128.74,Completed
ORD-02003,CUST-0060,2025-03-18 08:00:00,89.0,0.0,7.12,12.0,108.12,Completed
ORD-02004,CUST-0897,2025-01-04 14:00:00,138.0,0.0,11.04,0.0,149.04,Completed
ORD-02005,CUST-0755,2025-06-11 10:00:00,243.0,36.45,16.52,0.0,223.07,Completed
ORD-02006,CUST-0437,2025-06-29 17:00:00,149.0,14.9,10.73,0.0,144.83,Completed
ORD-02007,CUST-0260,2025-06-12 22:00:00,149.0,0.0,11.92,0.0,160.92,Completed
ORD-02008,CUST-0313,2025-06-02 22:00:00,49.0,4.9,3.53,12.0,59.63,Completed
ORD-02009,CUST-1186,2025-08-23 18:00:00,349.0,0.0,27.92,0.0,376.92,Completed
ORD-02010,CUST-1143,2025-02-02 20:00:00,267.0,53.4,17.09,0.0,230.69,Completed
ORD-02011,CUST-0704,2025-01-29 12:00:00,104.0,10.4,7.49,0.0,101.09,Completed
ORD-02012,CUST-0384,2025-11-16 21:00:00,247.0,0.0,19.76,0.0,266.76,Completed
ORD-02013,CUST-0897,2025-10-11 11:00:00,79.0,11.85,5.37,12.0,84.52,Completed
ORD-02014,CUST-0327,2025-02-10 14:00:00,79.0,0.0,6.32,12.0,97.32,Completed
ORD-02015,CUST-0175,2025-01-24 21:00:00,599.0,59.9,43.13,0.0,582.23,Completed
ORD-02016,CUST-1034,2025-10-10 16:00:00,129.0,0.0,10.32,0.0,139.32,Completed
ORD-02017,CUST-0657,2025-10-08 20:00:00,35.0,0.0,2.8,12.0,49.8,Completed
ORD-02018,CUST-0240,2025-03-14 15:00:00,129.0,12.9,9.29,0.0,125.39,Completed
ORD-02019,CUST-0922,2025-12-19 09:00:00,129.0,19.35,8.77,0.0,118.42,Completed
ORD-02020,CUST-0948,2025-12-08 13:00:00,79.0,11.85,5.37,12.0,84.52,Completed
ORD-02021,CUST-0053,2025-06-15 22:00:00,278.0,0.0,22.24,0.0,300.24,Completed
ORD-02022,CUST-0908,2025-12-13 22:00:00,79.0,7.9,5.69,12.0,88.79,Completed
ORD-02023,CUST-0641,2025-05-24 20:00:00,93.0,0.0,7.44,12.0,112.44,Completed
ORD-02024,CUST-0808,2025-01-14 17:00:00,418.0,62.7,28.42,0.0,383.72,Completed
ORD-02025,CUST-0606,2025-01-23 08:00:00,35.0,5.25,2.38,12.0,44.13,Completed
ORD-02026,CUST-0949,2025-12-25 10:00:00,296.0,44.4,20.13,0.0,271.73,Completed
ORD-02027,CUST-0586,2025-04-07 11:00:00,35.0,0.0,2.8,12.0,49.8,Completed
ORD-02028,CUST-1180,2025-04-15 09:00:00,263.0,0.0,21.04,0.0,284.04,Completed
ORD-02029,CUST-0056,2025-11-08 22:00:00,35.0,3.5,2.52,12.0,46.02,Completed
ORD-02030,CUST-0666,2025-01-15 16:00:00,349.0,52.35,23.73,0.0,320.38,Completed
ORD-02031,CUST-0478,2025-12-13 15:00:00,35.0,3.5,2.52,12.0,46.02,Completed
ORD-02032,CUST-0946,2025-10-06 10:00:00,398.0,0.0,31.84,0.0,429.84,Completed
ORD-02033,CUST-0418,2025-03-03 09:00:00,69.0,6.9,4.97,12.0,79.07,Completed
ORD-02034,CUST-1077,2025-01-26 16:00:00,35.0,0.0,2.8,12.0,49.8,Completed
ORD-02035,CUST-0739,2025-02-15 09:00:00,29.0,2.9,2.09,12.0,40.19,Completed
ORD-02036,CUST-0394,2025-12-03 09:00:00,417.0,0.0,33.36,0.0,450.36,Completed
ORD-02037,CUST-0992,2025-04-14 16:00:00,698.0,139.6,44.67,0.0,603.07,Completed
ORD-02038,CUST-0596,2025-01-17 11:00:00,149.0,14.9,10.73,0.0,144.83,Completed
ORD-02039,CUST-0558,2025-05-15 17:00:00,59.0,0.0,4.72,12.0,75.72,Completed
ORD-02040,CUST-1064,2025-10-23 08:00:00,79.0,7.9,5.69,12.0,88.79,Completed
ORD-02041,CUST-0734,2025-12-01 15:00:00,129.0,0.0,10.32,0.0,139.32,Completed
ORD-02042,CUST-0428,2025-01-22 18:00:00,762.0,0.0,60.96,0.0,822.96,Completed
ORD-02043,CUST-0647,2025-12-20 20:00:00,856.0,0.0,68.48,0.0,924.48,Completed
ORD-02044,CUST-0870,2025-10-02 08:00:00,158.0,31.6,10.11,0.0,136.51,Completed
ORD-02045,CUST-0814,2025-04-15 10:00:00,59.0,11.8,3.78,12.0,62.98,Completed
ORD-02046,CUST-0222,2025-06-12 16:00:00,217.0,0.0,17.36,0.0,234.36,Completed
ORD-02047,CUST-0100,2025-03-16 10:00:00,599.0,119.8,38.34,0.0,517.54,Completed
ORD-02048,CUST-0692,2025-09-09 12:00:00,78.0,0.0,6.24,12.0,96.24,Completed
ORD-02049,CUST-0351,2025-06-22 19:00:00,357.0,53.55,24.28,0.0,327.73,Completed
ORD-02050,CUST-1110,2025-03-14 18:00:00,69.0,0.0,5.52,12.0,86.52,Completed
ORD-02051,CUST-0231,2025-02-15 14:00:00,356.0,71.2,22.78,0.0,307.58,Completed
ORD-02052,CUST-0401,2025-12-02 10:00:00,49.0,7.35,3.33,12.0,56.98,Completed
ORD-02053,CUST-0900,2025-06-10 14:00:00,49.0,7.35,3.33,12.0,56.98,Completed
ORD-02054,CUST-0202,2025-10-06 10:00:00,349.0,52.35,23.73,0.0,320.38,Completed
ORD-02055,CUST-0346,2025-10-26 08:00:00,599.0,0.0,47.92,0.0,646.92,Completed
ORD-02056,CUST-0552,2025-02-02 15:00:00,49.0,4.9,3.53,12.0,59.63,Completed
ORD-02057,CUST-0777,2025-02-07 14:00:00,69.0,0.0,5.52,12.0,86.52,Completed
ORD-02058,CUST-0064,2025-07-12 09:00:00,49.0,0.0,3.92,12.0,64.92,Completed
ORD-02059,CUST-0682,2025-06-08 13:00:00,129.0,12.9,9.29,0.0,125.39,Completed
ORD-02060,CUST-0778,2025-05-29 15:00:00,69.0,6.9,4.97,12.0,79.07,Completed
ORD-02061,CUST-0595,2025-12-13 12:00:00,79.0,0.0,6.32,12.0,97.32,Completed
ORD-02062,CUST-0726,2025-10-02 08:00:00,826.0,165.2,52.86,0.0,713.66,Completed
ORD-02063,CUST-0307,2025-09-25 14:00:00,533.0,0.0,42.64,0.0,575.64,Completed
ORD-02064,CUST-0426,2025-12-04 16:00:00,158.0,0.0,12.64,0.0,170.64,Completed
ORD-02065,CUST-1200,2025-02-15 09:00:00,678.0,135.6,43.39,0.0,585.79,Completed
ORD-02066,CUST-0532,2025-01-10 11:00:00,104.0,0.0,8.32,0.0,112.32,Completed
ORD-02067,CUST-0971,2025-01-18 08:00:00,118.0,0.0,9.44,0.0,127.44,Completed
ORD-02068,CUST-0678,2025-10-23 13:00:00,149.0,0.0,11.92,0.0,160.92,Completed
ORD-02069,CUST-0728,2025-12-14 14:00:00,149.0,29.8,9.54,0.0,128.74,Completed
ORD-02070,CUST-0725,2025-03-08 15:00:00,1198.0,0.0,95.84,0.0,1293.84,Completed
ORD-02071,CUST-0230,2025-02-07 11:00:00,69.0,10.35,4.69,12.0,75.34,Completed
ORD-02072,CUST-1199,2025-06-27 09:00:00,118.0,23.6,7.55,0.0,101.95,Completed
ORD-02073,CUST-0187,2025-01-13 09:00:00,58.0,0.0,4.64,12.0,74.64,Completed
ORD-02074,CUST-0257,2025-12-08 18:00:00,258.0,25.8,18.58,0.0,250.78,Completed
ORD-02075,CUST-0084,2025-10-17 12:00:00,69.0,0.0,5.52,12.0,86.52,Completed
ORD-02076,CUST-0503,2025-05-24 20:00:00,149.0,29.8,9.54,0.0,128.74,Completed
ORD-02077,CUST-0736,2025-12-04 15:00:00,748.0,0.0,59.84,0.0,807.84,Completed
ORD-02078,CUST-0561,2025-10-07 21:00:00,29.0,0.0,2.32,12.0,43.32,Completed
ORD-02079,CUST-1075,2025-08-28 08:00:00,98.0,0.0,7.84,12.0,117.84,Completed
ORD-02080,CUST-0999,2025-03-03 09:00:00,138.0,0.0,11.04,0.0,149.04,Completed
ORD-02081,CUST-0528,2025-01-16 17:00:00,138.0,20.7,9.38,0.0,126.68,Completed
ORD-02082,CUST-1003,2025-12-24 21:00:00,347.0,69.4,22.21,0.0,299.81,Completed
ORD-02083,CUST-0599,2025-10-30 08:00:00,58.0,5.8,4.18,12.0,68.38,Completed
ORD-02084,CUST-0698,2025-05-21 10:00:00,78.0,7.8,5.62,12.0,87.82,Completed
ORD-02085,CUST-0340,2025-11-23 17:00:00,728.0,72.8,52.42,0.0,707.62,Completed
ORD-02086,CUST-1125,2025-10-20 18:00:00,129.0,0.0,10.32,0.0,139.32,Completed
ORD-02087,CUST-1085,2025-01-10 21:00:00,49.0,0.0,3.92,12.0,64.92,Completed
ORD-02088,CUST-0916,2025-04-01 16:00:00,29.0,5.8,1.86,12.0,37.06,Completed
ORD-02089,CUST-0891,2025-10-24 11:00:00,49.0,0.0,3.92,12.0,64.92,Completed
ORD-02090,CUST-1055,2025-12-07 17:00:00,197.0,19.7,14.18,0.0,191.48,Completed
ORD-02091,CUST-0840,2025-10-19 18:00:00,208.0,41.6,13.31,0.0,179.71,Completed
ORD-02092,CUST-0739,2025-02-11 10:00:00,79.0,15.8,5.06,12.0,80.26,Completed
ORD-02093,CUST-1183,2025-01-22 12:00:00,1347.0,269.4,86.21,0.0,1163.81,Completed
ORD-02094,CUST-0463,2025-03-25 18:00:00,158.0,15.8,11.38,0.0,153.58,Completed
ORD-02095,CUST-0495,2025-02-08 20:00:00,728.0,109.2,49.5,0.0,668.3,Completed
ORD-02096,CUST-0301,2025-06-13 14:00:00,349.0,34.9,25.13,0.0,339.23,Completed
ORD-02097,CUST-0988,2025-10-22 17:00:00,218.0,0.0,17.44,0.0,235.44,Completed
ORD-02098,CUST-0428,2025-10-28 11:00:00,376.0,37.6,27.07,0.0,365.47,Completed
ORD-02099,CUST-0954,2025-04-01 18:00:00,438.0,87.6,28.03,0.0,378.43,Completed
ORD-02100,CUST-0109,2025-12-09 10:00:00,599.0,119.8,38.34,0.0,517.54,Completed
ORD-02101,CUST-0023,2025-03-15 22:00:00,84.0,8.4,6.05,12.0,93.65,Completed
ORD-02102,CUST-1093,2025-11-10 20:00:00,35.0,0.0,2.8,12.0,49.8,Completed
ORD-02103,CUST-0552,2025-10-07 17:00:00,133.0,0.0,10.64,0.0,143.64,Completed
ORD-02104,CUST-0978,2025-10-20 18:00:00,35.0,0.0,2.8,12.0,49.8,Completed
ORD-02105,CUST-0606,2025-06-03 12:00:00,498.0,49.8,35.86,0.0,484.06,Completed
ORD-02106,CUST-0950,2025-03-28 12:00:00,49.0,9.8,3.14,12.0,54.34,Completed
ORD-02107,CUST-0406,2025-12-17 16:00:00,98.0,9.8,7.06,12.0,107.26,Completed
ORD-02108,CUST-1172,2025-12-19 17:00:00,35.0,3.5,2.52,12.0,46.02,Completed
ORD-02109,CUST-0433,2025-05-16 11:00:00,29.0,5.8,1.86,12.0,37.06,Completed
ORD-02110,CUST-0708,2025-02-11 18:00:00,129.0,0.0,10.32,0.0,139.32,Completed
ORD-02111,CUST-1074,2025-02-04 18:00:00,69.0,13.8,4.42,12.0,71.62,Completed
ORD-02112,CUST-0192,2025-10-18 17:00:00,29.0,0.0,2.32,12.0,43.32,Completed
ORD-02113,CUST-0183,2025-01-01 11:00:00,298.0,0.0,23.84,0.0,321.84,Completed
ORD-02114,CUST-0781,2025-01-30 13:00:00,124.0,24.8,7.94,0.0,107.14,Completed
ORD-02115,CUST-0467,2025-06-23 13:00:00,89.0,13.35,6.05,12.0,93.7,Completed
ORD-02116,CUST-0657,2025-05-27 14:00:00,35.0,0.0,2.8,12.0,49.8,Completed
ORD-02117,CUST-0407,2025-02-11 15:00:00,149.0,0.0,11.92,0.0,160.92,Completed
ORD-02118,CUST-0033,2025-10-14 14:00:00,35.0,3.5,2.52,12.0,46.02,Completed
ORD-02119,CUST-0719,2025-12-03 20:00:00,49.0,0.0,3.92,12.0,64.92,Completed
ORD-02120,CUST-0349,2025-04-15 12:00:00,89.0,0.0,7.12,12.0,108.12,Completed
ORD-02121,CUST-0134,2025-10-01 20:00:00,599.0,89.85,40.73,0.0,549.88,Completed
ORD-02122,CUST-1124,2025-10-02 19:00:00,49.0,7.35,3.33,12.0,56.98,Completed
ORD-02123,CUST-0624,2025-08-18 20:00:00,108.0,0.0,8.64,0.0,116.64,Completed
ORD-02124,CUST-0573,2025-10-04 20:00:00,257.0,38.55,17.48,0.0,235.93,Completed
ORD-02125,CUST-0750,2025-11-26 08:00:00,59.0,8.85,4.01,12.0,66.16,Completed
ORD-02126,CUST-0858,2025-12-09 12:00:00,138.0,0.0,11.04,0.0,149.04,Completed
ORD-02127,CUST-0667,2025-11-21 18:00:00,349.0,69.8,22.34,0.0,301.54,Completed
ORD-02128,CUST-1111,2025-06-05 19:00:00,29.0,0.0,2.32,12.0,43.32,Completed
ORD-02129,CUST-0912,2025-06-06 08:00:00,108.0,21.6,6.91,0.0,93.31,Completed
ORD-02130,CUST-0324,2025-01-30 10:00:00,79.0,0.0,6.32,12.0,97.32,Completed
ORD-02131,CUST-0799,2025-11-30 12:00:00,89.0,17.8,5.7,12.0,88.9,Completed
ORD-02132,CUST-0676,2025-01-21 21:00:00,728.0,0.0,58.24,0.0,786.24,Completed
ORD-02133,CUST-0011,2025-01-23 13:00:00,69.0,0.0,5.52,12.0,86.52,Completed
ORD-02134,CUST-0614,2025-01-23 15:00:00,129.0,0.0,10.32,0.0,139.32,Completed
ORD-02135,CUST-0168,2025-03-12 09:00:00,89.0,17.8,5.7,12.0,88.9,Completed
ORD-02136,CUST-0642,2025-10-10 20:00:00,747.0,0.0,59.76,0.0,806.76,Completed
ORD-02137,CUST-0091,2025-05-22 13:00:00,89.0,8.9,6.41,12.0,98.51,Completed
ORD-02138,CUST-1114,2025-10-01 09:00:00,79.0,0.0,6.32,12.0,97.32,Completed
ORD-02139,CUST-0343,2025-10-13 20:00:00,599.0,89.85,40.73,0.0,549.88,Completed
ORD-02140,CUST-0725,2025-02-18 16:00:00,757.0,0.0,60.56,0.0,817.56,Completed
ORD-02141,CUST-0605,2025-11-27 11:00:00,49.0,7.35,3.33,12.0,56.98,Completed
ORD-02142,CUST-0689,2025-01-24 21:00:00,59.0,11.8,3.78,12.0,62.98,Completed
ORD-02143,CUST-1009,2025-02-13 08:00:00,149.0,14.9,10.73,0.0,144.83,Completed
ORD-02144,CUST-0334,2025-10-13 22:00:00,49.0,0.0,3.92,12.0,64.92,Completed
ORD-02145,CUST-0866,2025-12-04 11:00:00,89.0,13.35,6.05,12.0,93.7,Completed
ORD-02146,CUST-0335,2025-01-22 17:00:00,1198.0,0.0,95.84,0.0,1293.84,Completed
ORD-02147,CUST-0437,2025-02-09 15:00:00,79.0,15.8,5.06,12.0,80.26,Completed
ORD-02148,CUST-0523,2025-10-26 09:00:00,278.0,0.0,22.24,0.0,300.24,Completed
ORD-02149,CUST-0471,2025-07-18 17:00:00,267.0,0.0,21.36,0.0,288.36,Completed
ORD-02150,CUST-0884,2025-02-13 09:00:00,35.0,3.5,2.52,12.0,46.02,Completed
ORD-02151,CUST-0454,2025-03-21 13:00:00,147.0,0.0,11.76,0.0,158.76,Completed
ORD-02152,CUST-0879,2025-04-24 09:00:00,158.0,0.0,12.64,0.0,170.64,Completed
ORD-02153,CUST-1035,2025-02-23 21:00:00,384.0,0.0,30.72,0.0,414.72,Completed
ORD-02154,CUST-1122,2025-06-06 08:00:00,349.0,0.0,27.92,0.0,376.92,Completed
ORD-02155,CUST-0445,2025-01-04 16:00:00,69.0,0.0,5.52,12.0,86.52,Completed
ORD-02156,CUST-1141,2025-05-10 12:00:00,378.0,0.0,30.24,0.0,408.24,Completed
ORD-02157,CUST-0210,2025-12-05 12:00:00,158.0,0.0,12.64,0.0,170.64,Completed
ORD-02158,CUST-0828,2025-06-16 08:00:00,108.0,10.8,7.78,0.0,104.98,Completed
ORD-02159,CUST-1119,2025-06-28 17:00:00,149.0,0.0,11.92,0.0,160.92,Completed
ORD-02160,CUST-0562,2025-04-12 17:00:00,79.0,15.8,5.06,12.0,80.26,Completed
ORD-02161,CUST-0883,2025-04-13 20:00:00,129.0,19.35,8.77,0.0,118.42,Completed
ORD-02162,CUST-0400,2025-10-19 15:00:00,35.0,7.0,2.24,12.0,42.24,Completed
ORD-02163,CUST-0602,2025-11-03 13:00:00,442.0,0.0,35.36,0.0,477.36,Completed
ORD-02164,CUST-0248,2025-07-18 10:00:00,89.0,0.0,7.12,12.0,108.12,Completed
ORD-02165,CUST-1070,2025-11-05 17:00:00,223.0,22.3,16.06,0.0,216.76,Completed
ORD-02166,CUST-1020,2025-12-17 12:00:00,79.0,0.0,6.32,12.0,97.32,Completed
ORD-02167,CUST-1019,2025-04-16 09:00:00,69.0,0.0,5.52,12.0,86.52,Completed
ORD-02168,CUST-0416,2025-06-08 21:00:00,79.0,11.85,5.37,12.0,84.52,Completed
ORD-02169,CUST-0800,2025-08-20 10:00:00,599.0,0.0,47.92,0.0,646.92,Completed
ORD-02170,CUST-0308,2025-06-30 22:00:00,349.0,0.0,27.92,0.0,376.92,Completed
ORD-02171,CUST-1055,2025-10-02 13:00:00,237.0,0.0,18.96,0.0,255.96,Completed
ORD-02172,CUST-0014,2025-04-07 12:00:00,438.0,0.0,35.04,0.0,473.04,Completed
ORD-02173,CUST-0576,2025-10-03 22:00:00,69.0,0.0,5.52,12.0,86.52,Completed
ORD-02174,CUST-0404,2025-10-31 17:00:00,748.0,74.8,53.86,0.0,727.06,Completed
ORD-02175,CUST-0468,2025-11-09 17:00:00,427.0,85.4,27.33,0.0,368.93,Completed
ORD-02176,CUST-0309,2025-03-25 14:00:00,237.0,0.0,18.96,0.0,255.96,Completed
ORD-02177,CUST-0970,2025-06-06 21:00:00,49.0,4.9,3.53,12.0,59.63,Completed
ORD-02178,CUST-0401,2025-09-10 21:00:00,69.0,0.0,5.52,12.0,86.52,Completed
ORD-02179,CUST-0263,2025-03-21 09:00:00,64.0,0.0,5.12,12.0,81.12,Completed
ORD-02180,CUST-0679,2025-03-17 13:00:00,49.0,9.8,3.14,12.0,54.34,Completed
ORD-02181,CUST-0326,2025-06-12 14:00:00,129.0,12.9,9.29,0.0,125.39,Completed
ORD-02182,CUST-1107,2025-10-20 13:00:00,88.0,0.0,7.04,12.0,107.04,Completed
ORD-02183,CUST-0968,2025-01-23 19:00:00,349.0,34.9,25.13,0.0,339.23,Completed
ORD-02184,CUST-0812,2025-02-09 21:00:00,418.0,0.0,33.44,0.0,451.44,Completed
ORD-02185,CUST-0250,2025-10-06 12:00:00,79.0,15.8,5.06,12.0,80.26,Completed
ORD-02186,CUST-0627,2025-10-20 12:00:00,79.0,15.8,5.06,12.0,80.26,Completed
ORD-02187,CUST-0199,2025-12-16 21:00:00,178.0,0.0,14.24,0.0,192.24,Completed
ORD-02188,CUST-1190,2025-03-26 17:00:00,349.0,0.0,27.92,0.0,376.92,Completed
ORD-02189,CUST-0094,2025-11-21 12:00:00,79.0,0.0,6.32,12.0,97.32,Completed
ORD-02190,CUST-0747,2025-10-05 19:00:00,384.0,0.0,30.72,0.0,414.72,Completed
ORD-02191,CUST-0190,2025-09-01 16:00:00,98.0,0.0,7.84,12.0,117.84,Completed
ORD-02192,CUST-0268,2025-11-29 15:00:00,89.0,17.8,5.7,12.0,88.9,Completed
ORD-02193,CUST-0591,2025-01-23 11:00:00,149.0,22.35,10.13,0.0,136.78,Completed
ORD-02194,CUST-0541,2025-10-01 12:00:00,698.0,69.8,50.26,0.0,678.46,Completed
ORD-02195,CUST-0812,2025-06-13 15:00:00,668.0,133.6,42.75,0.0,577.15,Completed
ORD-02196,CUST-0842,2025-06-30 14:00:00,59.0,0.0,4.72,12.0,75.72,Completed
ORD-02197,CUST-0286,2025-11-29 09:00:00,64.0,6.4,4.61,12.0,74.21,Completed
ORD-02198,CUST-1032,2025-11-30 15:00:00,208.0,20.8,14.98,0.0,202.18,Completed
ORD-02199,CUST-0422,2025-01-29 19:00:00,129.0,0.0,10.32,0.0,139.32,Completed
ORD-02200,CUST-0824,2025-10-03 22:00:00,89.0,8.9,6.41,12.0,98.51,Completed
ORD-02201,CUST-0517,2025-05-28 13:00:00,217.0,0.0,17.36,0.0,234.36,Completed
ORD-02202,CUST-1067,2025-10-23 09:00:00,1246.0,0.0,99.68,0.0,1345.68,Completed
ORD-02203,CUST-0971,2025-01-10 12:00:00,173.0,0.0,13.84,0.0,186.84,Completed
ORD-02204,CUST-0842,2025-10-24 13:00:00,64.0,0.0,5.12,12.0,81.12,Completed
ORD-02205,CUST-0529,2025-12-05 15:00:00,438.0,87.6,28.03,0.0,378.43,Completed
ORD-02206,CUST-0690,2025-04-01 14:00:00,59.0,8.85,4.01,12.0,66.16,Completed
ORD-02207,CUST-1164,2025-12-17 09:00:00,767.0,0.0,61.36,0.0,828.36,Completed
ORD-02208,CUST-1198,2025-11-21 16:00:00,69.0,13.8,4.42,12.0,71.62,Completed
ORD-02209,CUST-0267,2025-11-20 18:00:00,599.0,0.0,47.92,0.0,646.92,Completed
ORD-02210,CUST-0168,2025-01-31 12:00:00,267.0,26.7,19.22,0.0,259.52,Completed
ORD-02211,CUST-0153,2025-11-20 09:00:00,287.0,43.05,19.52,0.0,263.47,Completed
ORD-02212,CUST-0943,2025-01-10 12:00:00,59.0,0.0,4.72,12.0,75.72,Completed
ORD-02213,CUST-0055,2025-12-14 15:00:00,59.0,0.0,4.72,12.0,75.72,Completed
ORD-02214,CUST-1197,2025-01-12 20:00:00,208.0,20.8,14.98,0.0,202.18,Completed
ORD-02215,CUST-0118,2025-11-06 17:00:00,237.0,35.55,16.12,0.0,217.57,Completed
ORD-02216,CUST-0742,2025-08-16 17:00:00,59.0,0.0,4.72,12.0,75.72,Completed
ORD-02217,CUST-0243,2025-06-03 18:00:00,59.0,5.9,4.25,12.0,69.35,Completed
ORD-02218,CUST-0375,2025-07-31 08:00:00,129.0,0.0,10.32,0.0,139.32,Completed
ORD-02219,CUST-1098,2025-12-18 16:00:00,29.0,0.0,2.32,12.0,43.32,Completed
ORD-02220,CUST-0972,2025-06-16 14:00:00,217.0,21.7,15.62,0.0,210.92,Completed
ORD-02221,CUST-0842,2025-10-04 10:00:00,59.0,11.8,3.78,12.0,62.98,Completed
ORD-02222,CUST-0869,2025-06-29 17:00:00,148.0,0.0,11.84,0.0,159.84,Completed
ORD-02223,CUST-0794,2025-06-21 18:00:00,477.0,71.55,32.44,0.0,437.89,Completed
ORD-02224,CUST-0908,2025-06-13 18:00:00,218.0,0.0,17.44,0.0,235.44,Completed
ORD-02225,CUST-0907,2025-11-20 16:00:00,49.0,9.8,3.14,12.0,54.34,Completed
ORD-02226,CUST-0645,2025-11-25 17:00:00,599.0,0.0,47.92,0.0,646.92,Completed
ORD-02227,CUST-0716,2025-02-09 16:00:00,29.0,4.35,1.97,12.0,38.62,Completed
ORD-02228,CUST-0826,2025-04-08 09:00:00,129.0,0.0,10.32,0.0,139.32,Completed
ORD-02229,CUST-0567,2025-01-15 15:00:00,1198.0,0.0,95.84,0.0,1293.84,Completed
ORD-02230,CUST-0563,2025-02-03 11:00:00,678.0,67.8,48.82,0.0,659.02,Completed
ORD-02231,CUST-0835,2025-04-04 15:00:00,89.0,13.35,6.05,12.0,93.7,Completed
ORD-02232,CUST-0809,2025-10-18 19:00:00,1247.0,124.7,89.78,0.0,1212.08,Completed
ORD-02233,CUST-0995,2025-12-20 12:00:00,599.0,89.85,40.73,0.0,549.88,Completed
ORD-02234,CUST-0143,2025-01-11 10:00:00,599.0,0.0,47.92,0.0,646.92,Completed
ORD-02235,CUST-0672,2025-06-17 12:00:00,35.0,3.5,2.52,12.0,46.02,Completed
ORD-02236,CUST-0484,2025-01-12 14:00:00,178.0,0.0,14.24,0.0,192.24,Completed
ORD-02237,CUST-0916,2025-07-10 12:00:00,178.0,0.0,14.24,0.0,192.24,Completed
ORD-02238,CUST-0047,2025-06-26 18:00:00,149.0,0.0,11.92,0.0,160.92,Completed
ORD-02239,CUST-0060,2025-09-28 15:00:00,59.0,0.0,4.72,12.0,75.72,Completed
ORD-02240,CUST-0175,2025-11-27 10:00:00,49.0,0.0,3.92,12.0,64.92,Completed
ORD-02241,CUST-0448,2025-03-13 15:00:00,79.0,11.85,5.37,12.0,84.52,Completed
ORD-02242,CUST-0210,2025-03-16 15:00:00,875.0,175.0,56.0,0.0,756.0,Completed
ORD-02243,CUST-1186,2025-02-04 21:00:00,599.0,89.85,40.73,0.0,549.88,Completed
ORD-02244,CUST-0084,2025-11-03 11:00:00,128.0,12.8,9.22,0.0,124.42,Completed
ORD-02245,CUST-0022,2025-12-12 15:00:00,79.0,0.0,6.32,12.0,97.32,Completed
ORD-02246,CUST-0597,2025-11-14 10:00:00,599.0,0.0,47.92,0.0,646.92,Completed
ORD-02247,CUST-0388,2025-11-05 21:00:00,267.0,53.4,17.09,0.0,230.69,Completed
ORD-02248,CUST-1009,2025-06-16 19:00:00,697.0,0.0,55.76,0.0,752.76,Completed
ORD-02249,CUST-0442,2025-04-10 08:00:00,79.0,11.85,5.37,12.0,84.52,Completed
ORD-02250,CUST-0317,2025-11-23 09:00:00,89.0,0.0,7.12,12.0,108.12,Completed
ORD-02251,CUST-0267,2025-12-15 14:00:00,79.0,7.9,5.69,12.0,88.79,Completed
ORD-02252,CUST-0504,2025-10-23 12:00:00,79.0,0.0,6.32,12.0,97.32,Completed
ORD-02253,CUST-0724,2025-01-21 18:00:00,349.0,52.35,23.73,0.0,320.38,Completed
ORD-02254,CUST-0441,2025-05-15 08:00:00,29.0,0.0,2.32,12.0,43.32,Completed
ORD-02255,CUST-0788,2025-03-06 20:00:00,349.0,0.0,27.92,0.0,376.92,Completed
ORD-02256,CUST-0067,2025-02-01 12:00:00,59.0,8.85,4.01,12.0,66.16,Completed
ORD-02257,CUST-0909,2025-09-06 17:00:00,187.0,0.0,14.96,0.0,201.96,Completed
ORD-02258,CUST-0675,2025-05-30 16:00:00,349.0,69.8,22.34,0.0,301.54,Completed
ORD-02259,CUST-0298,2025-04-07 20:00:00,138.0,0.0,11.04,0.0,149.04,Completed
ORD-02260,CUST-0728,2025-02-20 16:00:00,79.0,0.0,6.32,12.0,97.32,Completed
ORD-02261,CUST-0957,2025-12-23 18:00:00,767.0,115.05,52.16,0.0,704.11,Completed
ORD-02262,CUST-0622,2025-12-19 14:00:00,678.0,101.7,46.1,0.0,622.4,Completed
ORD-02263,CUST-1199,2025-06-16 19:00:00,149.0,0.0,11.92,0.0,160.92,Completed
ORD-02264,CUST-0591,2025-05-17 11:00:00,129.0,19.35,8.77,0.0,118.42,Completed
ORD-02265,CUST-0710,2025-11-04 19:00:00,29.0,0.0,2.32,12.0,43.32,Completed
ORD-02266,CUST-0127,2025-04-12 10:00:00,79.0,15.8,5.06,12.0,80.26,Completed
ORD-02267,CUST-1018,2025-05-20 13:00:00,49.0,0.0,3.92,12.0,64.92,Completed
ORD-02268,CUST-0445,2025-03-19 19:00:00,148.0,0.0,11.84,0.0,159.84,Completed
ORD-02269,CUST-1011,2025-06-05 22:00:00,69.0,10.35,4.69,12.0,75.34,Completed
ORD-02270,CUST-1166,2025-10-30 22:00:00,513.0,102.6,32.83,0.0,443.23,Completed
ORD-02271,CUST-1001,2025-06-07 17:00:00,1198.0,239.6,76.67,0.0,1035.07,Completed
ORD-02272,CUST-0883,2025-11-21 14:00:00,298.0,29.8,21.46,0.0,289.66,Completed
ORD-02273,CUST-1006,2025-10-26 13:00:00,217.0,21.7,15.62,0.0,210.92,Completed
ORD-02274,CUST-0566,2025-01-13 13:00:00,197.0,29.55,13.4,0.0,180.85,Completed
ORD-02275,CUST-0745,2025-04-06 09:00:00,262.0,0.0,20.96,0.0,282.96,Completed
ORD-02276,CUST-0850,2025-02-14 21:00:00,49.0,0.0,3.92,12.0,64.92,Completed
ORD-02277,CUST-1030,2025-01-28 11:00:00,158.0,31.6,10.11,0.0,136.51,Completed
ORD-02278,CUST-1146,2025-03-06 18:00:00,89.0,17.8,5.7,12.0,88.9,Completed
ORD-02279,CUST-0095,2025-11-12 18:00:00,84.0,0.0,6.72,12.0,102.72,Completed
ORD-02280,CUST-1061,2025-10-07 13:00:00,79.0,0.0,6.32,12.0,97.32,Completed
ORD-02281,CUST-1131,2025-01-15 09:00:00,149.0,0.0,11.92,0.0,160.92,Completed
ORD-02282,CUST-0068,2025-04-13 18:00:00,178.0,35.6,11.39,0.0,153.79,Completed
ORD-02283,CUST-0498,2025-01-21 22:00:00,118.0,11.8,8.5,0.0,114.7,Completed
ORD-02284,CUST-0129,2025-12-03 16:00:00,507.0,76.05,34.48,0.0,465.43,Completed
ORD-02285,CUST-0277,2025-10-06 11:00:00,349.0,0.0,27.92,0.0,376.92,Completed
ORD-02286,CUST-0382,2025-07-27 14:00:00,149.0,0.0,11.92,0.0,160.92,Completed
ORD-02287,CUST-0846,2025-01-26 15:00:00,35.0,7.0,2.24,12.0,42.24,Completed
ORD-02288,CUST-0890,2025-11-08 20:00:00,349.0,69.8,22.34,0.0,301.54,Completed
ORD-02289,CUST-0909,2025-06-04 12:00:00,29.0,0.0,2.32,12.0,43.32,Completed
ORD-02290,CUST-0181,2025-06-08 21:00:00,79.0,11.85,5.37,12.0,84.52,Completed
ORD-02291,CUST-0511,2025-06-05 20:00:00,35.0,5.25,2.38,12.0,44.13,Completed
ORD-02292,CUST-0021,2025-11-17 14:00:00,356.0,0.0,28.48,0.0,384.48,Completed
ORD-02293,CUST-1064,2025-02-13 10:00:00,149.0,14.9,10.73,0.0,144.83,Completed
ORD-02294,CUST-0546,2025-10-09 10:00:00,59.0,8.85,4.01,12.0,66.16,Completed
ORD-02295,CUST-0110,2025-12-12 19:00:00,69.0,0.0,5.52,12.0,86.52,Completed
ORD-02296,CUST-1067,2025-09-11 16:00:00,69.0,0.0,5.52,12.0,86.52,Completed
ORD-02297,CUST-0672,2025-06-27 20:00:00,168.0,33.6,10.75,0.0,145.15,Completed
ORD-02298,CUST-1029,2025-01-13 22:00:00,49.0,9.8,3.14,12.0,54.34,Completed
ORD-02299,CUST-0981,2025-06-24 12:00:00,258.0,25.8,18.58,0.0,250.78,Completed
ORD-02300,CUST-0957,2025-10-07 12:00:00,69.0,6.9,4.97,12.0,79.07,Completed
ORD-02301,CUST-0087,2025-03-06 18:00:00,69.0,0.0,5.52,12.0,86.52,Completed
ORD-02302,CUST-0756,2025-03-21 09:00:00,158.0,23.7,10.74,0.0,145.04,Completed
ORD-02303,CUST-0045,2025-07-29 13:00:00,158.0,0.0,12.64,0.0,170.64,Completed
ORD-02304,CUST-1121,2025-11-25 18:00:00,405.0,81.0,25.92,0.0,349.92,Completed
ORD-02305,CUST-0420,2025-11-12 17:00:00,218.0,0.0,17.44,0.0,235.44,Completed
ORD-02306,CUST-0824,2025-11-24 19:00:00,79.0,0.0,6.32,12.0,97.32,Completed
ORD-02307,CUST-1083,2025-11-11 20:00:00,129.0,0.0,10.32,0.0,139.32,Completed
ORD-02308,CUST-0684,2025-08-31 08:00:00,79.0,0.0,6.32,12.0,97.32,Completed
ORD-02309,CUST-0232,2025-04-21 13:00:00,599.0,0.0,47.92,0.0,646.92,Completed
ORD-02310,CUST-0982,2025-07-07 09:00:00,79.0,0.0,6.32,12.0,97.32,Completed
ORD-02311,CUST-0287,2025-12-19 12:00:00,207.0,20.7,14.9,0.0,201.2,Completed
ORD-02312,CUST-0318,2025-03-06 17:00:00,89.0,8.9,6.41,12.0,98.51,Completed
ORD-02313,CUST-0848,2025-06-09 21:00:00,89.0,17.8,5.7,12.0,88.9,Completed
ORD-02314,CUST-0729,2025-02-05 20:00:00,79.0,15.8,5.06,12.0,80.26,Completed
ORD-02315,CUST-0285,2025-12-12 11:00:00,59.0,0.0,4.72,12.0,75.72,Completed
ORD-02316,CUST-0295,2025-05-22 08:00:00,193.0,0.0,15.44,0.0,208.44,Completed
ORD-02317,CUST-0873,2025-06-13 09:00:00,29.0,5.8,1.86,12.0,37.06,Completed
ORD-02318,CUST-0930,2025-11-03 11:00:00,326.0,0.0,26.08,0.0,352.08,Completed
ORD-02319,CUST-0035,2025-06-01 16:00:00,256.0,51.2,16.38,0.0,221.18,Completed
ORD-02320,CUST-0678,2025-02-07 17:00:00,349.0,34.9,25.13,0.0,339.23,Completed
ORD-02321,CUST-0066,2025-03-26 18:00:00,79.0,11.85,5.37,12.0,84.52,Completed
ORD-02322,CUST-0227,2025-03-03 12:00:00,384.0,0.0,30.72,0.0,414.72,Completed
ORD-02323,CUST-0648,2025-12-04 11:00:00,79.0,7.9,5.69,12.0,88.79,Completed
ORD-02324,CUST-0854,2025-03-01 13:00:00,148.0,0.0,11.84,0.0,159.84,Completed
ORD-02325,CUST-0006,2025-12-08 09:00:00,158.0,15.8,11.38,0.0,153.58,Completed
ORD-02326,CUST-0197,2025-01-06 21:00:00,349.0,0.0,27.92,0.0,376.92,Completed
ORD-02327,CUST-0699,2025-11-15 10:00:00,114.0,0.0,9.12,0.0,123.12,Completed
ORD-02328,CUST-1105,2025-11-26 15:00:00,79.0,0.0,6.32,12.0,97.32,Completed
ORD-02329,CUST-1011,2025-05-02 19:00:00,49.0,0.0,3.92,12.0,64.92,Completed
ORD-02330,CUST-0118,2025-06-21 09:00:00,29.0,0.0,2.32,12.0,43.32,Completed
ORD-02331,CUST-1000,2025-10-19 18:00:00,69.0,0.0,5.52,12.0,86.52,Completed
ORD-02332,CUST-0790,2025-06-06 21:00:00,178.0,26.7,12.1,0.0,163.4,Completed
ORD-02333,CUST-0957,2025-10-25 21:00:00,69.0,0.0,5.52,12.0,86.52,Completed
ORD-02334,CUST-0961,2025-06-11 10:00:00,349.0,34.9,25.13,0.0,339.23,Completed
ORD-02335,CUST-0842,2025-04-10 18:00:00,398.0,0.0,31.84,0.0,429.84,Completed
ORD-02336,CUST-0241,2025-12-04 14:00:00,349.0,0.0,27.92,0.0,376.92,Completed
ORD-02337,CUST-1139,2025-10-04 08:00:00,337.0,67.4,21.57,0.0,291.17,Completed
ORD-02338,CUST-0953,2025-09-11 20:00:00,208.0,0.0,16.64,0.0,224.64,Completed
ORD-02339,CUST-0206,2025-06-11 18:00:00,208.0,41.6,13.31,0.0,179.71,Completed
ORD-02340,CUST-0921,2025-06-22 13:00:00,114.0,11.4,8.21,0.0,110.81,Completed
ORD-02341,CUST-0306,2025-01-23 13:00:00,49.0,9.8,3.14,12.0,54.34,Completed
ORD-02342,CUST-0579,2025-12-10 17:00:00,79.0,0.0,6.32,12.0,97.32,Completed
ORD-02343,CUST-0957,2025-09-26 14:00:00,29.0,0.0,2.32,12.0,43.32,Completed
ORD-02344,CUST-0268,2025-09-08 19:00:00,118.0,0.0,9.44,0.0,127.44,Completed
ORD-02345,CUST-0578,2025-12-05 13:00:00,114.0,11.4,8.21,0.0,110.81,Completed
ORD-02346,CUST-0764,2025-12-20 20:00:00,149.0,0.0,11.92,0.0,160.92,Completed
ORD-02347,CUST-0410,2025-10-17 14:00:00,149.0,29.8,9.54,0.0,128.74,Completed
ORD-02348,CUST-0230,2025-12-16 17:00:00,79.0,0.0,6.32,12.0,97.32,Completed
ORD-02349,CUST-0436,2025-04-05 15:00:00,129.0,25.8,8.26,0.0,111.46,Completed
ORD-02350,CUST-0766,2025-06-05 10:00:00,748.0,149.6,47.87,0.0,646.27,Completed
ORD-02351,CUST-0520,2025-01-17 10:00:00,158.0,15.8,11.38,0.0,153.58,Completed
ORD-02352,CUST-0595,2025-03-04 15:00:00,149.0,0.0,11.92,0.0,160.92,Completed
ORD-02353,CUST-0282,2025-02-07 18:00:00,158.0,0.0,12.64,0.0,170.64,Completed
ORD-02354,CUST-0501,2025-06-27 19:00:00,35.0,5.25,2.38,12.0,44.13,Completed
ORD-02355,CUST-0667,2025-12-21 18:00:00,428.0,0.0,34.24,0.0,462.24,Completed
ORD-02356,CUST-0258,2025-03-20 18:00:00,89.0,0.0,7.12,12.0,108.12,Completed
ORD-02357,CUST-0141,2025-10-23 08:00:00,59.0,8.85,4.01,12.0,66.16,Completed
ORD-02358,CUST-1056,2025-03-25 17:00:00,94.0,14.1,6.39,12.0,98.29,Completed
ORD-02359,CUST-0404,2025-02-05 16:00:00,658.0,98.7,44.74,0.0,604.04,Completed
ORD-02360,CUST-0034,2025-05-29 20:00:00,69.0,0.0,5.52,12.0,86.52,Completed
ORD-02361,CUST-0124,2025-02-04 08:00:00,49.0,0.0,3.92,12.0,64.92,Completed
ORD-02362,CUST-0534,2025-06-01 21:00:00,599.0,0.0,47.92,0.0,646.92,Completed
ORD-02363,CUST-1035,2025-12-16 17:00:00,178.0,17.8,12.82,0.0,173.02,Completed
ORD-02364,CUST-0758,2025-05-28 16:00:00,384.0,76.8,24.58,0.0,331.78,Completed
ORD-02365,CUST-0077,2025-06-03 15:00:00,35.0,0.0,2.8,12.0,49.8,Completed
ORD-02366,CUST-0844,2025-03-25 10:00:00,177.0,0.0,14.16,0.0,191.16,Completed
ORD-02367,CUST-0365,2025-04-29 13:00:00,228.0,0.0,18.24,0.0,246.24,Completed
ORD-02368,CUST-0583,2025-02-07 11:00:00,69.0,0.0,5.52,12.0,86.52,Completed
ORD-02369,CUST-0698,2025-05-13 15:00:00,728.0,0.0,58.24,0.0,786.24,Completed
ORD-02370,CUST-1169,2025-01-13 15:00:00,129.0,12.9,9.29,0.0,125.39,Completed
ORD-02371,CUST-0153,2025-01-21 08:00:00,35.0,5.25,2.38,12.0,44.13,Completed
ORD-02372,CUST-0818,2025-11-22 22:00:00,69.0,0.0,5.52,12.0,86.52,Completed
ORD-02373,CUST-1083,2025-06-21 12:00:00,35.0,0.0,2.8,12.0,49.8,Completed
ORD-02374,CUST-0803,2025-01-18 16:00:00,349.0,69.8,22.34,0.0,301.54,Completed
ORD-02375,CUST-0655,2025-11-11 17:00:00,108.0,16.2,7.34,0.0,99.14,Completed
ORD-02376,CUST-0364,2025-06-05 17:00:00,158.0,0.0,12.64,0.0,170.64,Completed
ORD-02377,CUST-0211,2025-04-06 17:00:00,349.0,0.0,27.92,0.0,376.92,Completed
ORD-02378,CUST-0444,2025-07-05 19:00:00,306.0,0.0,24.48,0.0,330.48,Completed
ORD-02379,CUST-0316,2025-01-20 21:00:00,59.0,0.0,4.72,12.0,75.72,Completed
ORD-02380,CUST-0312,2025-12-09 19:00:00,29.0,5.8,1.86,12.0,37.06,Completed
ORD-02381,CUST-0826,2025-06-18 09:00:00,59.0,0.0,4.72,12.0,75.72,Completed
ORD-02382,CUST-0507,2025-11-12 13:00:00,268.0,40.2,18.22,0.0,246.02,Completed
ORD-02383,CUST-0392,2025-02-28 16:00:00,438.0,0.0,35.04,0.0,473.04,Completed
ORD-02384,CUST-0282,2025-06-09 21:00:00,158.0,0.0,12.64,0.0,170.64,Completed
ORD-02385,CUST-0257,2025-06-09 10:00:00,349.0,34.9,25.13,0.0,339.23,Completed
ORD-02386,CUST-0021,2025-06-10 11:00:00,29.0,0.0,2.32,12.0,43.32,Completed
ORD-02387,CUST-0081,2025-08-31 14:00:00,149.0,0.0,11.92,0.0,160.92,Completed
ORD-02388,CUST-0406,2025-12-24 15:00:00,307.0,61.4,19.65,0.0,265.25,Completed
ORD-02389,CUST-0997,2025-02-08 08:00:00,218.0,0.0,17.44,0.0,235.44,Completed
ORD-02390,CUST-0494,2025-12-24 08:00:00,634.0,0.0,50.72,0.0,684.72,Completed
ORD-02391,CUST-1010,2025-03-16 12:00:00,228.0,0.0,18.24,0.0,246.24,Completed
ORD-02392,CUST-0593,2025-08-12 19:00:00,118.0,0.0,9.44,0.0,127.44,Completed
ORD-02393,CUST-0890,2025-12-30 19:00:00,79.0,0.0,6.32,12.0,97.32,Completed
ORD-02394,CUST-0450,2025-02-14 10:00:00,129.0,12.9,9.29,0.0,125.39,Completed
ORD-02395,CUST-0941,2025-11-03 08:00:00,737.0,110.55,50.12,0.0,676.57,Completed
ORD-02396,CUST-0936,2025-04-29 09:00:00,349.0,0.0,27.92,0.0,376.92,Completed
ORD-02397,CUST-1185,2025-01-22 13:00:00,59.0,8.85,4.01,12.0,66.16,Completed
ORD-02398,CUST-0015,2025-12-02 08:00:00,599.0,0.0,47.92,0.0,646.92,Completed
ORD-02399,CUST-1130,2025-06-02 17:00:00,128.0,0.0,10.24,0.0,138.24,Completed
ORD-02400,CUST-0710,2025-12-16 19:00:00,349.0,0.0,27.92,0.0,376.92,Completed
ORD-02401,CUST-0667,2025-07-03 09:00:00,49.0,0.0,3.92,12.0,64.92,Completed
ORD-02402,CUST-0351,2025-06-21 13:00:00,89.0,13.35,6.05,12.0,93.7,Completed
ORD-02403,CUST-0138,2025-02-05 11:00:00,398.0,59.7,27.06,0.0,365.36,Completed
ORD-02404,CUST-0702,2025-03-28 11:00:00,678.0,135.6,43.39,0.0,585.79,Completed
ORD-02405,CUST-0487,2025-03-10 11:00:00,49.0,9.8,3.14,12.0,54.34,Completed
ORD-02406,CUST-0081,2025-04-12 22:00:00,29.0,0.0,2.32,12.0,43.32,Completed
ORD-02407,CUST-1057,2025-02-12 21:00:00,89.0,13.35,6.05,12.0,93.7,Completed
ORD-02408,CUST-0908,2025-06-13 22:00:00,547.0,0.0,43.76,0.0,590.76,Completed
ORD-02409,CUST-0501,2025-09-12 22:00:00,69.0,0.0,5.52,12.0,86.52,Completed
ORD-02410,CUST-0422,2025-01-11 16:00:00,89.0,17.8,5.7,12.0,88.9,Completed
ORD-02411,CUST-0685,2025-10-25 22:00:00,697.0,0.0,55.76,0.0,752.76,Completed
ORD-02412,CUST-0196,2025-01-25 19:00:00,79.0,0.0,6.32,12.0,97.32,Completed
ORD-02413,CUST-0092,2025-11-29 12:00:00,349.0,34.9,25.13,0.0,339.23,Completed
ORD-02414,CUST-1061,2025-10-05 14:00:00,29.0,2.9,2.09,12.0,40.19,Completed
ORD-02415,CUST-0377,2025-05-25 17:00:00,777.0,0.0,62.16,0.0,839.16,Completed
ORD-02416,CUST-0574,2025-06-26 15:00:00,89.0,8.9,6.41,12.0,98.51,Completed
ORD-02417,CUST-0214,2025-05-19 21:00:00,129.0,0.0,10.32,0.0,139.32,Completed
ORD-02418,CUST-0599,2025-01-25 13:00:00,49.0,7.35,3.33,12.0,56.98,Completed
ORD-02419,CUST-0273,2025-10-10 18:00:00,89.0,13.35,6.05,12.0,93.7,Completed
ORD-02420,CUST-0867,2025-12-21 15:00:00,188.0,0.0,15.04,0.0,203.04,Completed
ORD-02421,CUST-1071,2025-11-04 22:00:00,108.0,0.0,8.64,0.0,116.64,Completed
ORD-02422,CUST-0760,2025-04-22 16:00:00,349.0,0.0,27.92,0.0,376.92,Completed
ORD-02423,CUST-0437,2025-02-13 17:00:00,35.0,3.5,2.52,12.0,46.02,Completed
ORD-02424,CUST-0086,2025-10-15 08:00:00,79.0,11.85,5.37,12.0,84.52,Completed
ORD-02425,CUST-1027,2025-11-25 18:00:00,158.0,0.0,12.64,0.0,170.64,Completed
ORD-02426,CUST-1022,2025-10-24 18:00:00,84.0,0.0,6.72,12.0,102.72,Completed
ORD-02427,CUST-0220,2025-10-21 16:00:00,79.0,11.85,5.37,12.0,84.52,Completed
ORD-02428,CUST-0489,2025-03-03 13:00:00,89.0,17.8,5.7,12.0,88.9,Completed
ORD-02429,CUST-0167,2025-05-31 08:00:00,258.0,0.0,20.64,0.0,278.64,Completed
ORD-02430,CUST-0288,2025-08-28 18:00:00,148.0,0.0,11.84,0.0,159.84,Completed
ORD-02431,CUST-0113,2025-06-06 18:00:00,79.0,11.85,5.37,12.0,84.52,Completed
ORD-02432,CUST-0547,2025-02-07 20:00:00,164.0,16.4,11.81,0.0,159.41,Completed
ORD-02433,CUST-0278,2025-02-24 20:00:00,208.0,0.0,16.64,0.0,224.64,Completed
ORD-02434,CUST-0568,2025-12-09 15:00:00,198.0,39.6,12.67,0.0,171.07,Completed
ORD-02435,CUST-1101,2025-05-21 22:00:00,227.0,34.05,15.44,0.0,208.39,Completed
ORD-02436,CUST-0306,2025-03-06 20:00:00,59.0,0.0,4.72,12.0,75.72,Completed
ORD-02437,CUST-0530,2025-10-31 09:00:00,378.0,37.8,27.22,0.0,367.42,Completed
ORD-02438,CUST-0497,2025-10-04 19:00:00,599.0,59.9,43.13,0.0,582.23,Completed
ORD-02439,CUST-0631,2025-12-04 14:00:00,148.0,0.0,11.84,0.0,159.84,Completed
ORD-02440,CUST-0438,2025-01-26 20:00:00,349.0,69.8,22.34,0.0,301.54,Completed
ORD-02441,CUST-1025,2025-10-21 10:00:00,79.0,0.0,6.32,12.0,97.32,Completed
ORD-02442,CUST-0957,2025-11-27 09:00:00,349.0,52.35,23.73,0.0,320.38,Completed
ORD-02443,CUST-0502,2025-01-26 22:00:00,428.0,85.6,27.39,0.0,369.79,Completed
ORD-02444,CUST-0753,2025-10-04 08:00:00,306.0,61.2,19.58,0.0,264.38,Completed
ORD-02445,CUST-0607,2025-05-28 14:00:00,35.0,3.5,2.52,12.0,46.02,Completed
ORD-02446,CUST-0253,2025-05-31 09:00:00,79.0,0.0,6.32,12.0,97.32,Completed
ORD-02447,CUST-0282,2025-02-10 09:00:00,114.0,17.1,7.75,0.0,104.65,Completed
ORD-02448,CUST-0264,2025-05-31 10:00:00,153.0,22.95,10.4,0.0,140.45,Completed
ORD-02449,CUST-0410,2025-03-21 20:00:00,129.0,19.35,8.77,0.0,118.42,Completed
ORD-02450,CUST-1170,2025-06-09 12:00:00,49.0,0.0,3.92,12.0,64.92,Completed
ORD-02451,CUST-0564,2025-06-18 13:00:00,79.0,0.0,6.32,12.0,97.32,Completed
ORD-02452,CUST-0316,2025-04-11 17:00:00,349.0,52.35,23.73,0.0,320.38,Completed
ORD-02453,CUST-0065,2025-03-09 11:00:00,79.0,7.9,5.69,12.0,88.79,Completed
ORD-02454,CUST-0683,2025-03-29 16:00:00,59.0,0.0,4.72,12.0,75.72,Completed
ORD-02455,CUST-1019,2025-09-18 09:00:00,148.0,0.0,11.84,0.0,159.84,Completed
ORD-02456,CUST-0270,2025-06-29 19:00:00,59.0,8.85,4.01,12.0,66.16,Completed
ORD-02457,CUST-1159,2025-12-05 08:00:00,599.0,0.0,47.92,0.0,646.92,Completed
ORD-02458,CUST-0792,2025-11-28 14:00:00,49.0,7.35,3.33,12.0,56.98,Completed
ORD-02459,CUST-0748,2025-09-12 15:00:00,216.0,0.0,17.28,0.0,233.28,Completed
ORD-02460,CUST-0778,2025-01-18 09:00:00,1267.0,190.05,86.16,0.0,1163.11,Completed
ORD-02461,CUST-0726,2025-11-05 14:00:00,129.0,0.0,10.32,0.0,139.32,Completed
ORD-02462,CUST-0456,2025-06-13 08:00:00,258.0,38.7,17.54,0.0,236.84,Completed
ORD-02463,CUST-0214,2025-06-01 11:00:00,688.0,0.0,55.04,0.0,743.04,Completed
ORD-02464,CUST-0474,2025-12-21 20:00:00,58.0,0.0,4.64,12.0,74.64,Completed
ORD-02465,CUST-0530,2025-03-21 15:00:00,89.0,0.0,7.12,12.0,108.12,Completed
ORD-02466,CUST-1023,2025-06-20 14:00:00,227.0,0.0,18.16,0.0,245.16,Completed
ORD-02467,CUST-0355,2025-03-07 15:00:00,84.0,0.0,6.72,12.0,102.72,Completed
ORD-02468,CUST-1084,2025-04-13 12:00:00,158.0,31.6,10.11,0.0,136.51,Completed
ORD-02469,CUST-0265,2025-02-08 14:00:00,139.0,27.8,8.9,0.0,120.1,Completed
ORD-02470,CUST-0689,2025-01-15 10:00:00,29.0,0.0,2.32,12.0,43.32,Completed
ORD-02471,CUST-0033,2025-04-15 21:00:00,79.0,15.8,5.06,12.0,80.26,Completed
ORD-02472,CUST-0598,2025-06-21 13:00:00,327.0,65.4,20.93,0.0,282.53,Completed
ORD-02473,CUST-1005,2025-05-26 11:00:00,49.0,4.9,3.53,12.0,59.63,Completed
ORD-02474,CUST-0936,2025-04-15 15:00:00,257.0,0.0,20.56,0.0,277.56,Completed
ORD-02475,CUST-0025,2025-02-10 15:00:00,178.0,26.7,12.1,0.0,163.4,Completed
ORD-02476,CUST-1069,2025-12-14 20:00:00,59.0,8.85,4.01,12.0,66.16,Completed
ORD-02477,CUST-0976,2025-02-01 10:00:00,349.0,34.9,25.13,0.0,339.23,Completed
ORD-02478,CUST-0063,2025-12-13 08:00:00,89.0,8.9,6.41,12.0,98.51,Completed
ORD-02479,CUST-0216,2025-11-10 15:00:00,418.0,0.0,33.44,0.0,451.44,Completed
ORD-02480,CUST-0106,2025-03-23 18:00:00,237.0,0.0,18.96,0.0,255.96,Completed
ORD-02481,CUST-0055,2025-11-04 19:00:00,599.0,59.9,43.13,0.0,582.23,Completed
ORD-02482,CUST-0057,2025-10-06 21:00:00,486.0,48.6,34.99,0.0,472.39,Completed
ORD-02483,CUST-0663,2025-01-18 11:00:00,79.0,15.8,5.06,12.0,80.26,Completed
ORD-02484,CUST-0719,2025-06-12 20:00:00,149.0,0.0,11.92,0.0,160.92,Completed
ORD-02485,CUST-0889,2025-11-06 12:00:00,599.0,0.0,47.92,0.0,646.92,Completed
ORD-02486,CUST-0573,2025-03-02 08:00:00,29.0,4.35,1.97,12.0,38.62,Completed
ORD-02487,CUST-1057,2025-09-06 13:00:00,678.0,0.0,54.24,0.0,732.24,Completed
ORD-02488,CUST-0199,2025-01-28 17:00:00,89.0,13.35,6.05,12.0,93.7,Completed
ORD-02489,CUST-0806,2025-04-02 14:00:00,349.0,34.9,25.13,0.0,339.23,Completed
ORD-02490,CUST-0081,2025-04-11 16:00:00,678.0,135.6,43.39,0.0,585.79,Completed
ORD-02491,CUST-0300,2025-10-17 18:00:00,296.0,59.2,18.94,0.0,255.74,Completed
ORD-02492,CUST-0920,2025-02-07 16:00:00,49.0,7.35,3.33,12.0,56.98,Completed
ORD-02493,CUST-1092,2025-06-23 09:00:00,35.0,7.0,2.24,12.0,42.24,Completed
ORD-02494,CUST-0938,2025-10-19 09:00:00,89.0,17.8,5.7,12.0,88.9,Completed
ORD-02495,CUST-1102,2025-05-28 15:00:00,149.0,14.9,10.73,0.0,144.83,Completed
ORD-02496,CUST-0225,2025-06-06 18:00:00,298.0,44.7,20.26,0.0,273.56,Completed
ORD-02497,CUST-0506,2025-08-13 16:00:00,599.0,0.0,47.92,0.0,646.92,Completed
ORD-02498,CUST-0989,2025-03-25 13:00:00,138.0,27.6,8.83,0.0,119.23,Completed
ORD-02499,CUST-0286,2025-04-23 18:00:00,178.0,0.0,14.24,0.0,192.24,Completed
ORD-02500,CUST-1017,2025-06-08 22:00:00,587.0,88.05,39.92,0.0,538.87,Completed
ORD-02501,CUST-0236,2025-04-15 12:00:00,129.0,0.0,10.32,0.0,139.32,Completed
ORD-02502,CUST-1189,2025-01-31 22:00:00,35.0,3.5,2.52,12.0,46.02,Completed
ORD-02503,CUST-0064,2025-05-19 21:00:00,208.0,31.2,14.14,0.0,190.94,Completed
ORD-02504,CUST-0889,2025-10-02 12:00:00,658.0,0.0,52.64,0.0,710.64,Completed
ORD-02505,CUST-0873,2025-10-18 14:00:00,227.0,0.0,18.16,0.0,245.16,Completed
ORD-02506,CUST-0569,2025-02-10 19:00:00,158.0,0.0,12.64,0.0,170.64,Completed
ORD-02507,CUST-0782,2025-10-28 10:00:00,177.0,26.55,12.04,0.0,162.49,Completed
ORD-02508,CUST-1028,2025-02-12 10:00:00,108.0,21.6,6.91,0.0,93.31,Completed
ORD-02509,CUST-1037,2025-04-10 09:00:00,49.0,9.8,3.14,12.0,54.34,Completed
ORD-02510,CUST-0355,2025-06-27 17:00:00,149.0,14.9,10.73,0.0,144.83,Completed
ORD-02511,CUST-1181,2025-09-26 22:00:00,79.0,0.0,6.32,12.0,97.32,Completed
ORD-02512,CUST-0030,2025-01-23 21:00:00,49.0,7.35,3.33,12.0,56.98,Completed
ORD-02513,CUST-0720,2025-10-05 13:00:00,98.0,19.6,6.27,12.0,96.67,Completed
ORD-02514,CUST-0800,2025-06-10 16:00:00,507.0,76.05,34.48,0.0,465.43,Completed
ORD-02515,CUST-0759,2025-11-01 22:00:00,208.0,41.6,13.31,0.0,179.71,Completed
ORD-02516,CUST-0821,2025-09-04 14:00:00,149.0,0.0,11.92,0.0,160.92,Completed
ORD-02517,CUST-0701,2025-03-13 17:00:00,158.0,0.0,12.64,0.0,170.64,Completed
ORD-02518,CUST-0145,2025-01-28 17:00:00,149.0,29.8,9.54,0.0,128.74,Completed
ORD-02519,CUST-0295,2025-06-01 10:00:00,349.0,52.35,23.73,0.0,320.38,Completed
ORD-02520,CUST-0084,2025-11-30 17:00:00,35.0,7.0,2.24,12.0,42.24,Completed
ORD-02521,CUST-0565,2025-10-31 10:00:00,129.0,0.0,10.32,0.0,139.32,Completed
ORD-02522,CUST-0504,2025-01-26 11:00:00,29.0,2.9,2.09,12.0,40.19,Completed
ORD-02523,CUST-0496,2025-02-10 09:00:00,98.0,0.0,7.84,12.0,117.84,Completed
ORD-02524,CUST-0516,2025-06-05 16:00:00,149.0,22.35,10.13,0.0,136.78,Completed
ORD-02525,CUST-0315,2025-01-31 09:00:00,79.0,11.85,5.37,12.0,84.52,Completed
ORD-02526,CUST-0710,2025-12-03 13:00:00,286.0,28.6,20.59,0.0,277.99,Completed
ORD-02527,CUST-0673,2025-10-28 22:00:00,89.0,8.9,6.41,12.0,98.51,Completed
ORD-02528,CUST-1112,2025-10-22 13:00:00,467.0,0.0,37.36,0.0,504.36,Completed
ORD-02529,CUST-0670,2025-07-18 22:00:00,177.0,0.0,14.16,0.0,191.16,Completed
ORD-02530,CUST-0886,2025-11-08 12:00:00,98.0,9.8,7.06,12.0,107.26,Completed
ORD-02531,CUST-0806,2025-12-17 22:00:00,58.0,0.0,4.64,12.0,74.64,Completed
ORD-02532,CUST-0240,2025-12-19 11:00:00,49.0,0.0,3.92,12.0,64.92,Completed
ORD-02533,CUST-0186,2025-01-03 10:00:00,1277.0,0.0,102.16,0.0,1379.16,Completed
ORD-02534,CUST-0641,2025-12-13 21:00:00,207.0,0.0,16.56,0.0,223.56,Completed
ORD-02535,CUST-0207,2025-03-05 20:00:00,79.0,0.0,6.32,12.0,97.32,Completed
ORD-02536,CUST-0562,2025-07-15 10:00:00,118.0,0.0,9.44,0.0,127.44,Completed
ORD-02537,CUST-0074,2025-06-11 14:00:00,178.0,26.7,12.1,0.0,163.4,Completed
ORD-02538,CUST-0075,2025-05-27 19:00:00,79.0,0.0,6.32,12.0,97.32,Completed
ORD-02539,CUST-0567,2025-02-10 13:00:00,177.0,17.7,12.74,0.0,172.04,Completed
ORD-02540,CUST-0580,2025-03-23 08:00:00,599.0,59.9,43.13,0.0,582.23,Completed
ORD-02541,CUST-0506,2025-09-21 08:00:00,69.0,0.0,5.52,12.0,86.52,Completed
ORD-02542,CUST-0620,2025-04-14 09:00:00,59.0,0.0,4.72,12.0,75.72,Completed
ORD-02543,CUST-1142,2025-06-28 19:00:00,243.0,36.45,16.52,0.0,223.07,Completed
ORD-02544,CUST-0527,2025-02-07 10:00:00,89.0,13.35,6.05,12.0,93.7,Completed
ORD-02545,CUST-1142,2025-05-28 15:00:00,129.0,0.0,10.32,0.0,139.32,Completed
ORD-02546,CUST-0217,2025-04-07 11:00:00,69.0,0.0,5.52,12.0,86.52,Completed
ORD-02547,CUST-0285,2025-06-27 08:00:00,69.0,0.0,5.52,12.0,86.52,Completed
ORD-02548,CUST-0456,2025-11-23 14:00:00,49.0,7.35,3.33,12.0,56.98,Completed
ORD-02549,CUST-1033,2025-06-12 15:00:00,79.0,7.9,5.69,12.0,88.79,Completed
ORD-02550,CUST-0089,2025-01-17 10:00:00,89.0,13.35,6.05,12.0,93.7,Completed
ORD-02551,CUST-0646,2025-01-28 20:00:00,49.0,4.9,3.53,12.0,59.63,Completed
ORD-02552,CUST-0364,2025-11-11 19:00:00,349.0,52.35,23.73,0.0,320.38,Completed
ORD-02553,CUST-0515,2025-05-28 14:00:00,89.0,17.8,5.7,12.0,88.9,Completed
ORD-02554,CUST-0191,2025-04-14 20:00:00,599.0,59.9,43.13,0.0,582.23,Completed
ORD-02555,CUST-0339,2025-08-15 14:00:00,59.0,0.0,4.72,12.0,75.72,Completed
ORD-02556,CUST-1039,2025-08-17 22:00:00,948.0,0.0,75.84,0.0,1023.84,Completed
ORD-02557,CUST-1107,2025-04-22 08:00:00,1198.0,0.0,95.84,0.0,1293.84,Completed
ORD-02558,CUST-0867,2025-03-22 16:00:00,188.0,28.2,12.78,0.0,172.58,Completed
ORD-02559,CUST-0825,2025-10-08 15:00:00,138.0,0.0,11.04,0.0,149.04,Completed
ORD-02560,CUST-0495,2025-11-10 11:00:00,69.0,10.35,4.69,12.0,75.34,Completed
ORD-02561,CUST-0847,2025-09-28 12:00:00,49.0,0.0,3.92,12.0,64.92,Completed
ORD-02562,CUST-0412,2025-10-21 15:00:00,536.0,107.2,34.3,0.0,463.1,Completed
ORD-02563,CUST-1166,2025-06-29 21:00:00,79.0,15.8,5.06,12.0,80.26,Completed
ORD-02564,CUST-0026,2025-04-15 11:00:00,198.0,29.7,13.46,0.0,181.76,Completed
ORD-02565,CUST-1057,2025-03-06 08:00:00,149.0,22.35,10.13,0.0,136.78,Completed
ORD-02566,CUST-0694,2025-12-13 21:00:00,35.0,7.0,2.24,12.0,42.24,Completed
ORD-02567,CUST-0813,2025-05-19 12:00:00,757.0,0.0,60.56,0.0,817.56,Completed
ORD-02568,CUST-0452,2025-03-21 10:00:00,79.0,0.0,6.32,12.0,97.32,Completed
ORD-02569,CUST-0741,2025-03-20 22:00:00,149.0,22.35,10.13,0.0,136.78,Completed
ORD-02570,CUST-0068,2025-06-20 14:00:00,599.0,119.8,38.34,0.0,517.54,Completed
ORD-02571,CUST-0673,2025-02-13 15:00:00,153.0,0.0,12.24,0.0,165.24,Completed
ORD-02572,CUST-0104,2025-08-13 16:00:00,129.0,0.0,10.32,0.0,139.32,Completed
ORD-02573,CUST-0804,2025-06-28 16:00:00,35.0,5.25,2.38,12.0,44.13,Completed
ORD-02574,CUST-0431,2025-11-30 22:00:00,648.0,64.8,46.66,0.0,629.86,Completed
ORD-02575,CUST-0685,2025-08-07 10:00:00,227.0,0.0,18.16,0.0,245.16,Completed
ORD-02576,CUST-0432,2025-03-15 13:00:00,267.0,0.0,21.36,0.0,288.36,Completed
ORD-02577,CUST-0846,2025-11-07 19:00:00,599.0,0.0,47.92,0.0,646.92,Completed
ORD-02578,CUST-0554,2025-04-13 18:00:00,138.0,27.6,8.83,0.0,119.23,Completed
ORD-02579,CUST-0853,2025-02-01 09:00:00,49.0,0.0,3.92,12.0,64.92,Completed
ORD-02580,CUST-0776,2025-07-22 10:00:00,107.0,0.0,8.56,0.0,115.56,Completed
ORD-02581,CUST-0347,2025-06-22 22:00:00,213.0,31.95,14.48,0.0,195.53,Completed
ORD-02582,CUST-0171,2025-11-09 19:00:00,349.0,52.35,23.73,0.0,320.38,Completed
ORD-02583,CUST-0560,2025-12-24 11:00:00,118.0,11.8,8.5,0.0,114.7,Completed
ORD-02584,CUST-0549,2025-11-24 20:00:00,89.0,17.8,5.7,12.0,88.9,Completed
ORD-02585,CUST-0508,2025-12-25 20:00:00,347.0,69.4,22.21,0.0,299.81,Completed
ORD-02586,CUST-0441,2025-05-26 08:00:00,89.0,13.35,6.05,12.0,93.7,Completed
ORD-02587,CUST-0312,2025-03-16 21:00:00,35.0,0.0,2.8,12.0,49.8,Completed
ORD-02588,CUST-0597,2025-10-31 16:00:00,59.0,0.0,4.72,12.0,75.72,Completed
ORD-02589,CUST-0501,2025-12-17 15:00:00,349.0,52.35,23.73,0.0,320.38,Completed
ORD-02590,CUST-0038,2025-05-06 09:00:00,79.0,0.0,6.32,12.0,97.32,Completed
ORD-02591,CUST-1179,2025-01-10 19:00:00,114.0,0.0,9.12,0.0,123.12,Completed
ORD-02592,CUST-0949,2025-05-28 21:00:00,276.0,55.2,17.66,0.0,238.46,Completed
ORD-02593,CUST-0233,2025-01-30 12:00:00,129.0,0.0,10.32,0.0,139.32,Completed
ORD-02594,CUST-0953,2025-01-30 22:00:00,59.0,0.0,4.72,12.0,75.72,Completed
ORD-02595,CUST-0382,2025-05-11 08:00:00,70.0,0.0,5.6,12.0,87.6,Completed
ORD-02596,CUST-1065,2025-12-02 12:00:00,384.0,0.0,30.72,0.0,414.72,Completed
ORD-02597,CUST-0780,2025-01-11 13:00:00,238.0,23.8,17.14,0.0,231.34,Completed
ORD-02598,CUST-0285,2025-05-26 19:00:00,79.0,0.0,6.32,12.0,97.32,Completed
ORD-02599,CUST-0336,2025-01-16 14:00:00,49.0,4.9,3.53,12.0,59.63,Completed
ORD-02600,CUST-0343,2025-09-10 18:00:00,349.0,0.0,27.92,0.0,376.92,Completed
ORD-02601,CUST-1036,2025-10-30 20:00:00,49.0,0.0,3.92,12.0,64.92,Completed
ORD-02602,CUST-0368,2025-05-27 16:00:00,278.0,27.8,20.02,0.0,270.22,Completed
ORD-02603,CUST-0351,2025-12-09 09:00:00,168.0,0.0,13.44,0.0,181.44,Completed
ORD-02604,CUST-0740,2025-02-09 17:00:00,634.0,0.0,50.72,0.0,684.72,Completed
ORD-02605,CUST-0655,2025-06-16 13:00:00,258.0,51.6,16.51,0.0,222.91,Completed
ORD-02606,CUST-0128,2025-11-02 12:00:00,59.0,0.0,4.72,12.0,75.72,Completed
ORD-02607,CUST-1146,2025-03-02 18:00:00,35.0,0.0,2.8,12.0,49.8,Completed
ORD-02608,CUST-0696,2025-04-29 13:00:00,948.0,0.0,75.84,0.0,1023.84,Completed
ORD-02609,CUST-0343,2025-12-18 11:00:00,149.0,0.0,11.92,0.0,160.92,Completed
ORD-02610,CUST-1121,2025-03-08 08:00:00,149.0,0.0,11.92,0.0,160.92,Completed
ORD-02611,CUST-0396,2025-10-13 21:00:00,698.0,0.0,55.84,0.0,753.84,Completed
ORD-02612,CUST-0746,2025-05-17 14:00:00,35.0,5.25,2.38,12.0,44.13,Completed
ORD-02613,CUST-0973,2025-02-15 15:00:00,98.0,0.0,7.84,12.0,117.84,Completed
ORD-02614,CUST-0901,2025-12-25 14:00:00,349.0,52.35,23.73,0.0,320.38,Completed
ORD-02615,CUST-0115,2025-11-21 12:00:00,35.0,3.5,2.52,12.0,46.02,Completed
ORD-02616,CUST-1111,2025-09-24 09:00:00,497.0,0.0,39.76,0.0,536.76,Completed
ORD-02617,CUST-0952,2025-01-31 10:00:00,49.0,9.8,3.14,12.0,54.34,Completed
ORD-02618,CUST-0080,2025-02-07 14:00:00,118.0,23.6,7.55,0.0,101.95,Completed
ORD-02619,CUST-0083,2025-04-12 11:00:00,98.0,9.8,7.06,12.0,107.26,Completed
ORD-02620,CUST-0626,2025-03-29 15:00:00,89.0,0.0,7.12,12.0,108.12,Completed
ORD-02621,CUST-0724,2025-04-04 12:00:00,59.0,8.85,4.01,12.0,66.16,Completed
ORD-02622,CUST-1029,2025-10-11 17:00:00,138.0,27.6,8.83,0.0,119.23,Completed
ORD-02623,CUST-0033,2025-05-16 22:00:00,29.0,5.8,1.86,12.0,37.06,Completed
ORD-02624,CUST-0401,2025-09-28 12:00:00,69.0,0.0,5.52,12.0,86.52,Completed
ORD-02625,CUST-0932,2025-12-04 13:00:00,228.0,45.6,14.59,0.0,196.99,Completed
ORD-02626,CUST-0930,2025-03-31 11:00:00,345.0,0.0,27.6,0.0,372.6,Completed
ORD-02627,CUST-0214,2025-03-16 12:00:00,98.0,0.0,7.84,12.0,117.84,Completed
ORD-02628,CUST-0767,2025-03-17 22:00:00,367.0,73.4,23.49,0.0,317.09,Completed
ORD-02629,CUST-0373,2025-04-10 13:00:00,69.0,0.0,5.52,12.0,86.52,Completed
ORD-02630,CUST-0744,2025-03-02 19:00:00,138.0,0.0,11.04,0.0,149.04,Completed
ORD-02631,CUST-0173,2025-10-22 12:00:00,79.0,11.85,5.37,12.0,84.52,Completed
ORD-02632,CUST-0342,2025-02-11 18:00:00,35.0,0.0,2.8,12.0,49.8,Completed
ORD-02633,CUST-0776,2025-02-02 09:00:00,698.0,139.6,44.67,0.0,603.07,Completed
ORD-02634,CUST-0560,2025-11-25 17:00:00,233.0,0.0,18.64,0.0,251.64,Completed
ORD-02635,CUST-0906,2025-10-14 13:00:00,128.0,0.0,10.24,0.0,138.24,Completed
ORD-02636,CUST-0738,2025-01-13 15:00:00,217.0,21.7,15.62,0.0,210.92,Completed
ORD-02637,CUST-0570,2025-12-01 22:00:00,1277.0,127.7,91.94,0.0,1241.24,Completed
ORD-02638,CUST-0533,2025-03-05 08:00:00,258.0,25.8,18.58,0.0,250.78,Completed
ORD-02639,CUST-0980,2025-10-11 12:00:00,419.0,0.0,33.52,0.0,452.52,Completed
ORD-02640,CUST-0872,2025-12-14 09:00:00,79.0,7.9,5.69,12.0,88.79,Completed
ORD-02641,CUST-0914,2025-11-07 09:00:00,727.0,0.0,58.16,0.0,785.16,Completed
ORD-02642,CUST-0076,2025-02-06 09:00:00,79.0,0.0,6.32,12.0,97.32,Completed
ORD-02643,CUST-0221,2025-06-13 08:00:00,438.0,0.0,35.04,0.0,473.04,Completed
ORD-02644,CUST-0521,2025-04-06 22:00:00,79.0,0.0,6.32,12.0,97.32,Completed
ORD-02645,CUST-1048,2025-11-24 10:00:00,1356.0,0.0,108.48,0.0,1464.48,Completed
ORD-02646,CUST-1123,2025-05-17 21:00:00,129.0,25.8,8.26,0.0,111.46,Completed
ORD-02647,CUST-1035,2025-03-25 08:00:00,69.0,0.0,5.52,12.0,86.52,Completed
ORD-02648,CUST-0553,2025-10-01 18:00:00,59.0,11.8,3.78,12.0,62.98,Completed
ORD-02649,CUST-0139,2025-07-01 17:00:00,98.0,0.0,7.84,12.0,117.84,Completed
ORD-02650,CUST-0660,2025-12-29 21:00:00,79.0,0.0,6.32,12.0,97.32,Completed
ORD-02651,CUST-0895,2025-11-14 20:00:00,79.0,11.85,5.37,12.0,84.52,Completed
ORD-02652,CUST-0644,2025-12-20 18:00:00,89.0,17.8,5.7,12.0,88.9,Completed
ORD-02653,CUST-0033,2025-01-12 13:00:00,69.0,0.0,5.52,12.0,86.52,Completed
ORD-02654,CUST-0649,2025-05-29 17:00:00,886.0,177.2,56.7,0.0,765.5,Completed
ORD-02655,CUST-0785,2025-02-05 11:00:00,129.0,25.8,8.26,0.0,111.46,Completed
ORD-02656,CUST-0669,2025-03-29 09:00:00,69.0,0.0,5.52,12.0,86.52,Completed
ORD-02657,CUST-0339,2025-10-20 21:00:00,349.0,34.9,25.13,0.0,339.23,Completed
ORD-02658,CUST-0569,2025-05-18 16:00:00,203.0,30.45,13.8,0.0,186.35,Completed
ORD-02659,CUST-0501,2025-11-07 13:00:00,356.0,53.4,24.21,0.0,326.81,Completed
ORD-02660,CUST-0940,2025-09-06 22:00:00,128.0,0.0,10.24,0.0,138.24,Completed
ORD-02661,CUST-0677,2025-03-22 21:00:00,59.0,0.0,4.72,12.0,75.72,Completed
ORD-02662,CUST-0169,2025-05-25 21:00:00,193.0,38.6,12.35,0.0,166.75,Completed
ORD-02663,CUST-0672,2025-04-18 20:00:00,70.0,0.0,5.6,12.0,87.6,Completed
ORD-02664,CUST-1155,2025-03-04 21:00:00,148.0,22.2,10.06,0.0,135.86,Completed
ORD-02665,CUST-0184,2025-01-18 12:00:00,49.0,7.35,3.33,12.0,56.98,Completed
ORD-02666,CUST-0454,2025-10-06 13:00:00,248.0,0.0,19.84,0.0,267.84,Completed
ORD-02667,CUST-0769,2025-06-20 10:00:00,49.0,0.0,3.92,12.0,64.92,Completed
ORD-02668,CUST-0344,2025-02-11 13:00:00,89.0,17.8,5.7,12.0,88.9,Completed
ORD-02669,CUST-0157,2025-12-21 16:00:00,149.0,29.8,9.54,0.0,128.74,Completed
ORD-02670,CUST-0716,2025-04-07 18:00:00,737.0,0.0,58.96,0.0,795.96,Completed
ORD-02671,CUST-0136,2025-10-04 11:00:00,173.0,0.0,13.84,0.0,186.84,Completed
ORD-02672,CUST-1084,2025-03-27 18:00:00,149.0,14.9,10.73,0.0,144.83,Completed
ORD-02673,CUST-0179,2025-12-24 08:00:00,349.0,34.9,25.13,0.0,339.23,Completed
ORD-02674,CUST-0851,2025-11-01 15:00:00,129.0,25.8,8.26,0.0,111.46,Completed
ORD-02675,CUST-0774,2025-06-03 13:00:00,247.0,37.05,16.8,0.0,226.75,Completed
ORD-02676,CUST-0513,2025-01-16 22:00:00,79.0,7.9,5.69,12.0,88.79,Completed
ORD-02677,CUST-0482,2025-10-03 17:00:00,89.0,0.0,7.12,12.0,108.12,Completed
ORD-02678,CUST-0169,2025-01-29 18:00:00,49.0,9.8,3.14,12.0,54.34,Completed
ORD-02679,CUST-0047,2025-05-16 14:00:00,728.0,0.0,58.24,0.0,786.24,Completed
ORD-02680,CUST-0656,2025-01-29 12:00:00,149.0,29.8,9.54,0.0,128.74,Completed
ORD-02681,CUST-0586,2025-03-17 18:00:00,79.0,0.0,6.32,12.0,97.32,Completed
ORD-02682,CUST-0357,2025-02-06 17:00:00,228.0,22.8,16.42,0.0,221.62,Completed
ORD-02683,CUST-0740,2025-03-30 15:00:00,29.0,4.35,1.97,12.0,38.62,Completed
ORD-02684,CUST-1087,2025-10-14 17:00:00,49.0,0.0,3.92,12.0,64.92,Completed
ORD-02685,CUST-0615,2025-07-03 09:00:00,158.0,0.0,12.64,0.0,170.64,Completed
ORD-02686,CUST-1196,2025-11-12 12:00:00,79.0,0.0,6.32,12.0,97.32,Completed
ORD-02687,CUST-0062,2025-05-25 12:00:00,207.0,0.0,16.56,0.0,223.56,Completed
ORD-02688,CUST-0142,2025-11-01 17:00:00,599.0,89.85,40.73,0.0,549.88,Completed
ORD-02689,CUST-0770,2025-01-24 14:00:00,158.0,15.8,11.38,0.0,153.58,Completed
ORD-02690,CUST-1032,2025-01-29 18:00:00,49.0,9.8,3.14,12.0,54.34,Completed
ORD-02691,CUST-0495,2025-10-03 18:00:00,349.0,52.35,23.73,0.0,320.38,Completed
ORD-02692,CUST-0026,2025-10-28 17:00:00,398.0,0.0,31.84,0.0,429.84,Completed
ORD-02693,CUST-0986,2025-04-01 13:00:00,49.0,4.9,3.53,12.0,59.63,Completed
ORD-02694,CUST-0258,2025-07-24 15:00:00,748.0,0.0,59.84,0.0,807.84,Completed
ORD-02695,CUST-1041,2025-06-13 09:00:00,164.0,24.6,11.15,0.0,150.55,Completed
ORD-02696,CUST-0089,2025-10-16 14:00:00,599.0,89.85,40.73,0.0,549.88,Completed
ORD-02697,CUST-0643,2025-10-08 21:00:00,79.0,7.9,5.69,12.0,88.79,Completed
ORD-02698,CUST-0384,2025-05-19 16:00:00,79.0,7.9,5.69,12.0,88.79,Completed
ORD-02699,CUST-0167,2025-11-25 19:00:00,157.0,0.0,12.56,0.0,169.56,Completed
ORD-02700,CUST-0996,2025-12-20 17:00:00,129.0,0.0,10.32,0.0,139.32,Completed
ORD-02701,CUST-1171,2025-03-04 13:00:00,599.0,59.9,43.13,0.0,582.23,Completed
ORD-02702,CUST-0797,2025-03-12 20:00:00,398.0,0.0,31.84,0.0,429.84,Completed
ORD-02703,CUST-0247,2025-06-09 17:00:00,467.0,0.0,37.36,0.0,504.36,Completed
ORD-02704,CUST-1169,2025-08-06 11:00:00,663.0,0.0,53.04,0.0,716.04,Completed
ORD-02705,CUST-0010,2025-03-12 11:00:00,79.0,7.9,5.69,12.0,88.79,Completed
ORD-02706,CUST-0723,2025-06-09 17:00:00,79.0,0.0,6.32,12.0,97.32,Completed
ORD-02707,CUST-0004,2025-01-05 21:00:00,148.0,0.0,11.84,0.0,159.84,Completed
ORD-02708,CUST-0632,2025-03-31 19:00:00,98.0,0.0,7.84,12.0,117.84,Completed
ORD-02709,CUST-0424,2025-06-16 10:00:00,478.0,0.0,38.24,0.0,516.24,Completed
ORD-02710,CUST-0310,2025-04-04 08:00:00,114.0,22.8,7.3,0.0,98.5,Completed
ORD-02711,CUST-0285,2025-12-11 11:00:00,433.0,86.6,27.71,0.0,374.11,Completed
ORD-02712,CUST-0993,2025-01-16 20:00:00,129.0,0.0,10.32,0.0,139.32,Completed
ORD-02713,CUST-0469,2025-12-09 15:00:00,35.0,7.0,2.24,12.0,42.24,Completed
ORD-02714,CUST-0669,2025-06-05 08:00:00,35.0,0.0,2.8,12.0,49.8,Completed
ORD-02715,CUST-0355,2025-12-07 08:00:00,89.0,8.9,6.41,12.0,98.51,Completed
ORD-02716,CUST-0221,2025-04-15 12:00:00,49.0,7.35,3.33,12.0,56.98,Completed
ORD-02717,CUST-0850,2025-01-31 08:00:00,79.0,15.8,5.06,12.0,80.26,Completed
ORD-02718,CUST-1138,2025-01-18 19:00:00,69.0,10.35,4.69,12.0,75.34,Completed
ORD-02719,CUST-1110,2025-12-12 10:00:00,29.0,2.9,2.09,12.0,40.19,Completed
ORD-02720,CUST-0009,2025-02-07 13:00:00,59.0,0.0,4.72,12.0,75.72,Completed
ORD-02721,CUST-0848,2025-01-25 14:00:00,79.0,11.85,5.37,12.0,84.52,Completed
ORD-02722,CUST-0282,2025-03-09 19:00:00,79.0,11.85,5.37,12.0,84.52,Completed
ORD-02723,CUST-1155,2025-01-18 17:00:00,69.0,10.35,4.69,12.0,75.34,Completed
ORD-02724,CUST-0389,2025-06-04 15:00:00,227.0,45.4,14.53,0.0,196.13,Completed
ORD-02725,CUST-0703,2025-01-12 19:00:00,158.0,15.8,11.38,0.0,153.58,Completed
ORD-02726,CUST-0291,2025-10-16 19:00:00,386.0,0.0,30.88,0.0,416.88,Completed
ORD-02727,CUST-0584,2025-10-02 14:00:00,124.0,24.8,7.94,0.0,107.14,Completed
ORD-02728,CUST-1096,2025-10-09 08:00:00,178.0,17.8,12.82,0.0,173.02,Completed
ORD-02729,CUST-1128,2025-02-21 09:00:00,79.0,0.0,6.32,12.0,97.32,Completed
ORD-02730,CUST-0812,2025-08-08 11:00:00,599.0,0.0,47.92,0.0,646.92,Completed
ORD-02731,CUST-0909,2025-06-16 11:00:00,59.0,0.0,4.72,12.0,75.72,Completed
ORD-02732,CUST-1187,2025-02-01 14:00:00,128.0,25.6,8.19,0.0,110.59,Completed
ORD-02733,CUST-1002,2025-05-31 14:00:00,89.0,13.35,6.05,12.0,93.7,Completed
ORD-02734,CUST-0012,2025-06-01 14:00:00,89.0,0.0,7.12,12.0,108.12,Completed
ORD-02735,CUST-0725,2025-12-17 16:00:00,149.0,0.0,11.92,0.0,160.92,Completed
ORD-02736,CUST-0280,2025-04-01 14:00:00,138.0,0.0,11.04,0.0,149.04,Completed
ORD-02737,CUST-1042,2025-12-18 08:00:00,69.0,0.0,5.52,12.0,86.52,Completed
ORD-02738,CUST-0186,2025-07-17 09:00:00,59.0,0.0,4.72,12.0,75.72,Completed
ORD-02739,CUST-0027,2025-01-13 22:00:00,29.0,4.35,1.97,12.0,38.62,Completed
ORD-02740,CUST-0528,2025-04-10 12:00:00,89.0,8.9,6.41,12.0,98.51,Completed
ORD-02741,CUST-1176,2025-02-14 17:00:00,349.0,52.35,23.73,0.0,320.38,Completed
ORD-02742,CUST-1179,2025-02-12 11:00:00,599.0,59.9,43.13,0.0,582.23,Completed
ORD-02743,CUST-1110,2025-03-23 18:00:00,79.0,7.9,5.69,12.0,88.79,Completed
ORD-02744,CUST-0724,2025-02-15 12:00:00,418.0,83.6,26.75,0.0,361.15,Completed
ORD-02745,CUST-0075,2025-04-27 20:00:00,29.0,0.0,2.32,12.0,43.32,Completed
ORD-02746,CUST-0858,2025-07-19 21:00:00,35.0,0.0,2.8,12.0,49.8,Completed
ORD-02747,CUST-0339,2025-09-26 17:00:00,438.0,0.0,35.04,0.0,473.04,Completed
ORD-02748,CUST-0035,2025-12-20 16:00:00,69.0,6.9,4.97,12.0,79.07,Completed
ORD-02749,CUST-0044,2025-12-02 14:00:00,79.0,15.8,5.06,12.0,80.26,Completed
ORD-02750,CUST-0018,2025-10-16 16:00:00,408.0,0.0,32.64,0.0,440.64,Completed
ORD-02751,CUST-1129,2025-03-15 21:00:00,59.0,0.0,4.72,12.0,75.72,Completed
ORD-02752,CUST-0699,2025-10-26 21:00:00,79.0,7.9,5.69,12.0,88.79,Completed
ORD-02753,CUST-0069,2025-01-31 22:00:00,59.0,0.0,4.72,12.0,75.72,Completed
ORD-02754,CUST-0897,2025-06-16 17:00:00,599.0,0.0,47.92,0.0,646.92,Completed
ORD-02755,CUST-0775,2025-12-20 09:00:00,218.0,21.8,15.7,0.0,211.9,Completed
ORD-02756,CUST-0775,2025-10-05 11:00:00,129.0,19.35,8.77,0.0,118.42,Completed
ORD-02757,CUST-0745,2025-06-04 11:00:00,149.0,22.35,10.13,0.0,136.78,Completed
ORD-02758,CUST-0609,2025-12-24 10:00:00,129.0,0.0,10.32,0.0,139.32,Completed
ORD-02759,CUST-0231,2025-07-07 09:00:00,208.0,0.0,16.64,0.0,224.64,Completed
ORD-02760,CUST-0476,2025-05-19 13:00:00,658.0,131.6,42.11,0.0,568.51,Completed
ORD-02761,CUST-1090,2025-12-24 11:00:00,237.0,47.4,15.17,0.0,204.77,Completed
ORD-02762,CUST-0656,2025-10-04 11:00:00,98.0,19.6,6.27,12.0,96.67,Completed
ORD-02763,CUST-0416,2025-04-04 17:00:00,158.0,23.7,10.74,0.0,145.04,Completed
ORD-02764,CUST-0284,2025-06-12 08:00:00,79.0,7.9,5.69,12.0,88.79,Completed
ORD-02765,CUST-0825,2025-11-20 21:00:00,298.0,29.8,21.46,0.0,289.66,Completed
ORD-02766,CUST-0951,2025-02-12 19:00:00,49.0,9.8,3.14,12.0,54.34,Completed
ORD-02767,CUST-1188,2025-05-09 15:00:00,238.0,0.0,19.04,0.0,257.04,Completed
ORD-02768,CUST-1140,2025-06-14 16:00:00,198.0,19.8,14.26,0.0,192.46,Completed
ORD-02769,CUST-0252,2025-03-21 10:00:00,98.0,0.0,7.84,12.0,117.84,Completed
ORD-02770,CUST-0457,2025-02-04 10:00:00,79.0,0.0,6.32,12.0,97.32,Completed
ORD-02771,CUST-1028,2025-06-07 12:00:00,377.0,37.7,27.14,0.0,366.44,Completed
ORD-02772,CUST-0176,2025-01-13 22:00:00,178.0,17.8,12.82,0.0,173.02,Completed
ORD-02773,CUST-1035,2025-10-13 13:00:00,79.0,15.8,5.06,12.0,80.26,Completed
ORD-02774,CUST-1187,2025-10-07 14:00:00,129.0,0.0,10.32,0.0,139.32,Completed
ORD-02775,CUST-1032,2025-11-11 10:00:00,49.0,0.0,3.92,12.0,64.92,Completed
ORD-02776,CUST-1075,2025-12-16 22:00:00,138.0,13.8,9.94,0.0,134.14,Completed
ORD-02777,CUST-0611,2025-02-12 21:00:00,599.0,89.85,40.73,0.0,549.88,Completed
ORD-02778,CUST-1115,2025-12-08 14:00:00,253.0,37.95,17.2,0.0,232.25,Completed
ORD-02779,CUST-0794,2025-10-11 19:00:00,1376.0,206.4,93.57,0.0,1263.17,Completed
ORD-02780,CUST-0101,2025-06-26 15:00:00,35.0,3.5,2.52,12.0,46.02,Completed
ORD-02781,CUST-0521,2025-12-29 11:00:00,349.0,0.0,27.92,0.0,376.92,Completed
ORD-02782,CUST-0201,2025-03-25 14:00:00,247.0,0.0,19.76,0.0,266.76,Completed
ORD-02783,CUST-1093,2025-11-09 22:00:00,79.0,0.0,6.32,12.0,97.32,Completed
ORD-02784,CUST-0004,2025-12-17 09:00:00,129.0,0.0,10.32,0.0,139.32,Completed
ORD-02785,CUST-0375,2025-01-04 12:00:00,35.0,0.0,2.8,12.0,49.8,Completed
ORD-02786,CUST-0537,2025-05-27 16:00:00,525.0,105.0,33.6,0.0,453.6,Completed
ORD-02787,CUST-0797,2025-12-24 12:00:00,587.0,88.05,39.92,0.0,538.87,Completed
ORD-02788,CUST-0314,2025-09-26 17:00:00,49.0,0.0,3.92,12.0,64.92,Completed
ORD-02789,CUST-0029,2025-01-10 18:00:00,79.0,7.9,5.69,12.0,88.79,Completed
ORD-02790,CUST-0053,2025-11-24 22:00:00,188.0,0.0,15.04,0.0,203.04,Completed
ORD-02791,CUST-0480,2025-12-03 11:00:00,59.0,0.0,4.72,12.0,75.72,Completed
ORD-02792,CUST-0649,2025-01-20 17:00:00,148.0,14.8,10.66,0.0,143.86,Completed
ORD-02793,CUST-1040,2025-10-09 09:00:00,1347.0,0.0,107.76,0.0,1454.76,Completed
ORD-02794,CUST-0726,2025-10-26 16:00:00,149.0,29.8,9.54,0.0,128.74,Completed
ORD-02795,CUST-0341,2025-01-30 20:00:00,178.0,17.8,12.82,0.0,173.02,Completed
ORD-02796,CUST-0571,2025-11-04 09:00:00,158.0,0.0,12.64,0.0,170.64,Completed
ORD-02797,CUST-0346,2025-04-01 12:00:00,149.0,14.9,10.73,0.0,144.83,Completed
ORD-02798,CUST-1150,2025-06-02 08:00:00,94.0,14.1,6.39,12.0,98.29,Completed
ORD-02799,CUST-0317,2025-10-15 20:00:00,688.0,0.0,55.04,0.0,743.04,Completed
ORD-02800,CUST-0842,2025-01-28 16:00:00,228.0,0.0,18.24,0.0,246.24,Completed
