item_id,order_id,product_id,quantity,unit_price,total_price
ITM-000001,ORD-00001,PRD-103,1,149.0,149.0
ITM-000002,ORD-00002,PRD-202,1,69.0,69.0
ITM-000003,ORD-00003,PRD-103,1,149.0,149.0
ITM-000004,ORD-00003,PRD-102,1,349.0,349.0
ITM-000005,ORD-00004,PRD-101,1,599.0,599.0
ITM-000006,ORD-00004,PRD-203,2,79.0,158.0
ITM-000007,ORD-00005,PRD-102,1,349.0,349.0
ITM-000008,ORD-00005,PRD-302,1,59.0,59.0
ITM-000009,ORD-00005,PRD-301,1,129.0,129.0
ITM-000010,ORD-00006,PRD-303,1,29.0,29.0
ITM-000011,ORD-00007,PRD-301,1,129.0,129.0
ITM-000012,ORD-00007,PRD-102,1,349.0,349.0
ITM-000013,ORD-00007,PRD-303,1,29.0,29.0
ITM-000014,ORD-00008,PRD-103,1,149.0,149.0
ITM-000015,ORD-00009,PRD-403,1,49.0,49.0
ITM-000016,ORD-00009,PRD-201,1,89.0,89.0
ITM-000017,ORD-00010,PRD-302,1,59.0,59.0
ITM-000018,ORD-00011,PRD-401,1,79.0,79.0
ITM-000019,ORD-00012,PRD-201,1,89.0,89.0
ITM-000020,ORD-00013,PRD-302,1,59.0,59.0
ITM-000021,ORD-00013,PRD-403,1,49.0,49.0
ITM-000022,ORD-00014,PRD-203,1,79.0,79.0
ITM-000023,ORD-00015,PRD-101,1,599.0,599.0
ITM-000024,ORD-00016,PRD-401,1,79.0,79.0
ITM-000025,ORD-00016,PRD-203,1,79.0,79.0
ITM-000026,ORD-00016,PRD-103,1,149.0,149.0
ITM-000027,ORD-00017,PRD-402,1,35.0,35.0
ITM-000028,ORD-00018,PRD-202,2,69.0,138.0
ITM-000029,ORD-00018,PRD-103,1,149.0,149.0
ITM-000030,ORD-00019,PRD-303,1,29.0,29.0
ITM-000031,ORD-00020,PRD-101,1,599.0,599.0
ITM-000032,ORD-00020,PRD-202,1,69.0,69.0
ITM-000033,ORD-00021,PRD-403,1,49.0,49.0
ITM-000034,ORD-00021,PRD-301,1,129.0,129.0
ITM-000035,ORD-00022,PRD-403,1,49.0,49.0
ITM-000036,ORD-00023,PRD-102,1,349.0,349.0
ITM-000037,ORD-00024,PRD-302,1,59.0,59.0
ITM-000038,ORD-00025,PRD-203,1,79.0,79.0
ITM-000039,ORD-00026,PRD-103,1,149.0,149.0
ITM-000040,ORD-00027,PRD-201,1,89.0,89.0
ITM-000041,ORD-00027,PRD-101,1,599.0,599.0
ITM-000042,ORD-00028,PRD-201,1,89.0,89.0
ITM-000043,ORD-00029,PRD-303,2,29.0,58.0
ITM-000044,ORD-00030,PRD-103,1,149.0,149.0
ITM-000045,ORD-00030,PRD-201,2,89.0,178.0
ITM-000046,ORD-00031,PRD-101,1,599.0,599.0
ITM-000047,ORD-00032,PRD-402,1,35.0,35.0
ITM-000048,ORD-00033,PRD-302,1,59.0,59.0
ITM-000049,ORD-00034,PRD-101,1,599.0,599.0
ITM-000050,ORD-00035,PRD-103,1,149.0,149.0
ITM-000051,ORD-00036,PRD-401,1,79.0,79.0
ITM-000052,ORD-00037,PRD-103,1,149.0,149.0
ITM-000053,ORD-00038,PRD-401,1,79.0,79.0
ITM-000054,ORD-00038,PRD-403,1,49.0,49.0
ITM-000055,ORD-00039,PRD-103,1,149.0,149.0
ITM-000056,ORD-00040,PRD-202,1,69.0,69.0
ITM-000057,ORD-00041,PRD-203,1,79.0,79.0
ITM-000058,ORD-00041,PRD-303,1,29.0,29.0
ITM-000059,ORD-00042,PRD-302,1,59.0,59.0
ITM-000060,ORD-00043,PRD-302,1,59.0,59.0
ITM-000061,ORD-00043,PRD-402,1,35.0,35.0
ITM-000062,ORD-00044,PRD-202,1,69.0,69.0
ITM-000063,ORD-00045,PRD-101,2,599.0,1198.0
ITM-000064,ORD-00046,PRD-401,1,79.0,79.0
ITM-000065,ORD-00046,PRD-402,1,35.0,35.0
ITM-000066,ORD-00046,PRD-302,2,59.0,118.0
ITM-000067,ORD-00047,PRD-102,1,349.0,349.0
ITM-000068,ORD-00047,PRD-301,1,129.0,129.0
ITM-000069,ORD-00048,PRD-203,1,79.0,79.0
ITM-000070,ORD-00048,PRD-402,1,35.0,35.0
ITM-000071,ORD-00049,PRD-303,1,29.0,29.0
ITM-000072,ORD-00050,PRD-402,1,35.0,35.0
ITM-000073,ORD-00051,PRD-401,1,79.0,79.0
ITM-000074,ORD-00051,PRD-302,2,59.0,118.0
ITM-000075,ORD-00052,PRD-203,1,79.0,79.0
ITM-000076,ORD-00053,PRD-202,1,69.0,69.0
ITM-000077,ORD-00053,PRD-101,1,599.0,599.0
ITM-000078,ORD-00054,PRD-202,1,69.0,69.0
ITM-000079,ORD-00055,PRD-402,1,35.0,35.0
ITM-000080,ORD-00056,PRD-403,1,49.0,49.0
ITM-000081,ORD-00057,PRD-201,1,89.0,89.0
ITM-000082,ORD-00058,PRD-401,1,79.0,79.0
ITM-000083,ORD-00059,PRD-203,1,79.0,79.0
ITM-000084,ORD-00060,PRD-302,1,59.0,59.0
ITM-000085,ORD-00060,PRD-401,1,79.0,79.0
ITM-000086,ORD-00061,PRD-203,1,79.0,79.0
ITM-000087,ORD-00062,PRD-401,1,79.0,79.0
ITM-000088,ORD-00063,PRD-103,1,149.0,149.0
ITM-000089,ORD-00063,PRD-403,1,49.0,49.0
ITM-000090,ORD-00063,PRD-203,1,79.0,79.0
ITM-000091,ORD-00064,PRD-202,1,69.0,69.0
ITM-000092,ORD-00064,PRD-403,1,49.0,49.0
ITM-000093,ORD-00065,PRD-302,1,59.0,59.0
ITM-000094,ORD-00066,PRD-403,1,49.0,49.0
ITM-000095,ORD-00066,PRD-201,1,89.0,89.0
ITM-000096,ORD-00067,PRD-403,1,49.0,49.0
ITM-000097,ORD-00067,PRD-301,1,129.0,129.0
ITM-000098,ORD-00068,PRD-203,1,79.0,79.0
ITM-000099,ORD-00069,PRD-202,1,69.0,69.0
ITM-000100,ORD-00070,PRD-302,1,59.0,59.0
ITM-000101,ORD-00070,PRD-101,2,599.0,1198.0
ITM-000102,ORD-00071,PRD-402,1,35.0,35.0
ITM-000103,ORD-00071,PRD-301,1,129.0,129.0
ITM-000104,ORD-00072,PRD-301,1,129.0,129.0
ITM-000105,ORD-00072,PRD-403,1,49.0,49.0
ITM-000106,ORD-00072,PRD-101,1,599.0,599.0
ITM-000107,ORD-00073,PRD-103,2,149.0,298.0
ITM-000108,ORD-00074,PRD-403,1,49.0,49.0
ITM-000109,ORD-00074,PRD-302,1,59.0,59.0
ITM-000110,ORD-00075,PRD-202,1,69.0,69.0
ITM-000111,ORD-00075,PRD-301,1,129.0,129.0
ITM-000112,ORD-00076,PRD-402,1,35.0,35.0
ITM-000113,ORD-00077,PRD-102,1,349.0,349.0
ITM-000114,ORD-00078,PRD-403,1,49.0,49.0
ITM-000115,ORD-00079,PRD-102,1,349.0,349.0
ITM-000116,ORD-00080,PRD-403,1,49.0,49.0
ITM-000117,ORD-00081,PRD-401,2,79.0,158.0
ITM-000118,ORD-00081,PRD-303,1,29.0,29.0
ITM-000119,ORD-00081,PRD-402,1,35.0,35.0
ITM-000120,ORD-00082,PRD-303,1,29.0,29.0
ITM-000121,ORD-00083,PRD-103,1,149.0,149.0
ITM-000122,ORD-00084,PRD-401,1,79.0,79.0
ITM-000123,ORD-00085,PRD-203,1,79.0,79.0
ITM-000124,ORD-00086,PRD-301,1,129.0,129.0
ITM-000125,ORD-00087,PRD-202,1,69.0,69.0
ITM-000126,ORD-00088,PRD-101,1,599.0,599.0
ITM-000127,ORD-00089,PRD-102,1,349.0,349.0
ITM-000128,ORD-00089,PRD-403,2,49.0,98.0
ITM-000129,ORD-00089,PRD-301,1,129.0,129.0
ITM-000130,ORD-00090,PRD-401,1,79.0,79.0
ITM-000131,ORD-00091,PRD-302,1,59.0,59.0
ITM-000132,ORD-00091,PRD-403,2,49.0,98.0
ITM-000133,ORD-00092,PRD-402,1,35.0,35.0
ITM-000134,ORD-00092,PRD-102,1,349.0,349.0
ITM-000135,ORD-00093,PRD-401,2,79.0,158.0
ITM-000136,ORD-00093,PRD-403,1,49.0,49.0
ITM-000137,ORD-00093,PRD-301,1,129.0,129.0
ITM-000138,ORD-00094,PRD-103,1,149.0,149.0
ITM-000139,ORD-00094,PRD-302,2,59.0,118.0
ITM-000140,ORD-00095,PRD-401,1,79.0,79.0
ITM-000141,ORD-00096,PRD-103,1,149.0,149.0
ITM-000142,ORD-00096,PRD-201,2,89.0,178.0
ITM-000143,ORD-00097,PRD-301,2,129.0,258.0
ITM-000144,ORD-00097,PRD-102,2,349.0,698.0
ITM-000145,ORD-00097,PRD-403,1,49.0,49.0
ITM-000146,ORD-00098,PRD-403,1,49.0,49.0
ITM-000147,ORD-00099,PRD-401,1,79.0,79.0
ITM-000148,ORD-00099,PRD-102,1,349.0,349.0
ITM-000149,ORD-00100,PRD-102,1,349.0,349.0
ITM-000150,ORD-00101,PRD-302,1,59.0,59.0
ITM-000151,ORD-00102,PRD-203,1,79.0,79.0
ITM-000152,ORD-00103,PRD-202,1,69.0,69.0
ITM-000153,ORD-00104,PRD-201,1,89.0,89.0
ITM-000154,ORD-00105,PRD-302,1,59.0,59.0
ITM-000155,ORD-00106,PRD-302,1,59.0,59.0
ITM-000156,ORD-00106,PRD-402,1,35.0,35.0
ITM-000157,ORD-00107,PRD-201,1,89.0,89.0
ITM-000158,ORD-00108,PRD-403,1,49.0,49.0
ITM-000159,ORD-00108,PRD-303,1,29.0,29.0
ITM-000160,ORD-00108,PRD-201,1,89.0,89.0
ITM-000161,ORD-00109,PRD-101,1,599.0,599.0
ITM-000162,ORD-00110,PRD-403,1,49.0,49.0
ITM-000163,ORD-00111,PRD-202,1,69.0,69.0
ITM-000164,ORD-00112,PRD-203,1,79.0,79.0
ITM-000165,ORD-00112,PRD-402,1,35.0,35.0
ITM-000166,ORD-00113,PRD-101,1,599.0,599.0
ITM-000167,ORD-00114,PRD-301,1,129.0,129.0
ITM-000168,ORD-00115,PRD-202,2,69.0,138.0
ITM-000169,ORD-00116,PRD-103,1,149.0,149.0
ITM-000170,ORD-00116,PRD-302,2,59.0,118.0
ITM-000171,ORD-00116,PRD-101,1,599.0,599.0
ITM-000172,ORD-00117,PRD-402,1,35.0,35.0
ITM-000173,ORD-00118,PRD-303,1,29.0,29.0
ITM-000174,ORD-00119,PRD-201,1,89.0,89.0
ITM-000175,ORD-00120,PRD-302,1,59.0,59.0
ITM-000176,ORD-00121,PRD-202,1,69.0,69.0
ITM-000177,ORD-00121,PRD-203,1,79.0,79.0
ITM-000178,ORD-00122,PRD-301,1,129.0,129.0
ITM-000179,ORD-00123,PRD-101,1,599.0,599.0
ITM-000180,ORD-00123,PRD-201,1,89.0,89.0
ITM-000181,ORD-00124,PRD-201,1,89.0,89.0
ITM-000182,ORD-00125,PRD-403,1,49.0,49.0
ITM-000183,ORD-00126,PRD-101,1,599.0,599.0
ITM-000184,ORD-00127,PRD-403,1,49.0,49.0
ITM-000185,ORD-00128,PRD-303,1,29.0,29.0
ITM-000186,ORD-00129,PRD-403,1,49.0,49.0
ITM-000187,ORD-00130,PRD-302,1,59.0,59.0
ITM-000188,ORD-00131,PRD-402,1,35.0,35.0
ITM-000189,ORD-00132,PRD-301,2,129.0,258.0
ITM-000190,ORD-00133,PRD-102,1,349.0,349.0
ITM-000191,ORD-00134,PRD-102,2,349.0,698.0
ITM-000192,ORD-00134,PRD-401,1,79.0,79.0
ITM-000193,ORD-00135,PRD-403,1,49.0,49.0
ITM-000194,ORD-00135,PRD-103,1,149.0,149.0
ITM-000195,ORD-00136,PRD-401,1,79.0,79.0
ITM-000196,ORD-00137,PRD-303,1,29.0,29.0
ITM-000197,ORD-00137,PRD-302,1,59.0,59.0
ITM-000198,ORD-00138,PRD-101,1,599.0,599.0
ITM-000199,ORD-00139,PRD-202,1,69.0,69.0
ITM-000200,ORD-00140,PRD-403,1,49.0,49.0
ITM-000201,ORD-00140,PRD-201,1,89.0,89.0
ITM-000202,ORD-00141,PRD-401,1,79.0,79.0
ITM-000203,ORD-00142,PRD-201,1,89.0,89.0
ITM-000204,ORD-00143,PRD-101,1,599.0,599.0
ITM-000205,ORD-00143,PRD-403,1,49.0,49.0
ITM-000206,ORD-00143,PRD-301,2,129.0,258.0
ITM-000207,ORD-00144,PRD-102,2,349.0,698.0
ITM-000208,ORD-00144,PRD-402,1,35.0,35.0
ITM-000209,ORD-00144,PRD-301,2,129.0,258.0
ITM-000210,ORD-00145,PRD-403,1,49.0,49.0
ITM-000211,ORD-00146,PRD-301,1,129.0,129.0
ITM-000212,ORD-00146,PRD-103,1,149.0,149.0
ITM-000213,ORD-00147,PRD-301,1,129.0,129.0
ITM-000214,ORD-00148,PRD-301,1,129.0,129.0
ITM-000215,ORD-00148,PRD-101,1,599.0,599.0
ITM-000216,ORD-00149,PRD-302,1,59.0,59.0
ITM-000217,ORD-00150,PRD-103,1,149.0,149.0
ITM-000218,ORD-00150,PRD-203,1,79.0,79.0
ITM-000219,ORD-00150,PRD-303,1,29.0,29.0
ITM-000220,ORD-00151,PRD-103,1,149.0,149.0
ITM-000221,ORD-00152,PRD-403,1,49.0,49.0
ITM-000222,ORD-00153,PRD-301,1,129.0,129.0
ITM-000223,ORD-00154,PRD-101,1,599.0,599.0
ITM-000224,ORD-00154,PRD-103,1,149.0,149.0
ITM-000225,ORD-00154,PRD-403,1,49.0,49.0
ITM-000226,ORD-00155,PRD-302,1,59.0,59.0
ITM-000227,ORD-00155,PRD-401,1,79.0,79.0
ITM-000228,ORD-00155,PRD-202,1,69.0,69.0
ITM-000229,ORD-00156,PRD-303,1,29.0,29.0
ITM-000230,ORD-00157,PRD-101,2,599.0,1198.0
ITM-000231,ORD-00158,PRD-203,1,79.0,79.0
ITM-000232,ORD-00159,PRD-303,1,29.0,29.0
ITM-000233,ORD-00159,PRD-201,1,89.0,89.0
ITM-000234,ORD-00159,PRD-103,1,149.0,149.0
ITM-000235,ORD-00160,PRD-303,1,29.0,29.0
ITM-000236,ORD-00161,PRD-201,1,89.0,89.0
ITM-000237,ORD-00161,PRD-103,2,149.0,298.0
ITM-000238,ORD-00162,PRD-302,1,59.0,59.0
ITM-000239,ORD-00162,PRD-203,2,79.0,158.0
ITM-000240,ORD-00163,PRD-101,1,599.0,599.0
ITM-000241,ORD-00163,PRD-301,1,129.0,129.0
ITM-000242,ORD-00163,PRD-103,1,149.0,149.0
ITM-000243,ORD-00164,PRD-203,1,79.0,79.0
ITM-000244,ORD-00165,PRD-201,1,89.0,89.0
ITM-000245,ORD-00165,PRD-302,1,59.0,59.0
ITM-000246,ORD-00166,PRD-201,1,89.0,89.0
ITM-000247,ORD-00167,PRD-403,2,49.0,98.0
ITM-000248,ORD-00167,PRD-203,2,79.0,158.0
ITM-000249,ORD-00168,PRD-403,1,49.0,49.0
ITM-000250,ORD-00169,PRD-401,1,79.0,79.0
ITM-000251,ORD-00169,PRD-203,1,79.0,79.0
ITM-000252,ORD-00170,PRD-202,2,69.0,138.0
ITM-000253,ORD-00170,PRD-403,1,49.0,49.0
ITM-000254,ORD-00171,PRD-302,1,59.0,59.0
ITM-000255,ORD-00172,PRD-401,1,79.0,79.0
ITM-000256,ORD-00173,PRD-402,2,35.0,70.0
ITM-000257,ORD-00174,PRD-401,1,79.0,79.0
ITM-000258,ORD-00174,PRD-301,1,129.0,129.0
ITM-000259,ORD-00175,PRD-402,1,35.0,35.0
ITM-000260,ORD-00176,PRD-101,1,599.0,599.0
ITM-000261,ORD-00176,PRD-302,1,59.0,59.0
ITM-000262,ORD-00176,PRD-202,1,69.0,69.0
ITM-000263,ORD-00177,PRD-103,1,149.0,149.0
ITM-000264,ORD-00178,PRD-203,1,79.0,79.0
ITM-000265,ORD-00178,PRD-403,1,49.0,49.0
ITM-000266,ORD-00179,PRD-401,1,79.0,79.0
ITM-000267,ORD-00180,PRD-103,1,149.0,149.0
ITM-000268,ORD-00180,PRD-403,1,49.0,49.0
ITM-000269,ORD-00181,PRD-201,1,89.0,89.0
ITM-000270,ORD-00181,PRD-102,1,349.0,349.0
ITM-000271,ORD-00182,PRD-301,1,129.0,129.0
ITM-000272,ORD-00183,PRD-103,1,149.0,149.0
ITM-000273,ORD-00184,PRD-103,1,149.0,149.0
ITM-000274,ORD-00184,PRD-101,2,599.0,1198.0
ITM-000275,ORD-00185,PRD-402,1,35.0,35.0
ITM-000276,ORD-00186,PRD-201,1,89.0,89.0
ITM-000277,ORD-00187,PRD-303,1,29.0,29.0
ITM-000278,ORD-00188,PRD-403,1,49.0,49.0
ITM-000279,ORD-00189,PRD-401,1,79.0,79.0
ITM-000280,ORD-00190,PRD-203,1,79.0,79.0
ITM-000281,ORD-00191,PRD-403,1,49.0,49.0
ITM-000282,ORD-00191,PRD-401,1,79.0,79.0
ITM-000283,ORD-00192,PRD-401,1,79.0,79.0
ITM-000284,ORD-00193,PRD-101,1,599.0,599.0
ITM-000285,ORD-00193,PRD-203,2,79.0,158.0
ITM-000286,ORD-00193,PRD-401,1,79.0,79.0
ITM-000287,ORD-00194,PRD-103,1,149.0,149.0
ITM-000288,ORD-00194,PRD-101,1,599.0,599.0
ITM-000289,ORD-00194,PRD-302,1,59.0,59.0
ITM-000290,ORD-00195,PRD-203,1,79.0,79.0
ITM-000291,ORD-00196,PRD-301,1,129.0,129.0
ITM-000292,ORD-00197,PRD-303,1,29.0,29.0
ITM-000293,ORD-00198,PRD-101,1,599.0,599.0
ITM-000294,ORD-00199,PRD-203,1,79.0,79.0
ITM-000295,ORD-00200,PRD-103,1,149.0,149.0
ITM-000296,ORD-00200,PRD-303,1,29.0,29.0
ITM-000297,ORD-00201,PRD-402,1,35.0,35.0
ITM-000298,ORD-00202,PRD-203,2,79.0,158.0
ITM-000299,ORD-00203,PRD-201,2,89.0,178.0
ITM-000300,ORD-00204,PRD-402,1,35.0,35.0
ITM-000301,ORD-00204,PRD-401,1,79.0,79.0
ITM-000302,ORD-00204,PRD-102,1,349.0,349.0
ITM-000303,ORD-00205,PRD-402,1,35.0,35.0
ITM-000304,ORD-00206,PRD-202,1,69.0,69.0
ITM-000305,ORD-00207,PRD-401,1,79.0,79.0
ITM-000306,ORD-00207,PRD-303,1,29.0,29.0
ITM-000307,ORD-00208,PRD-402,2,35.0,70.0
ITM-000308,ORD-00209,PRD-403,1,49.0,49.0
ITM-000309,ORD-00209,PRD-203,1,79.0,79.0
ITM-000310,ORD-00210,PRD-202,2,69.0,138.0
ITM-000311,ORD-00210,PRD-101,1,599.0,599.0
ITM-000312,ORD-00211,PRD-201,1,89.0,89.0
ITM-000313,ORD-00212,PRD-403,1,49.0,49.0
ITM-000314,ORD-00212,PRD-202,1,69.0,69.0
ITM-000315,ORD-00213,PRD-101,1,599.0,599.0
ITM-000316,ORD-00213,PRD-302,1,59.0,59.0
ITM-000317,ORD-00214,PRD-202,1,69.0,69.0
ITM-000318,ORD-00214,PRD-402,1,35.0,35.0
ITM-000319,ORD-00214,PRD-301,2,129.0,258.0
ITM-000320,ORD-00215,PRD-302,1,59.0,59.0
ITM-000321,ORD-00216,PRD-101,1,599.0,599.0
ITM-000322,ORD-00217,PRD-302,1,59.0,59.0
ITM-000323,ORD-00217,PRD-401,1,79.0,79.0
ITM-000324,ORD-00218,PRD-202,2,69.0,138.0
ITM-000325,ORD-00219,PRD-201,1,89.0,89.0
ITM-000326,ORD-00220,PRD-303,1,29.0,29.0
ITM-000327,ORD-00221,PRD-101,1,599.0,599.0
ITM-000328,ORD-00222,PRD-101,1,599.0,599.0
ITM-000329,ORD-00223,PRD-302,1,59.0,59.0
ITM-000330,ORD-00223,PRD-401,1,79.0,79.0
ITM-000331,ORD-00224,PRD-402,2,35.0,70.0
ITM-000332,ORD-00224,PRD-302,1,59.0,59.0
ITM-000333,ORD-00224,PRD-403,1,49.0,49.0
ITM-000334,ORD-00225,PRD-202,1,69.0,69.0
ITM-000335,ORD-00226,PRD-103,1,149.0,149.0
ITM-000336,ORD-00226,PRD-402,1,35.0,35.0
ITM-000337,ORD-00226,PRD-203,2,79.0,158.0
ITM-000338,ORD-00227,PRD-301,1,129.0,129.0
ITM-000339,ORD-00228,PRD-402,1,35.0,35.0
ITM-000340,ORD-00228,PRD-401,1,79.0,79.0
ITM-000341,ORD-00229,PRD-202,1,69.0,69.0
ITM-000342,ORD-00229,PRD-401,1,79.0,79.0
ITM-000343,ORD-00230,PRD-403,1,49.0,49.0
ITM-000344,ORD-00231,PRD-201,1,89.0,89.0
ITM-000345,ORD-00232,PRD-403,1,49.0,49.0
ITM-000346,ORD-00233,PRD-203,1,79.0,79.0
ITM-000347,ORD-00233,PRD-102,2,349.0,698.0
ITM-000348,ORD-00234,PRD-401,1,79.0,79.0
ITM-000349,ORD-00234,PRD-302,1,59.0,59.0
ITM-000350,ORD-00234,PRD-402,1,35.0,35.0
ITM-000351,ORD-00235,PRD-103,1,149.0,149.0
ITM-000352,ORD-00236,PRD-101,1,599.0,599.0
ITM-000353,ORD-00237,PRD-302,1,59.0,59.0
ITM-000354,ORD-00238,PRD-203,1,79.0,79.0
ITM-000355,ORD-00238,PRD-102,1,349.0,349.0
ITM-000356,ORD-00238,PRD-103,1,149.0,149.0
ITM-000357,ORD-00239,PRD-102,2,349.0,698.0
ITM-000358,ORD-00239,PRD-203,1,79.0,79.0
ITM-000359,ORD-00239,PRD-401,1,79.0,79.0
ITM-000360,ORD-00240,PRD-101,2,599.0,1198.0
ITM-000361,ORD-00240,PRD-302,1,59.0,59.0
ITM-000362,ORD-00240,PRD-203,1,79.0,79.0
ITM-000363,ORD-00241,PRD-302,1,59.0,59.0
ITM-000364,ORD-00241,PRD-402,1,35.0,35.0
ITM-000365,ORD-00242,PRD-301,1,129.0,129.0
ITM-000366,ORD-00243,PRD-301,1,129.0,129.0
ITM-000367,ORD-00243,PRD-203,1,79.0,79.0
ITM-000368,ORD-00244,PRD-402,2,35.0,70.0
ITM-000369,ORD-00245,PRD-401,1,79.0,79.0
ITM-000370,ORD-00246,PRD-401,1,79.0,79.0
ITM-000371,ORD-00247,PRD-102,1,349.0,349.0
ITM-000372,ORD-00248,PRD-102,1,349.0,349.0
ITM-000373,ORD-00248,PRD-101,1,599.0,599.0
ITM-000374,ORD-00249,PRD-302,1,59.0,59.0
ITM-000375,ORD-00250,PRD-201,1,89.0,89.0
ITM-000376,ORD-00251,PRD-201,1,89.0,89.0
ITM-000377,ORD-00251,PRD-103,1,149.0,149.0
ITM-000378,ORD-00252,PRD-201,1,89.0,89.0
ITM-000379,ORD-00253,PRD-101,1,599.0,599.0
ITM-000380,ORD-00253,PRD-401,1,79.0,79.0
ITM-000381,ORD-00253,PRD-301,1,129.0,129.0
ITM-000382,ORD-00254,PRD-203,1,79.0,79.0
ITM-000383,ORD-00254,PRD-402,1,35.0,35.0
ITM-000384,ORD-00254,PRD-401,1,79.0,79.0
ITM-000385,ORD-00255,PRD-403,1,49.0,49.0
ITM-000386,ORD-00256,PRD-301,2,129.0,258.0
ITM-000387,ORD-00256,PRD-302,1,59.0,59.0
ITM-000388,ORD-00257,PRD-203,2,79.0,158.0
ITM-000389,ORD-00257,PRD-301,1,129.0,129.0
ITM-000390,ORD-00258,PRD-201,1,89.0,89.0
ITM-000391,ORD-00258,PRD-102,1,349.0,349.0
ITM-000392,ORD-00258,PRD-101,1,599.0,599.0
ITM-000393,ORD-00259,PRD-302,1,59.0,59.0
ITM-000394,ORD-00260,PRD-302,1,59.0,59.0
ITM-000395,ORD-00261,PRD-103,1,149.0,149.0
ITM-000396,ORD-00262,PRD-403,2,49.0,98.0
ITM-000397,ORD-00263,PRD-201,1,89.0,89.0
ITM-000398,ORD-00264,PRD-401,1,79.0,79.0
ITM-000399,ORD-00265,PRD-201,1,89.0,89.0
ITM-000400,ORD-00266,PRD-203,1,79.0,79.0
ITM-000401,ORD-00267,PRD-202,1,69.0,69.0
ITM-000402,ORD-00267,PRD-103,1,149.0,149.0
ITM-000403,ORD-00268,PRD-202,2,69.0,138.0
ITM-000404,ORD-00269,PRD-401,1,79.0,79.0
ITM-000405,ORD-00269,PRD-102,1,349.0,349.0
ITM-000406,ORD-00269,PRD-202,1,69.0,69.0
ITM-000407,ORD-00270,PRD-202,1,69.0,69.0
ITM-000408,ORD-00271,PRD-302,1,59.0,59.0
ITM-000409,ORD-00272,PRD-203,2,79.0,158.0
ITM-000410,ORD-00273,PRD-301,1,129.0,129.0
ITM-000411,ORD-00273,PRD-303,1,29.0,29.0
ITM-000412,ORD-00274,PRD-401,1,79.0,79.0
ITM-000413,ORD-00275,PRD-201,2,89.0,178.0
ITM-000414,ORD-00275,PRD-102,1,349.0,349.0
ITM-000415,ORD-00275,PRD-203,1,79.0,79.0
ITM-000416,ORD-00276,PRD-403,1,49.0,49.0
ITM-000417,ORD-00276,PRD-103,1,149.0,149.0
ITM-000418,ORD-00277,PRD-101,1,599.0,599.0
ITM-000419,ORD-00278,PRD-402,1,35.0,35.0
ITM-000420,ORD-00279,PRD-401,1,79.0,79.0
ITM-000421,ORD-00280,PRD-103,1,149.0,149.0
ITM-000422,ORD-00281,PRD-201,1,89.0,89.0
ITM-000423,ORD-00282,PRD-401,2,79.0,158.0
ITM-000424,ORD-00283,PRD-201,1,89.0,89.0
ITM-000425,ORD-00283,PRD-401,1,79.0,79.0
ITM-000426,ORD-00284,PRD-101,1,599.0,599.0
ITM-000427,ORD-00285,PRD-302,1,59.0,59.0
ITM-000428,ORD-00286,PRD-101,2,599.0,1198.0
ITM-000429,ORD-00287,PRD-402,1,35.0,35.0
ITM-000430,ORD-00288,PRD-202,1,69.0,69.0
ITM-000431,ORD-00288,PRD-103,2,149.0,298.0
ITM-000432,ORD-00289,PRD-103,1,149.0,149.0
ITM-000433,ORD-00289,PRD-101,1,599.0,599.0
ITM-000434,ORD-00289,PRD-102,2,349.0,698.0
ITM-000435,ORD-00290,PRD-403,1,49.0,49.0
ITM-000436,ORD-00291,PRD-101,1,599.0,599.0
ITM-000437,ORD-00292,PRD-202,1,69.0,69.0
ITM-000438,ORD-00293,PRD-101,1,599.0,599.0
ITM-000439,ORD-00293,PRD-401,1,79.0,79.0
ITM-000440,ORD-00293,PRD-301,1,129.0,129.0
ITM-000441,ORD-00294,PRD-203,1,79.0,79.0
ITM-000442,ORD-00295,PRD-203,1,79.0,79.0
ITM-000443,ORD-00296,PRD-401,1,79.0,79.0
ITM-000444,ORD-00297,PRD-103,1,149.0,149.0
ITM-000445,ORD-00297,PRD-101,2,599.0,1198.0
ITM-000446,ORD-00298,PRD-301,2,129.0,258.0
ITM-000447,ORD-00299,PRD-201,1,89.0,89.0
ITM-000448,ORD-00300,PRD-201,1,89.0,89.0
ITM-000449,ORD-00300,PRD-401,1,79.0,79.0
ITM-000450,ORD-00301,PRD-101,2,599.0,1198.0
ITM-000451,ORD-00302,PRD-402,1,35.0,35.0
ITM-000452,ORD-00303,PRD-402,1,35.0,35.0
ITM-000453,ORD-00303,PRD-102,1,349.0,349.0
ITM-000454,ORD-00304,PRD-301,1,129.0,129.0
ITM-000455,ORD-00305,PRD-101,1,599.0,599.0
ITM-000456,ORD-00305,PRD-302,1,59.0,59.0
ITM-000457,ORD-00306,PRD-101,1,599.0,599.0
ITM-000458,ORD-00306,PRD-301,1,129.0,129.0
ITM-000459,ORD-00307,PRD-102,1,349.0,349.0
ITM-000460,ORD-00307,PRD-302,1,59.0,59.0
ITM-000461,ORD-00308,PRD-103,1,149.0,149.0
ITM-000462,ORD-00309,PRD-301,1,129.0,129.0
ITM-000463,ORD-00309,PRD-303,1,29.0,29.0
ITM-000464,ORD-00310,PRD-301,1,129.0,129.0
ITM-000465,ORD-00311,PRD-103,1,149.0,149.0
ITM-000466,ORD-00311,PRD-301,1,129.0,129.0
ITM-000467,ORD-00312,PRD-102,1,349.0,349.0
ITM-000468,ORD-00312,PRD-403,1,49.0,49.0
ITM-000469,ORD-00312,PRD-103,2,149.0,298.0
ITM-000470,ORD-00313,PRD-403,1,49.0,49.0
ITM-000471,ORD-00313,PRD-203,1,79.0,79.0
ITM-000472,ORD-00314,PRD-402,1,35.0,35.0
ITM-000473,ORD-00314,PRD-203,1,79.0,79.0
ITM-000474,ORD-00315,PRD-302,2,59.0,118.0
ITM-000475,ORD-00315,PRD-402,1,35.0,35.0
ITM-000476,ORD-00316,PRD-103,1,149.0,149.0
ITM-000477,ORD-00317,PRD-401,1,79.0,79.0
ITM-000478,ORD-00317,PRD-303,2,29.0,58.0
ITM-000479,ORD-00318,PRD-302,1,59.0,59.0
ITM-000480,ORD-00319,PRD-102,1,349.0,349.0
ITM-000481,ORD-00320,PRD-301,1,129.0,129.0
ITM-000482,ORD-00321,PRD-103,1,149.0,149.0
ITM-000483,ORD-00322,PRD-102,1,349.0,349.0
ITM-000484,ORD-00323,PRD-202,1,69.0,69.0
ITM-000485,ORD-00323,PRD-303,1,29.0,29.0
ITM-000486,ORD-00323,PRD-401,2,79.0,158.0
ITM-000487,ORD-00324,PRD-302,2,59.0,118.0
ITM-000488,ORD-00325,PRD-401,1,79.0,79.0
ITM-000489,ORD-00325,PRD-303,2,29.0,58.0
ITM-000490,ORD-00326,PRD-202,1,69.0,69.0
ITM-000491,ORD-00327,PRD-303,1,29.0,29.0
ITM-000492,ORD-00328,PRD-202,1,69.0,69.0
ITM-000493,ORD-00328,PRD-402,1,35.0,35.0
ITM-000494,ORD-00329,PRD-202,2,69.0,138.0
ITM-000495,ORD-00330,PRD-303,2,29.0,58.0
ITM-000496,ORD-00331,PRD-401,1,79.0,79.0
ITM-000497,ORD-00332,PRD-102,1,349.0,349.0
ITM-000498,ORD-00333,PRD-202,1,69.0,69.0
ITM-000499,ORD-00334,PRD-202,1,69.0,69.0
ITM-000500,ORD-00335,PRD-101,1,599.0,599.0
ITM-000501,ORD-00336,PRD-401,1,79.0,79.0
ITM-000502,ORD-00337,PRD-103,2,149.0,298.0
ITM-000503,ORD-00338,PRD-201,1,89.0,89.0
ITM-000504,ORD-00339,PRD-101,1,599.0,599.0
ITM-000505,ORD-00339,PRD-303,1,29.0,29.0
ITM-000506,ORD-00340,PRD-401,1,79.0,79.0
ITM-000507,ORD-00341,PRD-301,1,129.0,129.0
ITM-000508,ORD-00342,PRD-403,1,49.0,49.0
ITM-000509,ORD-00343,PRD-301,1,129.0,129.0
ITM-000510,ORD-00344,PRD-402,1,35.0,35.0
ITM-000511,ORD-00344,PRD-303,1,29.0,29.0
ITM-000512,ORD-00345,PRD-403,1,49.0,49.0
ITM-000513,ORD-00346,PRD-301,1,129.0,129.0
ITM-000514,ORD-00347,PRD-401,1,79.0,79.0
ITM-000515,ORD-00348,PRD-403,1,49.0,49.0
ITM-000516,ORD-00349,PRD-203,1,79.0,79.0
ITM-000517,ORD-00350,PRD-202,1,69.0,69.0
ITM-000518,ORD-00351,PRD-103,1,149.0,149.0
ITM-000519,ORD-00352,PRD-102,1,349.0,349.0
ITM-000520,ORD-00353,PRD-302,1,59.0,59.0
ITM-000521,ORD-00354,PRD-401,1,79.0,79.0
ITM-000522,ORD-00355,PRD-102,1,349.0,349.0
ITM-000523,ORD-00356,PRD-201,1,89.0,89.0
ITM-000524,ORD-00357,PRD-201,1,89.0,89.0
ITM-000525,ORD-00358,PRD-201,1,89.0,89.0
ITM-000526,ORD-00359,PRD-302,2,59.0,118.0
ITM-000527,ORD-00360,PRD-302,1,59.0,59.0
ITM-000528,ORD-00361,PRD-403,1,49.0,49.0
ITM-000529,ORD-00362,PRD-302,1,59.0,59.0
ITM-000530,ORD-00362,PRD-203,1,79.0,79.0
ITM-000531,ORD-00363,PRD-303,1,29.0,29.0
ITM-000532,ORD-00364,PRD-103,1,149.0,149.0
ITM-000533,ORD-00365,PRD-103,1,149.0,149.0
ITM-000534,ORD-00366,PRD-102,1,349.0,349.0
ITM-000535,ORD-00367,PRD-402,1,35.0,35.0
ITM-000536,ORD-00368,PRD-202,1,69.0,69.0
ITM-000537,ORD-00368,PRD-401,2,79.0,158.0
ITM-000538,ORD-00368,PRD-303,1,29.0,29.0
ITM-000539,ORD-00369,PRD-201,1,89.0,89.0
ITM-000540,ORD-00369,PRD-403,1,49.0,49.0
ITM-000541,ORD-00370,PRD-202,1,69.0,69.0
ITM-000542,ORD-00371,PRD-303,1,29.0,29.0
ITM-000543,ORD-00371,PRD-203,1,79.0,79.0
ITM-000544,ORD-00372,PRD-101,1,599.0,599.0
ITM-000545,ORD-00373,PRD-302,2,59.0,118.0
ITM-000546,ORD-00374,PRD-401,1,79.0,79.0
ITM-000547,ORD-00375,PRD-403,1,49.0,49.0
ITM-000548,ORD-00375,PRD-402,1,35.0,35.0
ITM-000549,ORD-00376,PRD-403,1,49.0,49.0
ITM-000550,ORD-00376,PRD-203,1,79.0,79.0
ITM-000551,ORD-00376,PRD-401,1,79.0,79.0
ITM-000552,ORD-00377,PRD-201,2,89.0,178.0
ITM-000553,ORD-00377,PRD-103,1,149.0,149.0
ITM-000554,ORD-00378,PRD-103,1,149.0,149.0
ITM-000555,ORD-00379,PRD-202,1,69.0,69.0
ITM-000556,ORD-00380,PRD-403,1,49.0,49.0
ITM-000557,ORD-00381,PRD-403,1,49.0,49.0
ITM-000558,ORD-00382,PRD-403,1,49.0,49.0
ITM-000559,ORD-00383,PRD-402,1,35.0,35.0
ITM-000560,ORD-00383,PRD-303,1,29.0,29.0
ITM-000561,ORD-00384,PRD-101,1,599.0,599.0
ITM-000562,ORD-00385,PRD-302,1,59.0,59.0
ITM-000563,ORD-00385,PRD-103,1,149.0,149.0
ITM-000564,ORD-00386,PRD-202,1,69.0,69.0
ITM-000565,ORD-00386,PRD-301,2,129.0,258.0
ITM-000566,ORD-00387,PRD-202,2,69.0,138.0
ITM-000567,ORD-00388,PRD-203,1,79.0,79.0
ITM-000568,ORD-00388,PRD-403,1,49.0,49.0
ITM-000569,ORD-00389,PRD-401,1,79.0,79.0
ITM-000570,ORD-00389,PRD-403,2,49.0,98.0
ITM-000571,ORD-00389,PRD-201,1,89.0,89.0
ITM-000572,ORD-00390,PRD-102,1,349.0,349.0
ITM-000573,ORD-00391,PRD-201,1,89.0,89.0
ITM-000574,ORD-00391,PRD-302,2,59.0,118.0
ITM-000575,ORD-00392,PRD-101,1,599.0,599.0
ITM-000576,ORD-00393,PRD-102,1,349.0,349.0
ITM-000577,ORD-00394,PRD-402,1,35.0,35.0
ITM-000578,ORD-00394,PRD-202,1,69.0,69.0
ITM-000579,ORD-00394,PRD-401,1,79.0,79.0
ITM-000580,ORD-00395,PRD-301,1,129.0,129.0
ITM-000581,ORD-00395,PRD-303,1,29.0,29.0
ITM-000582,ORD-00395,PRD-203,1,79.0,79.0
ITM-000583,ORD-00396,PRD-403,1,49.0,49.0
ITM-000584,ORD-00397,PRD-102,1,349.0,349.0
ITM-000585,ORD-00398,PRD-102,2,349.0,698.0
ITM-000586,ORD-00399,PRD-302,1,59.0,59.0
ITM-000587,ORD-00400,PRD-102,1,349.0,349.0
ITM-000588,ORD-00401,PRD-401,1,79.0,79.0
ITM-000589,ORD-00401,PRD-102,1,349.0,349.0
ITM-000590,ORD-00401,PRD-402,1,35.0,35.0
ITM-000591,ORD-00402,PRD-301,1,129.0,129.0
ITM-000592,ORD-00403,PRD-401,1,79.0,79.0
ITM-000593,ORD-00404,PRD-201,2,89.0,178.0
ITM-000594,ORD-00405,PRD-402,1,35.0,35.0
ITM-000595,ORD-00405,PRD-203,1,79.0,79.0
ITM-000596,ORD-00405,PRD-301,1,129.0,129.0
ITM-000597,ORD-00406,PRD-303,2,29.0,58.0
ITM-000598,ORD-00407,PRD-101,2,599.0,1198.0
ITM-000599,ORD-00408,PRD-202,2,69.0,138.0
ITM-000600,ORD-00408,PRD-203,2,79.0,158.0
ITM-000601,ORD-00408,PRD-301,1,129.0,129.0
ITM-000602,ORD-00409,PRD-403,1,49.0,49.0
ITM-000603,ORD-00410,PRD-102,2,349.0,698.0
ITM-000604,ORD-00411,PRD-102,1,349.0,349.0
ITM-000605,ORD-00412,PRD-303,2,29.0,58.0
ITM-000606,ORD-00412,PRD-401,1,79.0,79.0
ITM-000607,ORD-00413,PRD-301,1,129.0,129.0
ITM-000608,ORD-00414,PRD-401,2,79.0,158.0
ITM-000609,ORD-00414,PRD-101,1,599.0,599.0
ITM-000610,ORD-00414,PRD-102,1,349.0,349.0
ITM-000611,ORD-00415,PRD-203,1,79.0,79.0
ITM-000612,ORD-00416,PRD-101,2,599.0,1198.0
ITM-000613,ORD-00416,PRD-402,1,35.0,35.0
ITM-000614,ORD-00416,PRD-303,1,29.0,29.0
ITM-000615,ORD-00417,PRD-201,1,89.0,89.0
ITM-000616,ORD-00417,PRD-303,1,29.0,29.0
ITM-000617,ORD-00418,PRD-401,1,79.0,79.0
ITM-000618,ORD-00419,PRD-102,2,349.0,698.0
ITM-000619,ORD-00420,PRD-103,1,149.0,149.0
ITM-000620,ORD-00420,PRD-201,1,89.0,89.0
ITM-000621,ORD-00421,PRD-103,1,149.0,149.0
ITM-000622,ORD-00422,PRD-201,2,89.0,178.0
ITM-000623,ORD-00423,PRD-202,1,69.0,69.0
ITM-000624,ORD-00424,PRD-303,1,29.0,29.0
ITM-000625,ORD-00424,PRD-202,1,69.0,69.0
ITM-000626,ORD-00425,PRD-102,1,349.0,349.0
ITM-000627,ORD-00425,PRD-401,1,79.0,79.0
ITM-000628,ORD-00426,PRD-103,1,149.0,149.0
ITM-000629,ORD-00427,PRD-403,1,49.0,49.0
ITM-000630,ORD-00428,PRD-102,1,349.0,349.0
ITM-000631,ORD-00429,PRD-101,1,599.0,599.0
ITM-000632,ORD-00429,PRD-103,1,149.0,149.0
ITM-000633,ORD-00429,PRD-403,1,49.0,49.0
ITM-000634,ORD-00430,PRD-403,1,49.0,49.0
ITM-000635,ORD-00430,PRD-301,1,129.0,129.0
ITM-000636,ORD-00431,PRD-201,1,89.0,89.0
ITM-000637,ORD-00432,PRD-101,1,599.0,599.0
ITM-000638,ORD-00432,PRD-102,1,349.0,349.0
ITM-000639,ORD-00432,PRD-402,1,35.0,35.0
ITM-000640,ORD-00433,PRD-303,1,29.0,29.0
ITM-000641,ORD-00433,PRD-302,1,59.0,59.0
ITM-000642,ORD-00433,PRD-103,1,149.0,149.0
ITM-000643,ORD-00434,PRD-201,1,89.0,89.0
ITM-000644,ORD-00434,PRD-102,1,349.0,349.0
ITM-000645,ORD-00435,PRD-303,1,29.0,29.0
ITM-000646,ORD-00435,PRD-103,1,149.0,149.0
ITM-000647,ORD-00436,PRD-102,1,349.0,349.0
ITM-000648,ORD-00436,PRD-403,1,49.0,49.0
ITM-000649,ORD-00437,PRD-303,1,29.0,29.0
ITM-000650,ORD-00437,PRD-103,1,149.0,149.0
ITM-000651,ORD-00438,PRD-201,1,89.0,89.0
ITM-000652,ORD-00439,PRD-403,2,49.0,98.0
ITM-000653,ORD-00440,PRD-103,1,149.0,149.0
ITM-000654,ORD-00440,PRD-302,1,59.0,59.0
ITM-000655,ORD-00441,PRD-103,1,149.0,149.0
ITM-000656,ORD-00442,PRD-402,2,35.0,70.0
ITM-000657,ORD-00442,PRD-303,2,29.0,58.0
ITM-000658,ORD-00443,PRD-103,1,149.0,149.0
ITM-000659,ORD-00444,PRD-101,1,599.0,599.0
ITM-000660,ORD-00444,PRD-201,1,89.0,89.0
ITM-000661,ORD-00445,PRD-201,1,89.0,89.0
ITM-000662,ORD-00445,PRD-303,1,29.0,29.0
ITM-000663,ORD-00445,PRD-102,1,349.0,349.0
ITM-000664,ORD-00446,PRD-101,1,599.0,599.0
ITM-000665,ORD-00447,PRD-303,1,29.0,29.0
ITM-000666,ORD-00448,PRD-103,1,149.0,149.0
ITM-000667,ORD-00449,PRD-402,1,35.0,35.0
ITM-000668,ORD-00450,PRD-403,1,49.0,49.0
ITM-000669,ORD-00450,PRD-101,1,599.0,599.0
ITM-000670,ORD-00451,PRD-101,1,599.0,599.0
ITM-000671,ORD-00452,PRD-303,1,29.0,29.0
ITM-000672,ORD-00452,PRD-402,1,35.0,35.0
ITM-000673,ORD-00453,PRD-303,2,29.0,58.0
ITM-000674,ORD-00454,PRD-302,1,59.0,59.0
ITM-000675,ORD-00455,PRD-201,1,89.0,89.0
ITM-000676,ORD-00456,PRD-201,1,89.0,89.0
ITM-000677,ORD-00457,PRD-401,1,79.0,79.0
ITM-000678,ORD-00457,PRD-301,1,129.0,129.0
ITM-000679,ORD-00458,PRD-303,1,29.0,29.0
ITM-000680,ORD-00458,PRD-302,1,59.0,59.0
ITM-000681,ORD-00459,PRD-202,1,69.0,69.0
ITM-000682,ORD-00459,PRD-303,1,29.0,29.0
ITM-000683,ORD-00460,PRD-302,1,59.0,59.0
ITM-000684,ORD-00460,PRD-201,1,89.0,89.0
ITM-000685,ORD-00460,PRD-303,1,29.0,29.0
ITM-000686,ORD-00461,PRD-401,1,79.0,79.0
ITM-000687,ORD-00461,PRD-402,1,35.0,35.0
ITM-000688,ORD-00462,PRD-403,1,49.0,49.0
ITM-000689,ORD-00463,PRD-202,1,69.0,69.0
ITM-000690,ORD-00463,PRD-402,1,35.0,35.0
ITM-000691,ORD-00464,PRD-403,1,49.0,49.0
ITM-000692,ORD-00464,PRD-402,1,35.0,35.0
ITM-000693,ORD-00465,PRD-202,1,69.0,69.0
ITM-000694,ORD-00465,PRD-303,1,29.0,29.0
ITM-000695,ORD-00466,PRD-202,1,69.0,69.0
ITM-000696,ORD-00466,PRD-203,1,79.0,79.0
ITM-000697,ORD-00467,PRD-202,2,69.0,138.0
ITM-000698,ORD-00467,PRD-201,1,89.0,89.0
ITM-000699,ORD-00467,PRD-402,1,35.0,35.0
ITM-000700,ORD-00468,PRD-403,1,49.0,49.0
ITM-000701,ORD-00469,PRD-403,2,49.0,98.0
ITM-000702,ORD-00470,PRD-402,1,35.0,35.0
ITM-000703,ORD-00471,PRD-102,1,349.0,349.0
ITM-000704,ORD-00471,PRD-401,1,79.0,79.0
ITM-000705,ORD-00472,PRD-303,1,29.0,29.0
ITM-000706,ORD-00472,PRD-101,1,599.0,599.0
ITM-000707,ORD-00473,PRD-101,1,599.0,599.0
ITM-000708,ORD-00474,PRD-401,2,79.0,158.0
ITM-000709,ORD-00474,PRD-102,2,349.0,698.0
ITM-000710,ORD-00475,PRD-102,2,349.0,698.0
ITM-000711,ORD-00476,PRD-101,1,599.0,599.0
ITM-000712,ORD-00477,PRD-302,1,59.0,59.0
ITM-000713,ORD-00478,PRD-303,1,29.0,29.0
ITM-000714,ORD-00479,PRD-403,1,49.0,49.0
ITM-000715,ORD-00479,PRD-101,1,599.0,599.0
ITM-000716,ORD-00479,PRD-303,1,29.0,29.0
ITM-000717,ORD-00480,PRD-401,1,79.0,79.0
ITM-000718,ORD-00481,PRD-201,1,89.0,89.0
ITM-000719,ORD-00481,PRD-202,1,69.0,69.0
ITM-000720,ORD-00481,PRD-203,1,79.0,79.0
ITM-000721,ORD-00482,PRD-303,1,29.0,29.0
ITM-000722,ORD-00483,PRD-202,2,69.0,138.0
ITM-000723,ORD-00484,PRD-402,2,35.0,70.0
ITM-000724,ORD-00485,PRD-101,1,599.0,599.0
ITM-000725,ORD-00485,PRD-102,1,349.0,349.0
ITM-000726,ORD-00486,PRD-101,1,599.0,599.0
ITM-000727,ORD-00487,PRD-402,1,35.0,35.0
ITM-000728,ORD-00488,PRD-303,1,29.0,29.0
ITM-000729,ORD-00489,PRD-401,1,79.0,79.0
ITM-000730,ORD-00490,PRD-102,1,349.0,349.0
ITM-000731,ORD-00490,PRD-103,1,149.0,149.0
ITM-000732,ORD-00491,PRD-301,2,129.0,258.0
ITM-000733,ORD-00491,PRD-401,1,79.0,79.0
ITM-000734,ORD-00491,PRD-101,1,599.0,599.0
ITM-000735,ORD-00492,PRD-303,2,29.0,58.0
ITM-000736,ORD-00493,PRD-201,2,89.0,178.0
ITM-000737,ORD-00494,PRD-301,1,129.0,129.0
ITM-000738,ORD-00494,PRD-402,1,35.0,35.0
ITM-000739,ORD-00495,PRD-203,1,79.0,79.0
ITM-000740,ORD-00496,PRD-102,2,349.0,698.0
ITM-000741,ORD-00497,PRD-303,1,29.0,29.0
ITM-000742,ORD-00497,PRD-203,2,79.0,158.0
ITM-000743,ORD-00498,PRD-202,1,69.0,69.0
ITM-000744,ORD-00498,PRD-303,2,29.0,58.0
ITM-000745,ORD-00499,PRD-402,2,35.0,70.0
ITM-000746,ORD-00500,PRD-301,1,129.0,129.0
ITM-000747,ORD-00500,PRD-303,1,29.0,29.0
ITM-000748,ORD-00501,PRD-101,1,599.0,599.0
ITM-000749,ORD-00502,PRD-302,1,59.0,59.0
ITM-000750,ORD-00503,PRD-203,1,79.0,79.0
ITM-000751,ORD-00504,PRD-103,1,149.0,149.0
ITM-000752,ORD-00505,PRD-303,1,29.0,29.0
ITM-000753,ORD-00506,PRD-401,1,79.0,79.0
ITM-000754,ORD-00506,PRD-403,1,49.0,49.0
ITM-000755,ORD-00506,PRD-102,1,349.0,349.0
ITM-000756,ORD-00507,PRD-103,2,149.0,298.0
ITM-000757,ORD-00508,PRD-302,1,59.0,59.0
ITM-000758,ORD-00509,PRD-103,1,149.0,149.0
ITM-000759,ORD-00510,PRD-401,2,79.0,158.0
ITM-000760,ORD-00511,PRD-401,1,79.0,79.0
ITM-000761,ORD-00512,PRD-301,1,129.0,129.0
ITM-000762,ORD-00512,PRD-202,1,69.0,69.0
ITM-000763,ORD-00513,PRD-103,2,149.0,298.0
ITM-000764,ORD-00514,PRD-401,1,79.0,79.0
ITM-000765,ORD-00514,PRD-303,1,29.0,29.0
ITM-000766,ORD-00515,PRD-302,1,59.0,59.0
ITM-000767,ORD-00516,PRD-103,1,149.0,149.0
ITM-000768,ORD-00516,PRD-303,1,29.0,29.0
ITM-000769,ORD-00517,PRD-303,1,29.0,29.0
ITM-000770,ORD-00517,PRD-402,1,35.0,35.0
ITM-000771,ORD-00518,PRD-301,1,129.0,129.0
ITM-000772,ORD-00519,PRD-103,1,149.0,149.0
ITM-000773,ORD-00519,PRD-201,1,89.0,89.0
ITM-000774,ORD-00520,PRD-203,1,79.0,79.0
ITM-000775,ORD-00521,PRD-403,1,49.0,49.0
ITM-000776,ORD-00522,PRD-401,2,79.0,158.0
ITM-000777,ORD-00523,PRD-103,2,149.0,298.0
ITM-000778,ORD-00523,PRD-403,1,49.0,49.0
ITM-000779,ORD-00524,PRD-303,2,29.0,58.0
ITM-000780,ORD-00524,PRD-301,1,129.0,129.0
ITM-000781,ORD-00525,PRD-203,1,79.0,79.0
ITM-000782,ORD-00525,PRD-401,1,79.0,79.0
ITM-000783,ORD-00526,PRD-203,2,79.0,158.0
ITM-000784,ORD-00527,PRD-101,1,599.0,599.0
ITM-000785,ORD-00527,PRD-401,1,79.0,79.0
ITM-000786,ORD-00528,PRD-302,1,59.0,59.0
ITM-000787,ORD-00529,PRD-103,1,149.0,149.0
ITM-000788,ORD-00529,PRD-403,1,49.0,49.0
ITM-000789,ORD-00530,PRD-402,1,35.0,35.0
ITM-000790,ORD-00531,PRD-403,1,49.0,49.0
ITM-000791,ORD-00532,PRD-203,1,79.0,79.0
ITM-000792,ORD-00532,PRD-202,2,69.0,138.0
ITM-000793,ORD-00533,PRD-402,1,35.0,35.0
ITM-000794,ORD-00534,PRD-201,1,89.0,89.0
ITM-000795,ORD-00535,PRD-203,1,79.0,79.0
ITM-000796,ORD-00535,PRD-103,1,149.0,149.0
ITM-000797,ORD-00536,PRD-201,1,89.0,89.0
ITM-000798,ORD-00536,PRD-403,1,49.0,49.0
ITM-000799,ORD-00536,PRD-203,1,79.0,79.0
ITM-000800,ORD-00537,PRD-202,2,69.0,138.0
ITM-000801,ORD-00538,PRD-402,1,35.0,35.0
ITM-000802,ORD-00539,PRD-403,1,49.0,49.0
ITM-000803,ORD-00540,PRD-203,1,79.0,79.0
ITM-000804,ORD-00541,PRD-201,1,89.0,89.0
ITM-000805,ORD-00542,PRD-203,1,79.0,79.0
ITM-000806,ORD-00543,PRD-102,1,349.0,349.0
ITM-000807,ORD-00544,PRD-303,1,29.0,29.0
ITM-000808,ORD-00544,PRD-302,1,59.0,59.0
ITM-000809,ORD-00545,PRD-203,1,79.0,79.0
ITM-000810,ORD-00546,PRD-301,1,129.0,129.0
ITM-000811,ORD-00547,PRD-403,2,49.0,98.0
ITM-000812,ORD-00548,PRD-202,1,69.0,69.0
ITM-000813,ORD-00548,PRD-103,1,149.0,149.0
ITM-000814,ORD-00549,PRD-101,2,599.0,1198.0
ITM-000815,ORD-00550,PRD-201,1,89.0,89.0
ITM-000816,ORD-00551,PRD-203,1,79.0,79.0
ITM-000817,ORD-00552,PRD-303,1,29.0,29.0
ITM-000818,ORD-00552,PRD-401,1,79.0,79.0
ITM-000819,ORD-00553,PRD-403,1,49.0,49.0
ITM-000820,ORD-00553,PRD-202,1,69.0,69.0
ITM-000821,ORD-00554,PRD-102,1,349.0,349.0
ITM-000822,ORD-00554,PRD-303,1,29.0,29.0
ITM-000823,ORD-00554,PRD-201,1,89.0,89.0
ITM-000824,ORD-00555,PRD-101,1,599.0,599.0
ITM-000825,ORD-00555,PRD-402,1,35.0,35.0
ITM-000826,ORD-00556,PRD-103,1,149.0,149.0
ITM-000827,ORD-00557,PRD-403,1,49.0,49.0
ITM-000828,ORD-00558,PRD-403,2,49.0,98.0
ITM-000829,ORD-00559,PRD-203,1,79.0,79.0
ITM-000830,ORD-00559,PRD-103,1,149.0,149.0
ITM-000831,ORD-00559,PRD-401,2,79.0,158.0
ITM-000832,ORD-00560,PRD-303,2,29.0,58.0
ITM-000833,ORD-00561,PRD-201,1,89.0,89.0
ITM-000834,ORD-00561,PRD-302,1,59.0,59.0
ITM-000835,ORD-00562,PRD-401,2,79.0,158.0
ITM-000836,ORD-00563,PRD-401,1,79.0,79.0
ITM-000837,ORD-00563,PRD-102,1,349.0,349.0
ITM-000838,ORD-00564,PRD-201,2,89.0,178.0
ITM-000839,ORD-00564,PRD-401,1,79.0,79.0
ITM-000840,ORD-00565,PRD-403,1,49.0,49.0
ITM-000841,ORD-00566,PRD-202,2,69.0,138.0
ITM-000842,ORD-00567,PRD-103,1,149.0,149.0
ITM-000843,ORD-00568,PRD-302,1,59.0,59.0
ITM-000844,ORD-00569,PRD-101,1,599.0,599.0
ITM-000845,ORD-00570,PRD-103,1,149.0,149.0
ITM-000846,ORD-00571,PRD-401,1,79.0,79.0
ITM-000847,ORD-00572,PRD-402,1,35.0,35.0
ITM-000848,ORD-00573,PRD-401,1,79.0,79.0
ITM-000849,ORD-00573,PRD-203,1,79.0,79.0
ITM-000850,ORD-00574,PRD-103,1,149.0,149.0
ITM-000851,ORD-00575,PRD-201,1,89.0,89.0
ITM-000852,ORD-00576,PRD-302,1,59.0,59.0
ITM-000853,ORD-00577,PRD-102,1,349.0,349.0
ITM-000854,ORD-00577,PRD-201,2,89.0,178.0
ITM-000855,ORD-00578,PRD-102,1,349.0,349.0
ITM-000856,ORD-00578,PRD-403,1,49.0,49.0
ITM-000857,ORD-00579,PRD-303,2,29.0,58.0
ITM-000858,ORD-00579,PRD-302,1,59.0,59.0
ITM-000859,ORD-00580,PRD-101,1,599.0,599.0
ITM-000860,ORD-00581,PRD-101,1,599.0,599.0
ITM-000861,ORD-00582,PRD-203,2,79.0,158.0
ITM-000862,ORD-00583,PRD-301,1,129.0,129.0
ITM-000863,ORD-00584,PRD-302,1,59.0,59.0
ITM-000864,ORD-00584,PRD-101,1,599.0,599.0
ITM-000865,ORD-00585,PRD-301,1,129.0,129.0
ITM-000866,ORD-00586,PRD-101,1,599.0,599.0
ITM-000867,ORD-00586,PRD-301,1,129.0,129.0
ITM-000868,ORD-00586,PRD-102,1,349.0,349.0
ITM-000869,ORD-00587,PRD-102,1,349.0,349.0
ITM-000870,ORD-00587,PRD-301,1,129.0,129.0
ITM-000871,ORD-00588,PRD-202,2,69.0,138.0
ITM-000872,ORD-00589,PRD-301,2,129.0,258.0
ITM-000873,ORD-00590,PRD-203,1,79.0,79.0
ITM-000874,ORD-00590,PRD-403,1,49.0,49.0
ITM-000875,ORD-00591,PRD-101,1,599.0,599.0
ITM-000876,ORD-00592,PRD-403,1,49.0,49.0
ITM-000877,ORD-00592,PRD-301,1,129.0,129.0
ITM-000878,ORD-00593,PRD-303,1,29.0,29.0
ITM-000879,ORD-00594,PRD-203,1,79.0,79.0
ITM-000880,ORD-00595,PRD-201,1,89.0,89.0
ITM-000881,ORD-00596,PRD-102,1,349.0,349.0
ITM-000882,ORD-00597,PRD-403,1,49.0,49.0
ITM-000883,ORD-00598,PRD-201,1,89.0,89.0
ITM-000884,ORD-00598,PRD-401,1,79.0,79.0
ITM-000885,ORD-00599,PRD-303,1,29.0,29.0
ITM-000886,ORD-00600,PRD-301,1,129.0,129.0
ITM-000887,ORD-00601,PRD-102,1,349.0,349.0
ITM-000888,ORD-00601,PRD-202,1,69.0,69.0
ITM-000889,ORD-00602,PRD-403,1,49.0,49.0
ITM-000890,ORD-00602,PRD-402,1,35.0,35.0
ITM-000891,ORD-00603,PRD-303,1,29.0,29.0
ITM-000892,ORD-00604,PRD-402,1,35.0,35.0
ITM-000893,ORD-00605,PRD-301,2,129.0,258.0
ITM-000894,ORD-00606,PRD-103,1,149.0,149.0
ITM-000895,ORD-00607,PRD-302,1,59.0,59.0
ITM-000896,ORD-00607,PRD-101,2,599.0,1198.0
ITM-000897,ORD-00607,PRD-102,1,349.0,349.0
ITM-000898,ORD-00608,PRD-303,1,29.0,29.0
ITM-000899,ORD-00608,PRD-103,1,149.0,149.0
ITM-000900,ORD-00609,PRD-102,1,349.0,349.0
ITM-000901,ORD-00609,PRD-201,1,89.0,89.0
ITM-000902,ORD-00609,PRD-203,1,79.0,79.0
ITM-000903,ORD-00610,PRD-402,1,35.0,35.0
ITM-000904,ORD-00611,PRD-202,1,69.0,69.0
ITM-000905,ORD-00611,PRD-403,1,49.0,49.0
ITM-000906,ORD-00611,PRD-303,1,29.0,29.0
ITM-000907,ORD-00612,PRD-303,1,29.0,29.0
ITM-000908,ORD-00612,PRD-103,1,149.0,149.0
ITM-000909,ORD-00612,PRD-101,1,599.0,599.0
ITM-000910,ORD-00613,PRD-102,1,349.0,349.0
ITM-000911,ORD-00614,PRD-401,1,79.0,79.0
ITM-000912,ORD-00615,PRD-301,2,129.0,258.0
ITM-000913,ORD-00615,PRD-401,1,79.0,79.0
ITM-000914,ORD-00616,PRD-102,1,349.0,349.0
ITM-000915,ORD-00616,PRD-401,1,79.0,79.0
ITM-000916,ORD-00616,PRD-301,1,129.0,129.0
ITM-000917,ORD-00617,PRD-203,1,79.0,79.0
ITM-000918,ORD-00617,PRD-102,1,349.0,349.0
ITM-000919,ORD-00618,PRD-301,1,129.0,129.0
ITM-000920,ORD-00619,PRD-303,1,29.0,29.0
ITM-000921,ORD-00620,PRD-303,1,29.0,29.0
ITM-000922,ORD-00621,PRD-401,1,79.0,79.0
ITM-000923,ORD-00622,PRD-302,1,59.0,59.0
ITM-000924,ORD-00622,PRD-401,1,79.0,79.0
ITM-000925,ORD-00623,PRD-401,1,79.0,79.0
ITM-000926,ORD-00623,PRD-402,2,35.0,70.0
ITM-000927,ORD-00624,PRD-203,2,79.0,158.0
ITM-000928,ORD-00624,PRD-103,1,149.0,149.0
ITM-000929,ORD-00625,PRD-103,1,149.0,149.0
ITM-000930,ORD-00626,PRD-201,1,89.0,89.0
ITM-000931,ORD-00626,PRD-202,1,69.0,69.0
ITM-000932,ORD-00627,PRD-403,1,49.0,49.0
ITM-000933,ORD-00627,PRD-102,1,349.0,349.0
ITM-000934,ORD-00628,PRD-403,1,49.0,49.0
ITM-000935,ORD-00628,PRD-101,1,599.0,599.0
ITM-000936,ORD-00628,PRD-301,1,129.0,129.0
ITM-000937,ORD-00629,PRD-401,2,79.0,158.0
ITM-000938,ORD-00629,PRD-103,1,149.0,149.0
ITM-000939,ORD-00630,PRD-401,1,79.0,79.0
ITM-000940,ORD-00631,PRD-203,1,79.0,79.0
ITM-000941,ORD-00632,PRD-302,1,59.0,59.0
ITM-000942,ORD-00632,PRD-203,2,79.0,158.0
ITM-000943,ORD-00633,PRD-401,1,79.0,79.0
ITM-000944,ORD-00634,PRD-202,1,69.0,69.0
ITM-000945,ORD-00635,PRD-103,1,149.0,149.0
ITM-000946,ORD-00636,PRD-403,1,49.0,49.0
ITM-000947,ORD-00636,PRD-303,1,29.0,29.0
ITM-000948,ORD-00637,PRD-202,1,69.0,69.0
ITM-000949,ORD-00637,PRD-203,1,79.0,79.0
ITM-000950,ORD-00638,PRD-201,1,89.0,89.0
ITM-000951,ORD-00638,PRD-303,1,29.0,29.0
ITM-000952,ORD-00638,PRD-401,2,79.0,158.0
ITM-000953,ORD-00639,PRD-103,1,149.0,149.0
ITM-000954,ORD-00639,PRD-301,1,129.0,129.0
ITM-000955,ORD-00640,PRD-101,1,599.0,599.0
ITM-000956,ORD-00641,PRD-302,1,59.0,59.0
ITM-000957,ORD-00641,PRD-301,1,129.0,129.0
ITM-000958,ORD-00641,PRD-403,1,49.0,49.0
ITM-000959,ORD-00642,PRD-102,1,349.0,349.0
ITM-000960,ORD-00642,PRD-403,2,49.0,98.0
ITM-000961,ORD-00643,PRD-303,1,29.0,29.0
ITM-000962,ORD-00643,PRD-101,1,599.0,599.0
ITM-000963,ORD-00643,PRD-102,1,349.0,349.0
ITM-000964,ORD-00644,PRD-401,2,79.0,158.0
ITM-000965,ORD-00645,PRD-202,2,69.0,138.0
ITM-000966,ORD-00646,PRD-302,1,59.0,59.0
ITM-000967,ORD-00647,PRD-402,1,35.0,35.0
ITM-000968,ORD-00648,PRD-203,2,79.0,158.0
ITM-000969,ORD-00649,PRD-203,2,79.0,158.0
ITM-000970,ORD-00649,PRD-103,1,149.0,149.0
ITM-000971,ORD-00650,PRD-303,1,29.0,29.0
ITM-000972,ORD-00651,PRD-403,1,49.0,49.0
ITM-000973,ORD-00652,PRD-302,1,59.0,59.0
ITM-000974,ORD-00653,PRD-201,1,89.0,89.0
ITM-000975,ORD-00653,PRD-101,2,599.0,1198.0
ITM-000976,ORD-00654,PRD-203,2,79.0,158.0
ITM-000977,ORD-00654,PRD-201,1,89.0,89.0
ITM-000978,ORD-00655,PRD-301,1,129.0,129.0
ITM-000979,ORD-00655,PRD-203,1,79.0,79.0
ITM-000980,ORD-00655,PRD-103,1,149.0,149.0
ITM-000981,ORD-00656,PRD-403,1,49.0,49.0
ITM-000982,ORD-00656,PRD-102,1,349.0,349.0
ITM-000983,ORD-00657,PRD-303,1,29.0,29.0
ITM-000984,ORD-00658,PRD-303,2,29.0,58.0
ITM-000985,ORD-00658,PRD-403,1,49.0,49.0
ITM-000986,ORD-00658,PRD-103,1,149.0,149.0
ITM-000987,ORD-00659,PRD-302,1,59.0,59.0
ITM-000988,ORD-00660,PRD-303,1,29.0,29.0
ITM-000989,ORD-00660,PRD-301,1,129.0,129.0
ITM-000990,ORD-00660,PRD-202,1,69.0,69.0
ITM-000991,ORD-00661,PRD-102,2,349.0,698.0
ITM-000992,ORD-00662,PRD-101,1,599.0,599.0
ITM-000993,ORD-00663,PRD-101,1,599.0,599.0
ITM-000994,ORD-00663,PRD-102,1,349.0,349.0
ITM-000995,ORD-00664,PRD-402,1,35.0,35.0
ITM-000996,ORD-00664,PRD-302,1,59.0,59.0
ITM-000997,ORD-00665,PRD-303,1,29.0,29.0
ITM-000998,ORD-00666,PRD-202,1,69.0,69.0
ITM-000999,ORD-00666,PRD-301,1,129.0,129.0
ITM-001000,ORD-00667,PRD-201,1,89.0,89.0
ITM-001001,ORD-00668,PRD-202,2,69.0,138.0
ITM-001002,ORD-00669,PRD-301,2,129.0,258.0
ITM-001003,ORD-00670,PRD-203,1,79.0,79.0
ITM-001004,ORD-00671,PRD-303,1,29.0,29.0
ITM-001005,ORD-00671,PRD-203,1,79.0,79.0
ITM-001006,ORD-00672,PRD-201,1,89.0,89.0
ITM-001007,ORD-00673,PRD-301,1,129.0,129.0
ITM-001008,ORD-00674,PRD-402,1,35.0,35.0
ITM-001009,ORD-00675,PRD-101,1,599.0,599.0
ITM-001010,ORD-00676,PRD-101,1,599.0,599.0
ITM-001011,ORD-00676,PRD-401,1,79.0,79.0
ITM-001012,ORD-00677,PRD-303,1,29.0,29.0
ITM-001013,ORD-00678,PRD-401,2,79.0,158.0
ITM-001014,ORD-00678,PRD-203,1,79.0,79.0
ITM-001015,ORD-00678,PRD-103,1,149.0,149.0
ITM-001016,ORD-00679,PRD-202,1,69.0,69.0
ITM-001017,ORD-00680,PRD-103,1,149.0,149.0
ITM-001018,ORD-00681,PRD-101,1,599.0,599.0
ITM-001019,ORD-00682,PRD-202,1,69.0,69.0
ITM-001020,ORD-00683,PRD-203,1,79.0,79.0
ITM-001021,ORD-00684,PRD-203,1,79.0,79.0
ITM-001022,ORD-00684,PRD-301,1,129.0,129.0
ITM-001023,ORD-00685,PRD-303,1,29.0,29.0
ITM-001024,ORD-00685,PRD-103,2,149.0,298.0
ITM-001025,ORD-00685,PRD-403,2,49.0,98.0
ITM-001026,ORD-00686,PRD-103,1,149.0,149.0
ITM-001027,ORD-00686,PRD-403,1,49.0,49.0
ITM-001028,ORD-00687,PRD-203,1,79.0,79.0
ITM-001029,ORD-00687,PRD-101,1,599.0,599.0
ITM-001030,ORD-00687,PRD-302,2,59.0,118.0
ITM-001031,ORD-00688,PRD-102,1,349.0,349.0
ITM-001032,ORD-00688,PRD-402,1,35.0,35.0
ITM-001033,ORD-00689,PRD-201,1,89.0,89.0
ITM-001034,ORD-00690,PRD-202,2,69.0,138.0
ITM-001035,ORD-00690,PRD-402,1,35.0,35.0
ITM-001036,ORD-00690,PRD-102,1,349.0,349.0
ITM-001037,ORD-00691,PRD-201,2,89.0,178.0
ITM-001038,ORD-00692,PRD-401,2,79.0,158.0
ITM-001039,ORD-00692,PRD-303,2,29.0,58.0
ITM-001040,ORD-00693,PRD-103,1,149.0,149.0
ITM-001041,ORD-00694,PRD-202,1,69.0,69.0
ITM-001042,ORD-00695,PRD-202,2,69.0,138.0
ITM-001043,ORD-00696,PRD-202,1,69.0,69.0
ITM-001044,ORD-00696,PRD-403,1,49.0,49.0
ITM-001045,ORD-00696,PRD-303,2,29.0,58.0
ITM-001046,ORD-00697,PRD-103,1,149.0,149.0
ITM-001047,ORD-00698,PRD-301,1,129.0,129.0
ITM-001048,ORD-00698,PRD-203,1,79.0,79.0
ITM-001049,ORD-00699,PRD-101,1,599.0,599.0
ITM-001050,ORD-00700,PRD-403,1,49.0,49.0
ITM-001051,ORD-00700,PRD-101,1,599.0,599.0
ITM-001052,ORD-00701,PRD-102,1,349.0,349.0
ITM-001053,ORD-00701,PRD-401,1,79.0,79.0
ITM-001054,ORD-00701,PRD-101,1,599.0,599.0
ITM-001055,ORD-00702,PRD-401,1,79.0,79.0
ITM-001056,ORD-00703,PRD-102,1,349.0,349.0
ITM-001057,ORD-00703,PRD-402,2,35.0,70.0
ITM-001058,ORD-00703,PRD-103,1,149.0,149.0
ITM-001059,ORD-00704,PRD-101,1,599.0,599.0
ITM-001060,ORD-00704,PRD-102,1,349.0,349.0
ITM-001061,ORD-00705,PRD-401,1,79.0,79.0
ITM-001062,ORD-00706,PRD-302,1,59.0,59.0
ITM-001063,ORD-00706,PRD-401,2,79.0,158.0
ITM-001064,ORD-00707,PRD-202,1,69.0,69.0
ITM-001065,ORD-00707,PRD-402,1,35.0,35.0
ITM-001066,ORD-00707,PRD-401,1,79.0,79.0
ITM-001067,ORD-00708,PRD-201,1,89.0,89.0
ITM-001068,ORD-00708,PRD-301,1,129.0,129.0
ITM-001069,ORD-00708,PRD-101,1,599.0,599.0
ITM-001070,ORD-00709,PRD-103,2,149.0,298.0
ITM-001071,ORD-00710,PRD-203,1,79.0,79.0
ITM-001072,ORD-00710,PRD-103,1,149.0,149.0
ITM-001073,ORD-00711,PRD-301,1,129.0,129.0
ITM-001074,ORD-00712,PRD-302,1,59.0,59.0
ITM-001075,ORD-00712,PRD-303,1,29.0,29.0
ITM-001076,ORD-00713,PRD-203,1,79.0,79.0
ITM-001077,ORD-00713,PRD-201,1,89.0,89.0
ITM-001078,ORD-00713,PRD-101,1,599.0,599.0
ITM-001079,ORD-00714,PRD-201,2,89.0,178.0
ITM-001080,ORD-00715,PRD-202,1,69.0,69.0
ITM-001081,ORD-00716,PRD-102,1,349.0,349.0
ITM-001082,ORD-00717,PRD-303,1,29.0,29.0
ITM-001083,ORD-00718,PRD-201,1,89.0,89.0
ITM-001084,ORD-00719,PRD-401,1,79.0,79.0
ITM-001085,ORD-00720,PRD-301,1,129.0,129.0
ITM-001086,ORD-00721,PRD-103,1,149.0,149.0
ITM-001087,ORD-00721,PRD-302,1,59.0,59.0
ITM-001088,ORD-00722,PRD-102,1,349.0,349.0
ITM-001089,ORD-00722,PRD-403,1,49.0,49.0
ITM-001090,ORD-00722,PRD-203,1,79.0,79.0
ITM-001091,ORD-00723,PRD-203,2,79.0,158.0
ITM-001092,ORD-00724,PRD-102,1,349.0,349.0
ITM-001093,ORD-00725,PRD-203,1,79.0,79.0
ITM-001094,ORD-00726,PRD-203,2,79.0,158.0
ITM-001095,ORD-00727,PRD-401,2,79.0,158.0
ITM-001096,ORD-00727,PRD-103,1,149.0,149.0
ITM-001097,ORD-00727,PRD-303,1,29.0,29.0
ITM-001098,ORD-00728,PRD-403,1,49.0,49.0
ITM-001099,ORD-00729,PRD-402,2,35.0,70.0
ITM-001100,ORD-00730,PRD-302,2,59.0,118.0
ITM-001101,ORD-00731,PRD-203,1,79.0,79.0
ITM-001102,ORD-00731,PRD-401,1,79.0,79.0
ITM-001103,ORD-00731,PRD-402,1,35.0,35.0
ITM-001104,ORD-00732,PRD-103,1,149.0,149.0
ITM-001105,ORD-00733,PRD-101,1,599.0,599.0
ITM-001106,ORD-00733,PRD-103,1,149.0,149.0
ITM-001107,ORD-00734,PRD-201,1,89.0,89.0
ITM-001108,ORD-00734,PRD-302,1,59.0,59.0
ITM-001109,ORD-00735,PRD-102,1,349.0,349.0
ITM-001110,ORD-00735,PRD-301,1,129.0,129.0
ITM-001111,ORD-00735,PRD-403,1,49.0,49.0
ITM-001112,ORD-00736,PRD-201,1,89.0,89.0
ITM-001113,ORD-00737,PRD-103,1,149.0,149.0
ITM-001114,ORD-00738,PRD-203,1,79.0,79.0
ITM-001115,ORD-00739,PRD-101,1,599.0,599.0
ITM-001116,ORD-00740,PRD-401,1,79.0,79.0
ITM-001117,ORD-00741,PRD-401,1,79.0,79.0
ITM-001118,ORD-00741,PRD-201,1,89.0,89.0
ITM-001119,ORD-00742,PRD-103,1,149.0,149.0
ITM-001120,ORD-00743,PRD-403,1,49.0,49.0
ITM-001121,ORD-00743,PRD-203,1,79.0,79.0
ITM-001122,ORD-00743,PRD-303,1,29.0,29.0
ITM-001123,ORD-00744,PRD-301,1,129.0,129.0
ITM-001124,ORD-00744,PRD-103,1,149.0,149.0
ITM-001125,ORD-00745,PRD-203,1,79.0,79.0
ITM-001126,ORD-00746,PRD-203,1,79.0,79.0
ITM-001127,ORD-00746,PRD-303,1,29.0,29.0
ITM-001128,ORD-00747,PRD-403,1,49.0,49.0
ITM-001129,ORD-00748,PRD-302,1,59.0,59.0
ITM-001130,ORD-00749,PRD-403,1,49.0,49.0
ITM-001131,ORD-00749,PRD-202,2,69.0,138.0
ITM-001132,ORD-00750,PRD-202,1,69.0,69.0
ITM-001133,ORD-00751,PRD-203,1,79.0,79.0
ITM-001134,ORD-00752,PRD-103,1,149.0,149.0
ITM-001135,ORD-00752,PRD-301,1,129.0,129.0
ITM-001136,ORD-00753,PRD-302,2,59.0,118.0
ITM-001137,ORD-00754,PRD-202,1,69.0,69.0
ITM-001138,ORD-00754,PRD-101,1,599.0,599.0
ITM-001139,ORD-00754,PRD-403,1,49.0,49.0
ITM-001140,ORD-00755,PRD-101,1,599.0,599.0
ITM-001141,ORD-00756,PRD-402,1,35.0,35.0
ITM-001142,ORD-00757,PRD-203,1,79.0,79.0
ITM-001143,ORD-00758,PRD-402,1,35.0,35.0
ITM-001144,ORD-00758,PRD-202,1,69.0,69.0
ITM-001145,ORD-00759,PRD-402,1,35.0,35.0
ITM-001146,ORD-00759,PRD-403,1,49.0,49.0
ITM-001147,ORD-00759,PRD-101,1,599.0,599.0
ITM-001148,ORD-00760,PRD-203,1,79.0,79.0
ITM-001149,ORD-00761,PRD-101,2,599.0,1198.0
ITM-001150,ORD-00762,PRD-203,1,79.0,79.0
ITM-001151,ORD-00762,PRD-403,1,49.0,49.0
ITM-001152,ORD-00762,PRD-303,1,29.0,29.0
ITM-001153,ORD-00763,PRD-201,1,89.0,89.0
ITM-001154,ORD-00764,PRD-402,1,35.0,35.0
ITM-001155,ORD-00765,PRD-403,1,49.0,49.0
ITM-001156,ORD-00766,PRD-201,1,89.0,89.0
ITM-001157,ORD-00767,PRD-103,1,149.0,149.0
ITM-001158,ORD-00768,PRD-103,1,149.0,149.0
ITM-001159,ORD-00769,PRD-303,1,29.0,29.0
ITM-001160,ORD-00770,PRD-302,1,59.0,59.0
ITM-001161,ORD-00771,PRD-103,1,149.0,149.0
ITM-001162,ORD-00772,PRD-103,1,149.0,149.0
ITM-001163,ORD-00773,PRD-302,1,59.0,59.0
ITM-001164,ORD-00773,PRD-201,1,89.0,89.0
ITM-001165,ORD-00774,PRD-403,1,49.0,49.0
ITM-001166,ORD-00774,PRD-303,1,29.0,29.0
ITM-001167,ORD-00774,PRD-101,1,599.0,599.0
ITM-001168,ORD-00775,PRD-402,1,35.0,35.0
ITM-001169,ORD-00775,PRD-103,1,149.0,149.0
ITM-001170,ORD-00775,PRD-403,1,49.0,49.0
ITM-001171,ORD-00776,PRD-302,1,59.0,59.0
ITM-001172,ORD-00776,PRD-201,1,89.0,89.0
ITM-001173,ORD-00777,PRD-402,1,35.0,35.0
ITM-001174,ORD-00778,PRD-103,1,149.0,149.0
ITM-001175,ORD-00778,PRD-301,1,129.0,129.0
ITM-001176,ORD-00779,PRD-302,1,59.0,59.0
ITM-001177,ORD-00779,PRD-101,1,599.0,599.0
ITM-001178,ORD-00780,PRD-403,1,49.0,49.0
ITM-001179,ORD-00781,PRD-102,1,349.0,349.0
ITM-001180,ORD-00781,PRD-401,1,79.0,79.0
ITM-001181,ORD-00781,PRD-301,1,129.0,129.0
ITM-001182,ORD-00782,PRD-101,1,599.0,599.0
ITM-001183,ORD-00782,PRD-202,2,69.0,138.0
ITM-001184,ORD-00783,PRD-103,1,149.0,149.0
ITM-001185,ORD-00783,PRD-202,1,69.0,69.0
ITM-001186,ORD-00784,PRD-301,1,129.0,129.0
ITM-001187,ORD-00785,PRD-401,2,79.0,158.0
ITM-001188,ORD-00786,PRD-203,1,79.0,79.0
ITM-001189,ORD-00787,PRD-403,1,49.0,49.0
ITM-001190,ORD-00787,PRD-202,1,69.0,69.0
ITM-001191,ORD-00788,PRD-402,1,35.0,35.0
ITM-001192,ORD-00788,PRD-203,1,79.0,79.0
ITM-001193,ORD-00789,PRD-301,1,129.0,129.0
ITM-001194,ORD-00790,PRD-303,1,29.0,29.0
ITM-001195,ORD-00791,PRD-401,1,79.0,79.0
ITM-001196,ORD-00792,PRD-101,1,599.0,599.0
ITM-001197,ORD-00793,PRD-401,1,79.0,79.0
ITM-001198,ORD-00794,PRD-402,1,35.0,35.0
ITM-001199,ORD-00795,PRD-203,1,79.0,79.0
ITM-001200,ORD-00796,PRD-301,1,129.0,129.0
ITM-001201,ORD-00796,PRD-202,1,69.0,69.0
ITM-001202,ORD-00797,PRD-203,2,79.0,158.0
ITM-001203,ORD-00798,PRD-202,1,69.0,69.0
ITM-001204,ORD-00798,PRD-201,1,89.0,89.0
ITM-001205,ORD-00799,PRD-201,1,89.0,89.0
ITM-001206,ORD-00799,PRD-202,1,69.0,69.0
ITM-001207,ORD-00800,PRD-402,1,35.0,35.0
ITM-001208,ORD-00800,PRD-303,1,29.0,29.0
ITM-001209,ORD-00801,PRD-201,1,89.0,89.0
ITM-001210,ORD-00801,PRD-401,1,79.0,79.0
ITM-001211,ORD-00802,PRD-103,1,149.0,149.0
ITM-001212,ORD-00803,PRD-301,1,129.0,129.0
ITM-001213,ORD-00803,PRD-203,1,79.0,79.0
ITM-001214,ORD-00804,PRD-301,1,129.0,129.0
ITM-001215,ORD-00804,PRD-102,1,349.0,349.0
ITM-001216,ORD-00805,PRD-302,1,59.0,59.0
ITM-001217,ORD-00806,PRD-402,1,35.0,35.0
ITM-001218,ORD-00807,PRD-202,1,69.0,69.0
ITM-001219,ORD-00807,PRD-203,1,79.0,79.0
ITM-001220,ORD-00807,PRD-303,1,29.0,29.0
ITM-001221,ORD-00808,PRD-201,1,89.0,89.0
ITM-001222,ORD-00809,PRD-202,1,69.0,69.0
ITM-001223,ORD-00810,PRD-403,1,49.0,49.0
ITM-001224,ORD-00810,PRD-401,1,79.0,79.0
ITM-001225,ORD-00811,PRD-401,1,79.0,79.0
ITM-001226,ORD-00811,PRD-202,1,69.0,69.0
ITM-001227,ORD-00812,PRD-202,1,69.0,69.0
ITM-001228,ORD-00813,PRD-203,2,79.0,158.0
ITM-001229,ORD-00814,PRD-103,1,149.0,149.0
ITM-001230,ORD-00815,PRD-401,1,79.0,79.0
ITM-001231,ORD-00815,PRD-201,1,89.0,89.0
ITM-001232,ORD-00815,PRD-101,1,599.0,599.0
ITM-001233,ORD-00816,PRD-302,1,59.0,59.0
ITM-001234,ORD-00817,PRD-302,1,59.0,59.0
ITM-001235,ORD-00818,PRD-402,1,35.0,35.0
ITM-001236,ORD-00819,PRD-302,1,59.0,59.0
ITM-001237,ORD-00820,PRD-401,1,79.0,79.0
ITM-001238,ORD-00821,PRD-203,1,79.0,79.0
ITM-001239,ORD-00822,PRD-402,1,35.0,35.0
ITM-001240,ORD-00823,PRD-303,1,29.0,29.0
ITM-001241,ORD-00824,PRD-102,1,349.0,349.0
ITM-001242,ORD-00825,PRD-202,2,69.0,138.0
ITM-001243,ORD-00826,PRD-102,1,349.0,349.0
ITM-001244,ORD-00827,PRD-403,1,49.0,49.0
ITM-001245,ORD-00828,PRD-201,1,89.0,89.0
ITM-001246,ORD-00829,PRD-203,1,79.0,79.0
ITM-001247,ORD-00830,PRD-403,1,49.0,49.0
ITM-001248,ORD-00830,PRD-202,1,69.0,69.0
ITM-001249,ORD-00830,PRD-201,1,89.0,89.0
ITM-001250,ORD-00831,PRD-202,2,69.0,138.0
ITM-001251,ORD-00831,PRD-401,1,79.0,79.0
ITM-001252,ORD-00832,PRD-202,1,69.0,69.0
ITM-001253,ORD-00833,PRD-401,2,79.0,158.0
ITM-001254,ORD-00834,PRD-301,1,129.0,129.0
ITM-001255,ORD-00835,PRD-403,2,49.0,98.0
ITM-001256,ORD-00836,PRD-202,1,69.0,69.0
ITM-001257,ORD-00837,PRD-102,2,349.0,698.0
ITM-001258,ORD-00838,PRD-403,2,49.0,98.0
ITM-001259,ORD-00839,PRD-402,1,35.0,35.0
ITM-001260,ORD-00840,PRD-401,1,79.0,79.0
ITM-001261,ORD-00841,PRD-101,1,599.0,599.0
ITM-001262,ORD-00842,PRD-101,1,599.0,599.0
ITM-001263,ORD-00842,PRD-403,1,49.0,49.0
ITM-001264,ORD-00843,PRD-102,1,349.0,349.0
ITM-001265,ORD-00843,PRD-203,1,79.0,79.0
ITM-001266,ORD-00844,PRD-101,1,599.0,599.0
ITM-001267,ORD-00845,PRD-202,1,69.0,69.0
ITM-001268,ORD-00846,PRD-303,1,29.0,29.0
ITM-001269,ORD-00847,PRD-202,1,69.0,69.0
ITM-001270,ORD-00848,PRD-103,1,149.0,149.0
ITM-001271,ORD-00849,PRD-202,1,69.0,69.0
ITM-001272,ORD-00850,PRD-403,1,49.0,49.0
ITM-001273,ORD-00851,PRD-401,2,79.0,158.0
ITM-001274,ORD-00852,PRD-403,1,49.0,49.0
ITM-001275,ORD-00853,PRD-403,1,49.0,49.0
ITM-001276,ORD-00853,PRD-101,1,599.0,599.0
ITM-001277,ORD-00854,PRD-201,2,89.0,178.0
ITM-001278,ORD-00855,PRD-201,1,89.0,89.0
ITM-001279,ORD-00855,PRD-303,2,29.0,58.0
ITM-001280,ORD-00856,PRD-301,1,129.0,129.0
ITM-001281,ORD-00857,PRD-103,2,149.0,298.0
ITM-001282,ORD-00857,PRD-303,1,29.0,29.0
ITM-001283,ORD-00858,PRD-102,2,349.0,698.0
ITM-001284,ORD-00859,PRD-102,1,349.0,349.0
ITM-001285,ORD-00860,PRD-402,1,35.0,35.0
ITM-001286,ORD-00861,PRD-403,2,49.0,98.0
ITM-001287,ORD-00862,PRD-402,1,35.0,35.0
ITM-001288,ORD-00863,PRD-102,1,349.0,349.0
ITM-001289,ORD-00864,PRD-401,2,79.0,158.0
ITM-001290,ORD-00865,PRD-402,1,35.0,35.0
ITM-001291,ORD-00866,PRD-203,1,79.0,79.0
ITM-001292,ORD-00867,PRD-103,1,149.0,149.0
ITM-001293,ORD-00868,PRD-401,1,79.0,79.0
ITM-001294,ORD-00869,PRD-302,1,59.0,59.0
ITM-001295,ORD-00870,PRD-302,1,59.0,59.0
ITM-001296,ORD-00870,PRD-202,1,69.0,69.0
ITM-001297,ORD-00871,PRD-202,1,69.0,69.0
ITM-001298,ORD-00871,PRD-102,1,349.0,349.0
ITM-001299,ORD-00872,PRD-303,1,29.0,29.0
ITM-001300,ORD-00872,PRD-403,1,49.0,49.0
ITM-001301,ORD-00873,PRD-103,1,149.0,149.0
ITM-001302,ORD-00873,PRD-402,1,35.0,35.0
ITM-001303,ORD-00874,PRD-103,2,149.0,298.0
ITM-001304,ORD-00875,PRD-202,1,69.0,69.0
ITM-001305,ORD-00876,PRD-402,1,35.0,35.0
ITM-001306,ORD-00877,PRD-403,2,49.0,98.0
ITM-001307,ORD-00878,PRD-302,1,59.0,59.0
ITM-001308,ORD-00878,PRD-203,1,79.0,79.0
ITM-001309,ORD-00878,PRD-101,1,599.0,599.0
ITM-001310,ORD-00879,PRD-203,1,79.0,79.0
ITM-001311,ORD-00880,PRD-402,1,35.0,35.0
ITM-001312,ORD-00880,PRD-202,1,69.0,69.0
ITM-001313,ORD-00880,PRD-301,1,129.0,129.0
ITM-001314,ORD-00881,PRD-101,1,599.0,599.0
ITM-001315,ORD-00881,PRD-102,1,349.0,349.0
ITM-001316,ORD-00882,PRD-401,2,79.0,158.0
ITM-001317,ORD-00883,PRD-203,1,79.0,79.0
ITM-001318,ORD-00883,PRD-103,1,149.0,149.0
ITM-001319,ORD-00884,PRD-301,1,129.0,129.0
ITM-001320,ORD-00885,PRD-402,1,35.0,35.0
ITM-001321,ORD-00885,PRD-403,1,49.0,49.0
ITM-001322,ORD-00885,PRD-202,1,69.0,69.0
ITM-001323,ORD-00886,PRD-201,1,89.0,89.0
ITM-001324,ORD-00887,PRD-103,1,149.0,149.0
ITM-001325,ORD-00887,PRD-202,1,69.0,69.0
ITM-001326,ORD-00888,PRD-301,1,129.0,129.0
ITM-001327,ORD-00888,PRD-103,2,149.0,298.0
ITM-001328,ORD-00889,PRD-103,1,149.0,149.0
ITM-001329,ORD-00890,PRD-203,1,79.0,79.0
ITM-001330,ORD-00890,PRD-303,1,29.0,29.0
ITM-001331,ORD-00891,PRD-303,1,29.0,29.0
ITM-001332,ORD-00892,PRD-402,1,35.0,35.0
ITM-001333,ORD-00893,PRD-201,1,89.0,89.0
ITM-001334,ORD-00894,PRD-403,1,49.0,49.0
ITM-001335,ORD-00895,PRD-303,1,29.0,29.0
ITM-001336,ORD-00896,PRD-201,1,89.0,89.0
ITM-001337,ORD-00896,PRD-402,1,35.0,35.0
ITM-001338,ORD-00897,PRD-303,1,29.0,29.0
ITM-001339,ORD-00897,PRD-102,1,349.0,349.0
ITM-001340,ORD-00898,PRD-203,1,79.0,79.0
ITM-001341,ORD-00899,PRD-203,1,79.0,79.0
ITM-001342,ORD-00900,PRD-202,2,69.0,138.0
ITM-001343,ORD-00901,PRD-301,1,129.0,129.0
ITM-001344,ORD-00902,PRD-202,2,69.0,138.0
ITM-001345,ORD-00903,PRD-101,1,599.0,599.0
ITM-001346,ORD-00904,PRD-201,1,89.0,89.0
ITM-001347,ORD-00905,PRD-202,1,69.0,69.0
ITM-001348,ORD-00905,PRD-403,1,49.0,49.0
ITM-001349,ORD-00906,PRD-303,2,29.0,58.0
ITM-001350,ORD-00907,PRD-303,1,29.0,29.0
ITM-001351,ORD-00908,PRD-402,2,35.0,70.0
ITM-001352,ORD-00909,PRD-302,1,59.0,59.0
ITM-001353,ORD-00909,PRD-102,1,349.0,349.0
ITM-001354,ORD-00909,PRD-403,1,49.0,49.0
ITM-001355,ORD-00910,PRD-201,1,89.0,89.0
ITM-001356,ORD-00910,PRD-301,2,129.0,258.0
ITM-001357,ORD-00911,PRD-201,1,89.0,89.0
ITM-001358,ORD-00912,PRD-201,1,89.0,89.0
ITM-001359,ORD-00913,PRD-401,2,79.0,158.0
ITM-001360,ORD-00913,PRD-402,2,35.0,70.0
ITM-001361,ORD-00914,PRD-301,2,129.0,258.0
ITM-001362,ORD-00915,PRD-101,1,599.0,599.0
ITM-001363,ORD-00916,PRD-101,1,599.0,599.0
ITM-001364,ORD-00916,PRD-102,1,349.0,349.0
ITM-001365,ORD-00917,PRD-402,2,35.0,70.0
ITM-001366,ORD-00918,PRD-203,1,79.0,79.0
ITM-001367,ORD-00918,PRD-303,2,29.0,58.0
ITM-001368,ORD-00919,PRD-201,1,89.0,89.0
ITM-001369,ORD-00919,PRD-301,1,129.0,129.0
ITM-001370,ORD-00920,PRD-303,1,29.0,29.0
ITM-001371,ORD-00920,PRD-401,1,79.0,79.0
ITM-001372,ORD-00921,PRD-301,1,129.0,129.0
ITM-001373,ORD-00922,PRD-201,1,89.0,89.0
ITM-001374,ORD-00922,PRD-401,1,79.0,79.0
ITM-001375,ORD-00923,PRD-303,1,29.0,29.0
ITM-001376,ORD-00923,PRD-201,1,89.0,89.0
ITM-001377,ORD-00924,PRD-201,1,89.0,89.0
ITM-001378,ORD-00925,PRD-401,2,79.0,158.0
ITM-001379,ORD-00925,PRD-302,1,59.0,59.0
ITM-001380,ORD-00926,PRD-203,2,79.0,158.0
ITM-001381,ORD-00927,PRD-103,1,149.0,149.0
ITM-001382,ORD-00928,PRD-202,1,69.0,69.0
ITM-001383,ORD-00929,PRD-302,1,59.0,59.0
ITM-001384,ORD-00930,PRD-303,2,29.0,58.0
ITM-001385,ORD-00930,PRD-302,1,59.0,59.0
ITM-001386,ORD-00930,PRD-202,1,69.0,69.0
ITM-001387,ORD-00931,PRD-202,2,69.0,138.0
ITM-001388,ORD-00932,PRD-202,1,69.0,69.0
ITM-001389,ORD-00932,PRD-101,2,599.0,1198.0
ITM-001390,ORD-00933,PRD-402,1,35.0,35.0
ITM-001391,ORD-00934,PRD-302,1,59.0,59.0
ITM-001392,ORD-00934,PRD-101,1,599.0,599.0
ITM-001393,ORD-00935,PRD-101,1,599.0,599.0
ITM-001394,ORD-00935,PRD-103,1,149.0,149.0
ITM-001395,ORD-00936,PRD-103,2,149.0,298.0
ITM-001396,ORD-00937,PRD-103,1,149.0,149.0
ITM-001397,ORD-00938,PRD-401,1,79.0,79.0
ITM-001398,ORD-00939,PRD-401,1,79.0,79.0
ITM-001399,ORD-00940,PRD-403,1,49.0,49.0
ITM-001400,ORD-00941,PRD-203,1,79.0,79.0
ITM-001401,ORD-00942,PRD-403,1,49.0,49.0
ITM-001402,ORD-00943,PRD-201,1,89.0,89.0
ITM-001403,ORD-00944,PRD-403,1,49.0,49.0
ITM-001404,ORD-00945,PRD-201,2,89.0,178.0
ITM-001405,ORD-00945,PRD-301,1,129.0,129.0
ITM-001406,ORD-00946,PRD-101,1,599.0,599.0
ITM-001407,ORD-00947,PRD-101,1,599.0,599.0
ITM-001408,ORD-00947,PRD-403,1,49.0,49.0
ITM-001409,ORD-00948,PRD-301,1,129.0,129.0
ITM-001410,ORD-00949,PRD-203,1,79.0,79.0
ITM-001411,ORD-00949,PRD-202,1,69.0,69.0
ITM-001412,ORD-00950,PRD-301,1,129.0,129.0
ITM-001413,ORD-00951,PRD-402,1,35.0,35.0
ITM-001414,ORD-00952,PRD-403,2,49.0,98.0
ITM-001415,ORD-00953,PRD-402,1,35.0,35.0
ITM-001416,ORD-00954,PRD-202,1,69.0,69.0
ITM-001417,ORD-00955,PRD-101,1,599.0,599.0
ITM-001418,ORD-00956,PRD-301,1,129.0,129.0
ITM-001419,ORD-00957,PRD-303,1,29.0,29.0
ITM-001420,ORD-00958,PRD-202,1,69.0,69.0
ITM-001421,ORD-00959,PRD-102,2,349.0,698.0
ITM-001422,ORD-00960,PRD-301,1,129.0,129.0
ITM-001423,ORD-00961,PRD-201,1,89.0,89.0
ITM-001424,ORD-00962,PRD-103,1,149.0,149.0
ITM-001425,ORD-00963,PRD-201,2,89.0,178.0
ITM-001426,ORD-00963,PRD-302,1,59.0,59.0
ITM-001427,ORD-00963,PRD-103,1,149.0,149.0
ITM-001428,ORD-00964,PRD-403,1,49.0,49.0
ITM-001429,ORD-00964,PRD-301,1,129.0,129.0
ITM-001430,ORD-00965,PRD-101,1,599.0,599.0
ITM-001431,ORD-00966,PRD-403,2,49.0,98.0
ITM-001432,ORD-00966,PRD-401,1,79.0,79.0
ITM-001433,ORD-00966,PRD-303,1,29.0,29.0
ITM-001434,ORD-00967,PRD-303,1,29.0,29.0
ITM-001435,ORD-00967,PRD-301,1,129.0,129.0
ITM-001436,ORD-00968,PRD-301,1,129.0,129.0
ITM-001437,ORD-00969,PRD-102,1,349.0,349.0
ITM-001438,ORD-00970,PRD-202,1,69.0,69.0
ITM-001439,ORD-00970,PRD-103,1,149.0,149.0
ITM-001440,ORD-00970,PRD-101,1,599.0,599.0
ITM-001441,ORD-00971,PRD-301,2,129.0,258.0
ITM-001442,ORD-00972,PRD-101,1,599.0,599.0
ITM-001443,ORD-00973,PRD-102,1,349.0,349.0
ITM-001444,ORD-00974,PRD-202,2,69.0,138.0
ITM-001445,ORD-00975,PRD-102,1,349.0,349.0
ITM-001446,ORD-00976,PRD-201,1,89.0,89.0
ITM-001447,ORD-00977,PRD-103,1,149.0,149.0
ITM-001448,ORD-00978,PRD-301,2,129.0,258.0
ITM-001449,ORD-00979,PRD-301,2,129.0,258.0
ITM-001450,ORD-00979,PRD-102,1,349.0,349.0
ITM-001451,ORD-00980,PRD-201,1,89.0,89.0
ITM-001452,ORD-00981,PRD-402,1,35.0,35.0
ITM-001453,ORD-00982,PRD-403,1,49.0,49.0
ITM-001454,ORD-00983,PRD-202,1,69.0,69.0
ITM-001455,ORD-00983,PRD-402,1,35.0,35.0
ITM-001456,ORD-00984,PRD-101,1,599.0,599.0
ITM-001457,ORD-00984,PRD-102,1,349.0,349.0
ITM-001458,ORD-00985,PRD-301,1,129.0,129.0
ITM-001459,ORD-00986,PRD-302,1,59.0,59.0
ITM-001460,ORD-00987,PRD-203,2,79.0,158.0
ITM-001461,ORD-00988,PRD-301,1,129.0,129.0
ITM-001462,ORD-00988,PRD-303,2,29.0,58.0
ITM-001463,ORD-00989,PRD-401,1,79.0,79.0
ITM-001464,ORD-00989,PRD-101,1,599.0,599.0
ITM-001465,ORD-00990,PRD-202,2,69.0,138.0
ITM-001466,ORD-00991,PRD-301,2,129.0,258.0
ITM-001467,ORD-00992,PRD-202,1,69.0,69.0
ITM-001468,ORD-00993,PRD-202,1,69.0,69.0
ITM-001469,ORD-00993,PRD-403,1,49.0,49.0
ITM-001470,ORD-00994,PRD-103,1,149.0,149.0
ITM-001471,ORD-00995,PRD-303,1,29.0,29.0
ITM-001472,ORD-00995,PRD-403,1,49.0,49.0
ITM-001473,ORD-00996,PRD-102,2,349.0,698.0
ITM-001474,ORD-00997,PRD-102,1,349.0,349.0
ITM-001475,ORD-00997,PRD-103,1,149.0,149.0
ITM-001476,ORD-00998,PRD-102,1,349.0,349.0
ITM-001477,ORD-00999,PRD-401,1,79.0,79.0
ITM-001478,ORD-01000,PRD-102,1,349.0,349.0
ITM-001479,ORD-01000,PRD-201,1,89.0,89.0
ITM-001480,ORD-01000,PRD-403,1,49.0,49.0
ITM-001481,ORD-01001,PRD-402,1,35.0,35.0
ITM-001482,ORD-01001,PRD-401,1,79.0,79.0
ITM-001483,ORD-01001,PRD-101,1,599.0,599.0
ITM-001484,ORD-01002,PRD-102,1,349.0,349.0
ITM-001485,ORD-01003,PRD-302,2,59.0,118.0
ITM-001486,ORD-01004,PRD-201,1,89.0,89.0
ITM-001487,ORD-01005,PRD-401,1,79.0,79.0
ITM-001488,ORD-01006,PRD-302,1,59.0,59.0
ITM-001489,ORD-01007,PRD-303,2,29.0,58.0
ITM-001490,ORD-01007,PRD-102,1,349.0,349.0
ITM-001491,ORD-01008,PRD-303,1,29.0,29.0
ITM-001492,ORD-01009,PRD-103,1,149.0,149.0
ITM-001493,ORD-01010,PRD-302,1,59.0,59.0
ITM-001494,ORD-01011,PRD-401,1,79.0,79.0
ITM-001495,ORD-01012,PRD-102,1,349.0,349.0
ITM-001496,ORD-01013,PRD-201,1,89.0,89.0
ITM-001497,ORD-01014,PRD-403,1,49.0,49.0
ITM-001498,ORD-01014,PRD-102,2,349.0,698.0
ITM-001499,ORD-01015,PRD-101,1,599.0,599.0
ITM-001500,ORD-01016,PRD-102,1,349.0,349.0
ITM-001501,ORD-01017,PRD-301,1,129.0,129.0
ITM-001502,ORD-01017,PRD-201,2,89.0,178.0
ITM-001503,ORD-01018,PRD-102,2,349.0,698.0
ITM-001504,ORD-01019,PRD-102,1,349.0,349.0
ITM-001505,ORD-01019,PRD-203,1,79.0,79.0
ITM-001506,ORD-01020,PRD-102,1,349.0,349.0
ITM-001507,ORD-01021,PRD-402,1,35.0,35.0
ITM-001508,ORD-01022,PRD-403,1,49.0,49.0
ITM-001509,ORD-01023,PRD-302,1,59.0,59.0
ITM-001510,ORD-01024,PRD-202,1,69.0,69.0
ITM-001511,ORD-01025,PRD-202,2,69.0,138.0
ITM-001512,ORD-01026,PRD-303,1,29.0,29.0
ITM-001513,ORD-01026,PRD-203,1,79.0,79.0
ITM-001514,ORD-01027,PRD-301,2,129.0,258.0
ITM-001515,ORD-01027,PRD-103,1,149.0,149.0
ITM-001516,ORD-01028,PRD-301,1,129.0,129.0
ITM-001517,ORD-01029,PRD-301,1,129.0,129.0
ITM-001518,ORD-01030,PRD-303,1,29.0,29.0
ITM-001519,ORD-01031,PRD-301,1,129.0,129.0
ITM-001520,ORD-01031,PRD-401,1,79.0,79.0
ITM-001521,ORD-01031,PRD-201,1,89.0,89.0
ITM-001522,ORD-01032,PRD-401,1,79.0,79.0
ITM-001523,ORD-01032,PRD-103,1,149.0,149.0
ITM-001524,ORD-01032,PRD-302,1,59.0,59.0
ITM-001525,ORD-01033,PRD-403,1,49.0,49.0
ITM-001526,ORD-01033,PRD-203,1,79.0,79.0
ITM-001527,ORD-01034,PRD-103,1,149.0,149.0
ITM-001528,ORD-01035,PRD-301,1,129.0,129.0
ITM-001529,ORD-01036,PRD-302,1,59.0,59.0
ITM-001530,ORD-01037,PRD-102,2,349.0,698.0
ITM-001531,ORD-01038,PRD-202,1,69.0,69.0
ITM-001532,ORD-01039,PRD-401,1,79.0,79.0
ITM-001533,ORD-01039,PRD-101,2,599.0,1198.0
ITM-001534,ORD-01040,PRD-202,1,69.0,69.0
ITM-001535,ORD-01041,PRD-102,1,349.0,349.0
ITM-001536,ORD-01042,PRD-203,1,79.0,79.0
ITM-001537,ORD-01042,PRD-402,1,35.0,35.0
ITM-001538,ORD-01043,PRD-202,1,69.0,69.0
ITM-001539,ORD-01044,PRD-301,2,129.0,258.0
ITM-001540,ORD-01044,PRD-201,1,89.0,89.0
ITM-001541,ORD-01045,PRD-203,1,79.0,79.0
ITM-001542,ORD-01045,PRD-202,2,69.0,138.0
ITM-001543,ORD-01046,PRD-103,2,149.0,298.0
ITM-001544,ORD-01047,PRD-203,1,79.0,79.0
ITM-001545,ORD-01048,PRD-302,1,59.0,59.0
ITM-001546,ORD-01048,PRD-301,1,129.0,129.0
ITM-001547,ORD-01049,PRD-201,1,89.0,89.0
ITM-001548,ORD-01050,PRD-303,1,29.0,29.0
ITM-001549,ORD-01051,PRD-101,1,599.0,599.0
ITM-001550,ORD-01052,PRD-203,1,79.0,79.0
ITM-001551,ORD-01053,PRD-103,2,149.0,298.0
ITM-001552,ORD-01054,PRD-203,2,79.0,158.0
ITM-001553,ORD-01055,PRD-202,1,69.0,69.0
ITM-001554,ORD-01055,PRD-203,1,79.0,79.0
ITM-001555,ORD-01055,PRD-101,1,599.0,599.0
ITM-001556,ORD-01056,PRD-201,2,89.0,178.0
ITM-001557,ORD-01056,PRD-403,1,49.0,49.0
ITM-001558,ORD-01057,PRD-203,1,79.0,79.0
ITM-001559,ORD-01058,PRD-203,1,79.0,79.0
ITM-001560,ORD-01059,PRD-102,2,349.0,698.0
ITM-001561,ORD-01059,PRD-103,1,149.0,149.0
ITM-001562,ORD-01059,PRD-201,1,89.0,89.0
ITM-001563,ORD-01060,PRD-301,1,129.0,129.0
ITM-001564,ORD-01060,PRD-103,1,149.0,149.0
ITM-001565,ORD-01060,PRD-401,1,79.0,79.0
ITM-001566,ORD-01061,PRD-403,1,49.0,49.0
ITM-001567,ORD-01062,PRD-103,1,149.0,149.0
ITM-001568,ORD-01063,PRD-302,1,59.0,59.0
ITM-001569,ORD-01064,PRD-203,1,79.0,79.0
ITM-001570,ORD-01064,PRD-103,1,149.0,149.0
ITM-001571,ORD-01064,PRD-202,1,69.0,69.0
ITM-001572,ORD-01065,PRD-103,1,149.0,149.0
ITM-001573,ORD-01066,PRD-401,1,79.0,79.0
ITM-001574,ORD-01067,PRD-103,1,149.0,149.0
ITM-001575,ORD-01068,PRD-102,1,349.0,349.0
ITM-001576,ORD-01068,PRD-401,2,79.0,158.0
ITM-001577,ORD-01068,PRD-103,1,149.0,149.0
ITM-001578,ORD-01069,PRD-201,2,89.0,178.0
ITM-001579,ORD-01070,PRD-302,1,59.0,59.0
ITM-001580,ORD-01071,PRD-203,1,79.0,79.0
ITM-001581,ORD-01071,PRD-303,1,29.0,29.0
ITM-001582,ORD-01072,PRD-303,1,29.0,29.0
ITM-001583,ORD-01073,PRD-203,1,79.0,79.0
ITM-001584,ORD-01074,PRD-102,1,349.0,349.0
ITM-001585,ORD-01075,PRD-401,1,79.0,79.0
ITM-001586,ORD-01076,PRD-401,1,79.0,79.0
ITM-001587,ORD-01077,PRD-301,1,129.0,129.0
ITM-001588,ORD-01078,PRD-302,1,59.0,59.0
ITM-001589,ORD-01079,PRD-102,1,349.0,349.0
ITM-001590,ORD-01079,PRD-401,1,79.0,79.0
ITM-001591,ORD-01080,PRD-401,1,79.0,79.0
ITM-001592,ORD-01081,PRD-101,1,599.0,599.0
ITM-001593,ORD-01082,PRD-201,1,89.0,89.0
ITM-001594,ORD-01083,PRD-301,1,129.0,129.0
ITM-001595,ORD-01084,PRD-201,1,89.0,89.0
ITM-001596,ORD-01084,PRD-301,2,129.0,258.0
ITM-001597,ORD-01084,PRD-102,1,349.0,349.0
ITM-001598,ORD-01085,PRD-301,1,129.0,129.0
ITM-001599,ORD-01085,PRD-203,1,79.0,79.0
ITM-001600,ORD-01086,PRD-402,2,35.0,70.0
ITM-001601,ORD-01087,PRD-202,1,69.0,69.0
ITM-001602,ORD-01088,PRD-203,1,79.0,79.0
ITM-001603,ORD-01089,PRD-103,1,149.0,149.0
ITM-001604,ORD-01090,PRD-202,1,69.0,69.0
ITM-001605,ORD-01091,PRD-303,1,29.0,29.0
ITM-001606,ORD-01091,PRD-301,1,129.0,129.0
ITM-001607,ORD-01092,PRD-103,1,149.0,149.0
ITM-001608,ORD-01093,PRD-202,1,69.0,69.0
ITM-001609,ORD-01093,PRD-102,2,349.0,698.0
ITM-001610,ORD-01094,PRD-103,1,149.0,149.0
ITM-001611,ORD-01094,PRD-102,1,349.0,349.0
ITM-001612,ORD-01094,PRD-301,1,129.0,129.0
ITM-001613,ORD-01095,PRD-202,1,69.0,69.0
ITM-001614,ORD-01096,PRD-101,1,599.0,599.0
ITM-001615,ORD-01097,PRD-202,1,69.0,69.0
ITM-001616,ORD-01097,PRD-301,1,129.0,129.0
ITM-001617,ORD-01098,PRD-102,1,349.0,349.0
ITM-001618,ORD-01098,PRD-303,1,29.0,29.0
ITM-001619,ORD-01099,PRD-303,1,29.0,29.0
ITM-001620,ORD-01100,PRD-301,1,129.0,129.0
ITM-001621,ORD-01101,PRD-201,1,89.0,89.0
ITM-001622,ORD-01102,PRD-302,1,59.0,59.0
ITM-001623,ORD-01102,PRD-102,1,349.0,349.0
ITM-001624,ORD-01103,PRD-401,1,79.0,79.0
ITM-001625,ORD-01103,PRD-101,1,599.0,599.0
ITM-001626,ORD-01104,PRD-201,1,89.0,89.0
ITM-001627,ORD-01105,PRD-302,1,59.0,59.0
ITM-001628,ORD-01105,PRD-301,1,129.0,129.0
ITM-001629,ORD-01106,PRD-302,1,59.0,59.0
ITM-001630,ORD-01107,PRD-302,1,59.0,59.0
ITM-001631,ORD-01107,PRD-101,1,599.0,599.0
ITM-001632,ORD-01108,PRD-101,1,599.0,599.0
ITM-001633,ORD-01108,PRD-302,1,59.0,59.0
ITM-001634,ORD-01109,PRD-303,1,29.0,29.0
ITM-001635,ORD-01110,PRD-101,1,599.0,599.0
ITM-001636,ORD-01111,PRD-201,1,89.0,89.0
ITM-001637,ORD-01112,PRD-401,1,79.0,79.0
ITM-001638,ORD-01112,PRD-101,1,599.0,599.0
ITM-001639,ORD-01112,PRD-102,1,349.0,349.0
ITM-001640,ORD-01113,PRD-303,1,29.0,29.0
ITM-001641,ORD-01114,PRD-403,1,49.0,49.0
ITM-001642,ORD-01114,PRD-202,1,69.0,69.0
ITM-001643,ORD-01114,PRD-201,1,89.0,89.0
ITM-001644,ORD-01115,PRD-301,2,129.0,258.0
ITM-001645,ORD-01115,PRD-402,1,35.0,35.0
ITM-001646,ORD-01115,PRD-403,1,49.0,49.0
ITM-001647,ORD-01116,PRD-401,2,79.0,158.0
ITM-001648,ORD-01117,PRD-401,2,79.0,158.0
ITM-001649,ORD-01118,PRD-101,1,599.0,599.0
ITM-001650,ORD-01119,PRD-303,1,29.0,29.0
ITM-001651,ORD-01119,PRD-103,1,149.0,149.0
ITM-001652,ORD-01119,PRD-202,1,69.0,69.0
ITM-001653,ORD-01120,PRD-103,1,149.0,149.0
ITM-001654,ORD-01120,PRD-402,1,35.0,35.0
ITM-001655,ORD-01120,PRD-302,1,59.0,59.0
ITM-001656,ORD-01121,PRD-103,1,149.0,149.0
ITM-001657,ORD-01121,PRD-302,1,59.0,59.0
ITM-001658,ORD-01122,PRD-103,2,149.0,298.0
ITM-001659,ORD-01123,PRD-401,1,79.0,79.0
ITM-001660,ORD-01124,PRD-403,1,49.0,49.0
ITM-001661,ORD-01125,PRD-102,2,349.0,698.0
ITM-001662,ORD-01126,PRD-401,1,79.0,79.0
ITM-001663,ORD-01126,PRD-302,2,59.0,118.0
ITM-001664,ORD-01126,PRD-301,1,129.0,129.0
ITM-001665,ORD-01127,PRD-403,1,49.0,49.0
ITM-001666,ORD-01127,PRD-202,1,69.0,69.0
ITM-001667,ORD-01128,PRD-202,1,69.0,69.0
ITM-001668,ORD-01128,PRD-402,1,35.0,35.0
ITM-001669,ORD-01129,PRD-401,2,79.0,158.0
ITM-001670,ORD-01129,PRD-302,1,59.0,59.0
ITM-001671,ORD-01130,PRD-101,1,599.0,599.0
ITM-001672,ORD-01131,PRD-401,1,79.0,79.0
ITM-001673,ORD-01132,PRD-301,1,129.0,129.0
ITM-001674,ORD-01133,PRD-401,1,79.0,79.0
ITM-001675,ORD-01133,PRD-403,2,49.0,98.0
ITM-001676,ORD-01133,PRD-301,1,129.0,129.0
ITM-001677,ORD-01134,PRD-301,1,129.0,129.0
ITM-001678,ORD-01134,PRD-303,1,29.0,29.0
ITM-001679,ORD-01135,PRD-303,1,29.0,29.0
ITM-001680,ORD-01136,PRD-401,1,79.0,79.0
ITM-001681,ORD-01137,PRD-403,1,49.0,49.0
ITM-001682,ORD-01137,PRD-302,1,59.0,59.0
ITM-001683,ORD-01137,PRD-301,1,129.0,129.0
ITM-001684,ORD-01138,PRD-401,1,79.0,79.0
ITM-001685,ORD-01138,PRD-102,1,349.0,349.0
ITM-001686,ORD-01139,PRD-303,1,29.0,29.0
ITM-001687,ORD-01139,PRD-302,1,59.0,59.0
ITM-001688,ORD-01139,PRD-103,1,149.0,149.0
ITM-001689,ORD-01140,PRD-403,1,49.0,49.0
ITM-001690,ORD-01141,PRD-301,2,129.0,258.0
ITM-001691,ORD-01141,PRD-403,1,49.0,49.0
ITM-001692,ORD-01141,PRD-401,2,79.0,158.0
ITM-001693,ORD-01142,PRD-203,1,79.0,79.0
ITM-001694,ORD-01143,PRD-101,1,599.0,599.0
ITM-001695,ORD-01144,PRD-103,1,149.0,149.0
ITM-001696,ORD-01144,PRD-402,1,35.0,35.0
ITM-001697,ORD-01144,PRD-202,1,69.0,69.0
ITM-001698,ORD-01145,PRD-302,1,59.0,59.0
ITM-001699,ORD-01145,PRD-402,2,35.0,70.0
ITM-001700,ORD-01146,PRD-302,2,59.0,118.0
ITM-001701,ORD-01147,PRD-101,1,599.0,599.0
ITM-001702,ORD-01148,PRD-302,1,59.0,59.0
ITM-001703,ORD-01149,PRD-202,1,69.0,69.0
ITM-001704,ORD-01150,PRD-203,2,79.0,158.0
ITM-001705,ORD-01150,PRD-102,2,349.0,698.0
ITM-001706,ORD-01151,PRD-403,1,49.0,49.0
ITM-001707,ORD-01151,PRD-303,1,29.0,29.0
ITM-001708,ORD-01151,PRD-203,2,79.0,158.0
ITM-001709,ORD-01152,PRD-401,1,79.0,79.0
ITM-001710,ORD-01153,PRD-102,2,349.0,698.0
ITM-001711,ORD-01153,PRD-203,1,79.0,79.0
ITM-001712,ORD-01154,PRD-302,1,59.0,59.0
ITM-001713,ORD-01155,PRD-202,1,69.0,69.0
ITM-001714,ORD-01156,PRD-101,1,599.0,599.0
ITM-001715,ORD-01156,PRD-402,1,35.0,35.0
ITM-001716,ORD-01157,PRD-303,1,29.0,29.0
ITM-001717,ORD-01157,PRD-403,1,49.0,49.0
ITM-001718,ORD-01157,PRD-301,2,129.0,258.0
ITM-001719,ORD-01158,PRD-103,1,149.0,149.0
ITM-001720,ORD-01159,PRD-201,1,89.0,89.0
ITM-001721,ORD-01159,PRD-403,1,49.0,49.0
ITM-001722,ORD-01160,PRD-101,1,599.0,599.0
ITM-001723,ORD-01161,PRD-402,1,35.0,35.0
ITM-001724,ORD-01162,PRD-201,1,89.0,89.0
ITM-001725,ORD-01163,PRD-202,1,69.0,69.0
ITM-001726,ORD-01164,PRD-102,1,349.0,349.0
ITM-001727,ORD-01164,PRD-401,1,79.0,79.0
ITM-001728,ORD-01165,PRD-202,1,69.0,69.0
ITM-001729,ORD-01166,PRD-201,1,89.0,89.0
ITM-001730,ORD-01166,PRD-102,1,349.0,349.0
ITM-001731,ORD-01166,PRD-302,1,59.0,59.0
ITM-001732,ORD-01167,PRD-103,1,149.0,149.0
ITM-001733,ORD-01167,PRD-301,1,129.0,129.0
ITM-001734,ORD-01167,PRD-403,1,49.0,49.0
ITM-001735,ORD-01168,PRD-303,1,29.0,29.0
ITM-001736,ORD-01169,PRD-101,1,599.0,599.0
ITM-001737,ORD-01170,PRD-103,1,149.0,149.0
ITM-001738,ORD-01171,PRD-201,1,89.0,89.0
ITM-001739,ORD-01172,PRD-202,1,69.0,69.0
ITM-001740,ORD-01173,PRD-402,1,35.0,35.0
ITM-001741,ORD-01174,PRD-302,1,59.0,59.0
ITM-001742,ORD-01175,PRD-202,1,69.0,69.0
ITM-001743,ORD-01176,PRD-101,1,599.0,599.0
ITM-001744,ORD-01177,PRD-202,2,69.0,138.0
ITM-001745,ORD-01178,PRD-401,1,79.0,79.0
ITM-001746,ORD-01178,PRD-402,1,35.0,35.0
ITM-001747,ORD-01179,PRD-301,1,129.0,129.0
ITM-001748,ORD-01179,PRD-102,1,349.0,349.0
ITM-001749,ORD-01179,PRD-403,1,49.0,49.0
ITM-001750,ORD-01180,PRD-201,1,89.0,89.0
ITM-001751,ORD-01181,PRD-102,1,349.0,349.0
ITM-001752,ORD-01181,PRD-302,1,59.0,59.0
ITM-001753,ORD-01182,PRD-302,1,59.0,59.0
ITM-001754,ORD-01183,PRD-401,1,79.0,79.0
ITM-001755,ORD-01184,PRD-203,1,79.0,79.0
ITM-001756,ORD-01184,PRD-302,1,59.0,59.0
ITM-001757,ORD-01185,PRD-301,2,129.0,258.0
ITM-001758,ORD-01186,PRD-201,2,89.0,178.0
ITM-001759,ORD-01187,PRD-302,1,59.0,59.0
ITM-001760,ORD-01188,PRD-202,1,69.0,69.0
ITM-001761,ORD-01189,PRD-401,1,79.0,79.0
ITM-001762,ORD-01190,PRD-302,1,59.0,59.0
ITM-001763,ORD-01191,PRD-303,2,29.0,58.0
ITM-001764,ORD-01192,PRD-402,1,35.0,35.0
ITM-001765,ORD-01192,PRD-103,1,149.0,149.0
ITM-001766,ORD-01193,PRD-101,1,599.0,599.0
ITM-001767,ORD-01193,PRD-103,1,149.0,149.0
ITM-001768,ORD-01194,PRD-103,1,149.0,149.0
ITM-001769,ORD-01195,PRD-303,1,29.0,29.0
ITM-001770,ORD-01196,PRD-103,1,149.0,149.0
ITM-001771,ORD-01196,PRD-301,2,129.0,258.0
ITM-001772,ORD-01197,PRD-102,1,349.0,349.0
ITM-001773,ORD-01197,PRD-101,1,599.0,599.0
ITM-001774,ORD-01197,PRD-402,1,35.0,35.0
ITM-001775,ORD-01198,PRD-103,1,149.0,149.0
ITM-001776,ORD-01198,PRD-302,1,59.0,59.0
ITM-001777,ORD-01199,PRD-403,2,49.0,98.0
ITM-001778,ORD-01199,PRD-302,1,59.0,59.0
ITM-001779,ORD-01199,PRD-101,1,599.0,599.0
ITM-001780,ORD-01200,PRD-303,1,29.0,29.0
ITM-001781,ORD-01201,PRD-101,1,599.0,599.0
ITM-001782,ORD-01202,PRD-301,1,129.0,129.0
ITM-001783,ORD-01203,PRD-101,1,599.0,599.0
ITM-001784,ORD-01204,PRD-202,1,69.0,69.0
ITM-001785,ORD-01204,PRD-301,1,129.0,129.0
ITM-001786,ORD-01205,PRD-303,2,29.0,58.0
ITM-001787,ORD-01206,PRD-403,1,49.0,49.0
ITM-001788,ORD-01207,PRD-202,1,69.0,69.0
ITM-001789,ORD-01208,PRD-401,2,79.0,158.0
ITM-001790,ORD-01208,PRD-202,1,69.0,69.0
ITM-001791,ORD-01209,PRD-102,1,349.0,349.0
ITM-001792,ORD-01209,PRD-203,1,79.0,79.0
ITM-001793,ORD-01210,PRD-403,1,49.0,49.0
ITM-001794,ORD-01211,PRD-202,1,69.0,69.0
ITM-001795,ORD-01211,PRD-103,1,149.0,149.0
ITM-001796,ORD-01211,PRD-402,1,35.0,35.0
ITM-001797,ORD-01212,PRD-103,1,149.0,149.0
ITM-001798,ORD-01212,PRD-201,1,89.0,89.0
ITM-001799,ORD-01212,PRD-302,1,59.0,59.0
ITM-001800,ORD-01213,PRD-301,1,129.0,129.0
ITM-001801,ORD-01214,PRD-401,1,79.0,79.0
ITM-001802,ORD-01215,PRD-202,1,69.0,69.0
ITM-001803,ORD-01216,PRD-302,1,59.0,59.0
ITM-001804,ORD-01216,PRD-103,1,149.0,149.0
ITM-001805,ORD-01217,PRD-301,1,129.0,129.0
ITM-001806,ORD-01218,PRD-402,1,35.0,35.0
ITM-001807,ORD-01218,PRD-303,1,29.0,29.0
ITM-001808,ORD-01219,PRD-203,2,79.0,158.0
ITM-001809,ORD-01219,PRD-102,1,349.0,349.0
ITM-001810,ORD-01220,PRD-203,1,79.0,79.0
ITM-001811,ORD-01221,PRD-301,1,129.0,129.0
ITM-001812,ORD-01222,PRD-202,1,69.0,69.0
ITM-001813,ORD-01222,PRD-102,1,349.0,349.0
ITM-001814,ORD-01223,PRD-301,1,129.0,129.0
ITM-001815,ORD-01223,PRD-101,1,599.0,599.0
ITM-001816,ORD-01223,PRD-303,1,29.0,29.0
ITM-001817,ORD-01224,PRD-202,1,69.0,69.0
ITM-001818,ORD-01224,PRD-403,1,49.0,49.0
ITM-001819,ORD-01225,PRD-101,2,599.0,1198.0
ITM-001820,ORD-01226,PRD-401,1,79.0,79.0
ITM-001821,ORD-01227,PRD-103,1,149.0,149.0
ITM-001822,ORD-01228,PRD-101,1,599.0,599.0
ITM-001823,ORD-01229,PRD-302,1,59.0,59.0
ITM-001824,ORD-01230,PRD-101,1,599.0,599.0
ITM-001825,ORD-01230,PRD-103,1,149.0,149.0
ITM-001826,ORD-01231,PRD-401,1,79.0,79.0
ITM-001827,ORD-01231,PRD-103,1,149.0,149.0
ITM-001828,ORD-01231,PRD-203,2,79.0,158.0
ITM-001829,ORD-01232,PRD-402,1,35.0,35.0
ITM-001830,ORD-01232,PRD-302,1,59.0,59.0
ITM-001831,ORD-01233,PRD-301,1,129.0,129.0
ITM-001832,ORD-01234,PRD-301,1,129.0,129.0
ITM-001833,ORD-01235,PRD-101,1,599.0,599.0
ITM-001834,ORD-01235,PRD-402,1,35.0,35.0
ITM-001835,ORD-01236,PRD-302,1,59.0,59.0
ITM-001836,ORD-01236,PRD-201,1,89.0,89.0
ITM-001837,ORD-01237,PRD-102,1,349.0,349.0
ITM-001838,ORD-01237,PRD-302,1,59.0,59.0
ITM-001839,ORD-01237,PRD-303,1,29.0,29.0
ITM-001840,ORD-01238,PRD-101,2,599.0,1198.0
ITM-001841,ORD-01239,PRD-302,1,59.0,59.0
ITM-001842,ORD-01240,PRD-301,1,129.0,129.0
ITM-001843,ORD-01241,PRD-303,1,29.0,29.0
ITM-001844,ORD-01242,PRD-302,1,59.0,59.0
ITM-001845,ORD-01243,PRD-402,1,35.0,35.0
ITM-001846,ORD-01244,PRD-401,1,79.0,79.0
ITM-001847,ORD-01245,PRD-201,1,89.0,89.0
ITM-001848,ORD-01245,PRD-303,1,29.0,29.0
ITM-001849,ORD-01246,PRD-103,1,149.0,149.0
ITM-001850,ORD-01247,PRD-303,1,29.0,29.0
ITM-001851,ORD-01247,PRD-403,2,49.0,98.0
ITM-001852,ORD-01248,PRD-301,1,129.0,129.0
ITM-001853,ORD-01249,PRD-401,1,79.0,79.0
ITM-001854,ORD-01249,PRD-303,1,29.0,29.0
ITM-001855,ORD-01250,PRD-302,2,59.0,118.0
ITM-001856,ORD-01251,PRD-303,1,29.0,29.0
ITM-001857,ORD-01252,PRD-403,1,49.0,49.0
ITM-001858,ORD-01253,PRD-203,1,79.0,79.0
ITM-001859,ORD-01253,PRD-302,1,59.0,59.0
ITM-001860,ORD-01254,PRD-202,1,69.0,69.0
ITM-001861,ORD-01254,PRD-403,1,49.0,49.0
ITM-001862,ORD-01255,PRD-402,2,35.0,70.0
ITM-001863,ORD-01255,PRD-102,2,349.0,698.0
ITM-001864,ORD-01255,PRD-103,1,149.0,149.0
ITM-001865,ORD-01256,PRD-303,1,29.0,29.0
ITM-001866,ORD-01257,PRD-103,1,149.0,149.0
ITM-001867,ORD-01258,PRD-401,2,79.0,158.0
ITM-001868,ORD-01258,PRD-202,2,69.0,138.0
ITM-001869,ORD-01258,PRD-101,1,599.0,599.0
ITM-001870,ORD-01259,PRD-203,1,79.0,79.0
ITM-001871,ORD-01260,PRD-203,1,79.0,79.0
ITM-001872,ORD-01260,PRD-302,1,59.0,59.0
ITM-001873,ORD-01260,PRD-103,1,149.0,149.0
ITM-001874,ORD-01261,PRD-101,1,599.0,599.0
ITM-001875,ORD-01262,PRD-301,2,129.0,258.0
ITM-001876,ORD-01263,PRD-301,1,129.0,129.0
ITM-001877,ORD-01264,PRD-403,1,49.0,49.0
ITM-001878,ORD-01265,PRD-401,1,79.0,79.0
ITM-001879,ORD-01265,PRD-102,1,349.0,349.0
ITM-001880,ORD-01265,PRD-301,1,129.0,129.0
ITM-001881,ORD-01266,PRD-202,2,69.0,138.0
ITM-001882,ORD-01267,PRD-301,1,129.0,129.0
ITM-001883,ORD-01267,PRD-101,1,599.0,599.0
ITM-001884,ORD-01268,PRD-103,1,149.0,149.0
ITM-001885,ORD-01268,PRD-401,2,79.0,158.0
ITM-001886,ORD-01269,PRD-301,1,129.0,129.0
ITM-001887,ORD-01269,PRD-402,2,35.0,70.0
ITM-001888,ORD-01270,PRD-201,1,89.0,89.0
ITM-001889,ORD-01271,PRD-103,2,149.0,298.0
ITM-001890,ORD-01272,PRD-201,1,89.0,89.0
ITM-001891,ORD-01272,PRD-202,1,69.0,69.0
ITM-001892,ORD-01273,PRD-401,1,79.0,79.0
ITM-001893,ORD-01274,PRD-202,1,69.0,69.0
ITM-001894,ORD-01275,PRD-203,1,79.0,79.0
ITM-001895,ORD-01275,PRD-102,2,349.0,698.0
ITM-001896,ORD-01276,PRD-102,1,349.0,349.0
ITM-001897,ORD-01276,PRD-303,1,29.0,29.0
ITM-001898,ORD-01277,PRD-401,1,79.0,79.0
ITM-001899,ORD-01278,PRD-301,1,129.0,129.0
ITM-001900,ORD-01278,PRD-202,1,69.0,69.0
ITM-001901,ORD-01279,PRD-203,1,79.0,79.0
ITM-001902,ORD-01279,PRD-403,1,49.0,49.0
ITM-001903,ORD-01280,PRD-303,1,29.0,29.0
ITM-001904,ORD-01281,PRD-403,1,49.0,49.0
ITM-001905,ORD-01282,PRD-102,1,349.0,349.0
ITM-001906,ORD-01283,PRD-202,1,69.0,69.0
ITM-001907,ORD-01283,PRD-101,1,599.0,599.0
ITM-001908,ORD-01284,PRD-303,1,29.0,29.0
ITM-001909,ORD-01285,PRD-401,1,79.0,79.0
ITM-001910,ORD-01286,PRD-101,1,599.0,599.0
ITM-001911,ORD-01287,PRD-203,1,79.0,79.0
ITM-001912,ORD-01288,PRD-402,1,35.0,35.0
ITM-001913,ORD-01288,PRD-201,1,89.0,89.0
ITM-001914,ORD-01289,PRD-101,1,599.0,599.0
ITM-001915,ORD-01290,PRD-403,1,49.0,49.0
ITM-001916,ORD-01290,PRD-203,2,79.0,158.0
ITM-001917,ORD-01290,PRD-101,1,599.0,599.0
ITM-001918,ORD-01291,PRD-102,1,349.0,349.0
ITM-001919,ORD-01292,PRD-301,1,129.0,129.0
ITM-001920,ORD-01293,PRD-202,1,69.0,69.0
ITM-001921,ORD-01293,PRD-101,1,599.0,599.0
ITM-001922,ORD-01294,PRD-102,1,349.0,349.0
ITM-001923,ORD-01294,PRD-402,1,35.0,35.0
ITM-001924,ORD-01295,PRD-401,1,79.0,79.0
ITM-001925,ORD-01296,PRD-102,1,349.0,349.0
ITM-001926,ORD-01296,PRD-201,1,89.0,89.0
ITM-001927,ORD-01296,PRD-103,1,149.0,149.0
ITM-001928,ORD-01297,PRD-202,1,69.0,69.0
ITM-001929,ORD-01298,PRD-103,1,149.0,149.0
ITM-001930,ORD-01299,PRD-201,1,89.0,89.0
ITM-001931,ORD-01300,PRD-103,2,149.0,298.0
ITM-001932,ORD-01301,PRD-301,2,129.0,258.0
ITM-001933,ORD-01302,PRD-202,1,69.0,69.0
ITM-001934,ORD-01303,PRD-401,1,79.0,79.0
ITM-001935,ORD-01304,PRD-203,1,79.0,79.0
ITM-001936,ORD-01305,PRD-203,1,79.0,79.0
ITM-001937,ORD-01306,PRD-102,1,349.0,349.0
ITM-001938,ORD-01307,PRD-202,1,69.0,69.0
ITM-001939,ORD-01308,PRD-102,1,349.0,349.0
ITM-001940,ORD-01309,PRD-303,1,29.0,29.0
ITM-001941,ORD-01309,PRD-402,1,35.0,35.0
ITM-001942,ORD-01310,PRD-102,1,349.0,349.0
ITM-001943,ORD-01310,PRD-101,1,599.0,599.0
ITM-001944,ORD-01311,PRD-101,1,599.0,599.0
ITM-001945,ORD-01311,PRD-102,1,349.0,349.0
ITM-001946,ORD-01312,PRD-202,1,69.0,69.0
ITM-001947,ORD-01313,PRD-202,1,69.0,69.0
ITM-001948,ORD-01314,PRD-301,1,129.0,129.0
ITM-001949,ORD-01315,PRD-302,1,59.0,59.0
ITM-001950,ORD-01316,PRD-401,1,79.0,79.0
ITM-001951,ORD-01317,PRD-301,1,129.0,129.0
ITM-001952,ORD-01317,PRD-202,1,69.0,69.0
ITM-001953,ORD-01318,PRD-203,1,79.0,79.0
ITM-001954,ORD-01319,PRD-401,1,79.0,79.0
ITM-001955,ORD-01319,PRD-101,1,599.0,599.0
ITM-001956,ORD-01320,PRD-201,1,89.0,89.0
ITM-001957,ORD-01321,PRD-102,1,349.0,349.0
ITM-001958,ORD-01322,PRD-201,1,89.0,89.0
ITM-001959,ORD-01323,PRD-202,1,69.0,69.0
ITM-001960,ORD-01324,PRD-103,1,149.0,149.0
ITM-001961,ORD-01324,PRD-101,1,599.0,599.0
ITM-001962,ORD-01325,PRD-401,1,79.0,79.0
ITM-001963,ORD-01326,PRD-203,1,79.0,79.0
ITM-001964,ORD-01326,PRD-202,2,69.0,138.0
ITM-001965,ORD-01327,PRD-402,1,35.0,35.0
ITM-001966,ORD-01328,PRD-302,1,59.0,59.0
ITM-001967,ORD-01329,PRD-102,1,349.0,349.0
ITM-001968,ORD-01329,PRD-401,2,79.0,158.0
ITM-001969,ORD-01330,PRD-303,1,29.0,29.0
ITM-001970,ORD-01331,PRD-203,1,79.0,79.0
ITM-001971,ORD-01332,PRD-303,1,29.0,29.0
ITM-001972,ORD-01333,PRD-102,2,349.0,698.0
ITM-001973,ORD-01333,PRD-101,1,599.0,599.0
ITM-001974,ORD-01334,PRD-102,1,349.0,349.0
ITM-001975,ORD-01335,PRD-101,1,599.0,599.0
ITM-001976,ORD-01336,PRD-202,1,69.0,69.0
ITM-001977,ORD-01337,PRD-202,2,69.0,138.0
ITM-001978,ORD-01338,PRD-303,1,29.0,29.0
ITM-001979,ORD-01339,PRD-401,1,79.0,79.0
ITM-001980,ORD-01340,PRD-402,2,35.0,70.0
ITM-001981,ORD-01341,PRD-402,1,35.0,35.0
ITM-001982,ORD-01342,PRD-101,1,599.0,599.0
ITM-001983,ORD-01343,PRD-301,1,129.0,129.0
ITM-001984,ORD-01344,PRD-402,2,35.0,70.0
ITM-001985,ORD-01345,PRD-101,1,599.0,599.0
ITM-001986,ORD-01346,PRD-303,1,29.0,29.0
ITM-001987,ORD-01347,PRD-103,1,149.0,149.0
ITM-001988,ORD-01348,PRD-401,1,79.0,79.0
ITM-001989,ORD-01349,PRD-203,1,79.0,79.0
ITM-001990,ORD-01349,PRD-402,2,35.0,70.0
ITM-001991,ORD-01349,PRD-101,1,599.0,599.0
ITM-001992,ORD-01350,PRD-402,1,35.0,35.0
ITM-001993,ORD-01351,PRD-402,1,35.0,35.0
ITM-001994,ORD-01352,PRD-303,1,29.0,29.0
ITM-001995,ORD-01353,PRD-403,1,49.0,49.0
ITM-001996,ORD-01353,PRD-203,1,79.0,79.0
ITM-001997,ORD-01353,PRD-201,2,89.0,178.0
ITM-001998,ORD-01354,PRD-303,1,29.0,29.0
ITM-001999,ORD-01355,PRD-303,1,29.0,29.0
ITM-002000,ORD-01356,PRD-402,1,35.0,35.0
ITM-002001,ORD-01356,PRD-201,1,89.0,89.0
ITM-002002,ORD-01356,PRD-302,1,59.0,59.0
ITM-002003,ORD-01357,PRD-201,1,89.0,89.0
ITM-002004,ORD-01357,PRD-301,1,129.0,129.0
ITM-002005,ORD-01357,PRD-401,1,79.0,79.0
ITM-002006,ORD-01358,PRD-202,1,69.0,69.0
ITM-002007,ORD-01359,PRD-301,1,129.0,129.0
ITM-002008,ORD-01360,PRD-301,1,129.0,129.0
ITM-002009,ORD-01361,PRD-203,2,79.0,158.0
ITM-002010,ORD-01361,PRD-302,1,59.0,59.0
ITM-002011,ORD-01362,PRD-303,1,29.0,29.0
ITM-002012,ORD-01363,PRD-401,1,79.0,79.0
ITM-002013,ORD-01363,PRD-403,1,49.0,49.0
ITM-002014,ORD-01364,PRD-101,1,599.0,599.0
ITM-002015,ORD-01365,PRD-101,1,599.0,599.0
ITM-002016,ORD-01366,PRD-201,2,89.0,178.0
ITM-002017,ORD-01367,PRD-101,1,599.0,599.0
ITM-002018,ORD-01368,PRD-302,1,59.0,59.0
ITM-002019,ORD-01369,PRD-103,2,149.0,298.0
ITM-002020,ORD-01370,PRD-103,1,149.0,149.0
ITM-002021,ORD-01371,PRD-102,1,349.0,349.0
ITM-002022,ORD-01372,PRD-303,2,29.0,58.0
ITM-002023,ORD-01373,PRD-201,1,89.0,89.0
ITM-002024,ORD-01374,PRD-102,1,349.0,349.0
ITM-002025,ORD-01374,PRD-201,1,89.0,89.0
ITM-002026,ORD-01374,PRD-401,1,79.0,79.0
ITM-002027,ORD-01375,PRD-102,1,349.0,349.0
ITM-002028,ORD-01376,PRD-101,1,599.0,599.0
ITM-002029,ORD-01377,PRD-403,1,49.0,49.0
ITM-002030,ORD-01378,PRD-302,1,59.0,59.0
ITM-002031,ORD-01379,PRD-201,1,89.0,89.0
ITM-002032,ORD-01380,PRD-302,1,59.0,59.0
ITM-002033,ORD-01381,PRD-102,2,349.0,698.0
ITM-002034,ORD-01382,PRD-103,1,149.0,149.0
ITM-002035,ORD-01383,PRD-302,1,59.0,59.0
ITM-002036,ORD-01384,PRD-102,1,349.0,349.0
ITM-002037,ORD-01385,PRD-302,1,59.0,59.0
ITM-002038,ORD-01386,PRD-103,1,149.0,149.0
ITM-002039,ORD-01387,PRD-201,2,89.0,178.0
ITM-002040,ORD-01388,PRD-101,2,599.0,1198.0
ITM-002041,ORD-01389,PRD-403,1,49.0,49.0
ITM-002042,ORD-01389,PRD-102,1,349.0,349.0
ITM-002043,ORD-01390,PRD-302,1,59.0,59.0
ITM-002044,ORD-01391,PRD-203,1,79.0,79.0
ITM-002045,ORD-01392,PRD-202,1,69.0,69.0
ITM-002046,ORD-01393,PRD-103,1,149.0,149.0
ITM-002047,ORD-01394,PRD-203,2,79.0,158.0
ITM-002048,ORD-01394,PRD-403,2,49.0,98.0
ITM-002049,ORD-01394,PRD-201,1,89.0,89.0
ITM-002050,ORD-01395,PRD-202,1,69.0,69.0
ITM-002051,ORD-01395,PRD-303,1,29.0,29.0
ITM-002052,ORD-01395,PRD-302,1,59.0,59.0
ITM-002053,ORD-01396,PRD-103,1,149.0,149.0
ITM-002054,ORD-01397,PRD-203,2,79.0,158.0
ITM-002055,ORD-01398,PRD-103,2,149.0,298.0
ITM-002056,ORD-01398,PRD-401,1,79.0,79.0
ITM-002057,ORD-01399,PRD-103,1,149.0,149.0
ITM-002058,ORD-01399,PRD-102,1,349.0,349.0
ITM-002059,ORD-01400,PRD-302,1,59.0,59.0
ITM-002060,ORD-01401,PRD-103,1,149.0,149.0
ITM-002061,ORD-01402,PRD-302,1,59.0,59.0
ITM-002062,ORD-01403,PRD-202,1,69.0,69.0
ITM-002063,ORD-01403,PRD-203,2,79.0,158.0
ITM-002064,ORD-01404,PRD-402,1,35.0,35.0
ITM-002065,ORD-01405,PRD-103,2,149.0,298.0
ITM-002066,ORD-01406,PRD-103,1,149.0,149.0
ITM-002067,ORD-01406,PRD-301,2,129.0,258.0
ITM-002068,ORD-01406,PRD-202,1,69.0,69.0
ITM-002069,ORD-01407,PRD-303,1,29.0,29.0
ITM-002070,ORD-01408,PRD-101,2,599.0,1198.0
ITM-002071,ORD-01409,PRD-203,2,79.0,158.0
ITM-002072,ORD-01410,PRD-401,1,79.0,79.0
ITM-002073,ORD-01411,PRD-203,1,79.0,79.0
ITM-002074,ORD-01412,PRD-303,1,29.0,29.0
ITM-002075,ORD-01413,PRD-102,1,349.0,349.0
ITM-002076,ORD-01414,PRD-102,1,349.0,349.0
ITM-002077,ORD-01415,PRD-101,1,599.0,599.0
ITM-002078,ORD-01416,PRD-302,1,59.0,59.0
ITM-002079,ORD-01416,PRD-303,1,29.0,29.0
ITM-002080,ORD-01417,PRD-303,1,29.0,29.0
ITM-002081,ORD-01417,PRD-403,1,49.0,49.0
ITM-002082,ORD-01418,PRD-303,2,29.0,58.0
ITM-002083,ORD-01419,PRD-403,1,49.0,49.0
ITM-002084,ORD-01420,PRD-203,1,79.0,79.0
ITM-002085,ORD-01420,PRD-303,1,29.0,29.0
ITM-002086,ORD-01421,PRD-201,1,89.0,89.0
ITM-002087,ORD-01422,PRD-301,1,129.0,129.0
ITM-002088,ORD-01423,PRD-203,1,79.0,79.0
ITM-002089,ORD-01424,PRD-201,1,89.0,89.0
ITM-002090,ORD-01425,PRD-303,1,29.0,29.0
ITM-002091,ORD-01426,PRD-303,1,29.0,29.0
ITM-002092,ORD-01427,PRD-101,1,599.0,599.0
ITM-002093,ORD-01428,PRD-201,2,89.0,178.0
ITM-002094,ORD-01428,PRD-303,1,29.0,29.0
ITM-002095,ORD-01429,PRD-202,1,69.0,69.0
ITM-002096,ORD-01429,PRD-103,1,149.0,149.0
ITM-002097,ORD-01430,PRD-102,1,349.0,349.0
ITM-002098,ORD-01431,PRD-202,1,69.0,69.0
ITM-002099,ORD-01432,PRD-102,2,349.0,698.0
ITM-002100,ORD-01432,PRD-401,1,79.0,79.0
ITM-002101,ORD-01432,PRD-301,1,129.0,129.0
ITM-002102,ORD-01433,PRD-302,1,59.0,59.0
ITM-002103,ORD-01434,PRD-401,1,79.0,79.0
ITM-002104,ORD-01435,PRD-302,1,59.0,59.0
ITM-002105,ORD-01436,PRD-101,1,599.0,599.0
ITM-002106,ORD-01437,PRD-401,1,79.0,79.0
ITM-002107,ORD-01437,PRD-102,2,349.0,698.0
ITM-002108,ORD-01438,PRD-101,1,599.0,599.0
ITM-002109,ORD-01439,PRD-303,2,29.0,58.0
ITM-002110,ORD-01440,PRD-102,1,349.0,349.0
ITM-002111,ORD-01441,PRD-403,1,49.0,49.0
ITM-002112,ORD-01442,PRD-201,1,89.0,89.0
ITM-002113,ORD-01443,PRD-103,1,149.0,149.0
ITM-002114,ORD-01443,PRD-202,1,69.0,69.0
ITM-002115,ORD-01444,PRD-402,1,35.0,35.0
ITM-002116,ORD-01444,PRD-103,1,149.0,149.0
ITM-002117,ORD-01445,PRD-303,1,29.0,29.0
ITM-002118,ORD-01446,PRD-402,1,35.0,35.0
ITM-002119,ORD-01447,PRD-301,1,129.0,129.0
ITM-002120,ORD-01448,PRD-101,1,599.0,599.0
ITM-002121,ORD-01449,PRD-303,2,29.0,58.0
ITM-002122,ORD-01450,PRD-401,1,79.0,79.0
ITM-002123,ORD-01451,PRD-301,1,129.0,129.0
ITM-002124,ORD-01452,PRD-103,1,149.0,149.0
ITM-002125,ORD-01453,PRD-202,1,69.0,69.0
ITM-002126,ORD-01453,PRD-302,2,59.0,118.0
ITM-002127,ORD-01454,PRD-201,1,89.0,89.0
ITM-002128,ORD-01454,PRD-402,1,35.0,35.0
ITM-002129,ORD-01455,PRD-102,2,349.0,698.0
ITM-002130,ORD-01455,PRD-303,1,29.0,29.0
ITM-002131,ORD-01455,PRD-401,1,79.0,79.0
ITM-002132,ORD-01456,PRD-102,1,349.0,349.0
ITM-002133,ORD-01456,PRD-301,1,129.0,129.0
ITM-002134,ORD-01457,PRD-201,1,89.0,89.0
ITM-002135,ORD-01458,PRD-402,1,35.0,35.0
ITM-002136,ORD-01458,PRD-103,1,149.0,149.0
ITM-002137,ORD-01459,PRD-401,1,79.0,79.0
ITM-002138,ORD-01460,PRD-303,2,29.0,58.0
ITM-002139,ORD-01461,PRD-102,1,349.0,349.0
ITM-002140,ORD-01462,PRD-101,1,599.0,599.0
ITM-002141,ORD-01463,PRD-403,1,49.0,49.0
ITM-002142,ORD-01463,PRD-202,1,69.0,69.0
ITM-002143,ORD-01463,PRD-102,2,349.0,698.0
ITM-002144,ORD-01464,PRD-203,2,79.0,158.0
ITM-002145,ORD-01465,PRD-202,1,69.0,69.0
ITM-002146,ORD-01465,PRD-303,1,29.0,29.0
ITM-002147,ORD-01466,PRD-402,1,35.0,35.0
ITM-002148,ORD-01467,PRD-402,1,35.0,35.0
ITM-002149,ORD-01467,PRD-201,1,89.0,89.0
ITM-002150,ORD-01467,PRD-101,1,599.0,599.0
ITM-002151,ORD-01468,PRD-402,1,35.0,35.0
ITM-002152,ORD-01469,PRD-103,2,149.0,298.0
ITM-002153,ORD-01470,PRD-402,1,35.0,35.0
ITM-002154,ORD-01470,PRD-303,1,29.0,29.0
ITM-002155,ORD-01471,PRD-202,1,69.0,69.0
ITM-002156,ORD-01471,PRD-103,1,149.0,149.0
ITM-002157,ORD-01471,PRD-301,1,129.0,129.0
ITM-002158,ORD-01472,PRD-403,1,49.0,49.0
ITM-002159,ORD-01473,PRD-302,1,59.0,59.0
ITM-002160,ORD-01473,PRD-202,1,69.0,69.0
ITM-002161,ORD-01474,PRD-403,1,49.0,49.0
ITM-002162,ORD-01475,PRD-303,1,29.0,29.0
ITM-002163,ORD-01476,PRD-203,1,79.0,79.0
ITM-002164,ORD-01476,PRD-402,1,35.0,35.0
ITM-002165,ORD-01477,PRD-201,1,89.0,89.0
ITM-002166,ORD-01478,PRD-202,1,69.0,69.0
ITM-002167,ORD-01478,PRD-201,1,89.0,89.0
ITM-002168,ORD-01478,PRD-103,1,149.0,149.0
ITM-002169,ORD-01479,PRD-101,1,599.0,599.0
ITM-002170,ORD-01479,PRD-203,1,79.0,79.0
ITM-002171,ORD-01480,PRD-303,1,29.0,29.0
ITM-002172,ORD-01481,PRD-401,1,79.0,79.0
ITM-002173,ORD-01482,PRD-402,1,35.0,35.0
ITM-002174,ORD-01483,PRD-102,1,349.0,349.0
ITM-002175,ORD-01483,PRD-203,1,79.0,79.0
ITM-002176,ORD-01483,PRD-101,1,599.0,599.0
ITM-002177,ORD-01484,PRD-102,1,349.0,349.0
ITM-002178,ORD-01485,PRD-302,2,59.0,118.0
ITM-002179,ORD-01485,PRD-401,1,79.0,79.0
ITM-002180,ORD-01486,PRD-202,2,69.0,138.0
ITM-002181,ORD-01487,PRD-402,1,35.0,35.0
ITM-002182,ORD-01488,PRD-201,1,89.0,89.0
ITM-002183,ORD-01489,PRD-401,1,79.0,79.0
ITM-002184,ORD-01489,PRD-402,1,35.0,35.0
ITM-002185,ORD-01489,PRD-102,1,349.0,349.0
ITM-002186,ORD-01490,PRD-403,2,49.0,98.0
ITM-002187,ORD-01490,PRD-101,1,599.0,599.0
ITM-002188,ORD-01491,PRD-202,1,69.0,69.0
ITM-002189,ORD-01492,PRD-403,1,49.0,49.0
ITM-002190,ORD-01492,PRD-103,1,149.0,149.0
ITM-002191,ORD-01493,PRD-402,1,35.0,35.0
ITM-002192,ORD-01494,PRD-401,1,79.0,79.0
ITM-002193,ORD-01495,PRD-302,2,59.0,118.0
ITM-002194,ORD-01496,PRD-103,2,149.0,298.0
ITM-002195,ORD-01497,PRD-303,2,29.0,58.0
ITM-002196,ORD-01498,PRD-203,1,79.0,79.0
ITM-002197,ORD-01499,PRD-201,1,89.0,89.0
ITM-002198,ORD-01499,PRD-102,1,349.0,349.0
ITM-002199,ORD-01500,PRD-403,1,49.0,49.0
ITM-002200,ORD-01501,PRD-202,1,69.0,69.0
ITM-002201,ORD-01502,PRD-402,1,35.0,35.0
ITM-002202,ORD-01502,PRD-401,1,79.0,79.0
ITM-002203,ORD-01503,PRD-402,2,35.0,70.0
ITM-002204,ORD-01504,PRD-201,1,89.0,89.0
ITM-002205,ORD-01504,PRD-103,1,149.0,149.0
ITM-002206,ORD-01504,PRD-303,1,29.0,29.0
ITM-002207,ORD-01505,PRD-103,1,149.0,149.0
ITM-002208,ORD-01505,PRD-403,1,49.0,49.0
ITM-002209,ORD-01506,PRD-302,1,59.0,59.0
ITM-002210,ORD-01507,PRD-401,1,79.0,79.0
ITM-002211,ORD-01508,PRD-101,1,599.0,599.0
ITM-002212,ORD-01509,PRD-401,1,79.0,79.0
ITM-002213,ORD-01510,PRD-301,1,129.0,129.0
ITM-002214,ORD-01511,PRD-402,1,35.0,35.0
ITM-002215,ORD-01511,PRD-203,1,79.0,79.0
ITM-002216,ORD-01512,PRD-201,1,89.0,89.0
ITM-002217,ORD-01513,PRD-201,1,89.0,89.0
ITM-002218,ORD-01514,PRD-103,1,149.0,149.0
ITM-002219,ORD-01514,PRD-203,1,79.0,79.0
ITM-002220,ORD-01515,PRD-402,1,35.0,35.0
ITM-002221,ORD-01515,PRD-301,1,129.0,129.0
ITM-002222,ORD-01516,PRD-101,1,599.0,599.0
ITM-002223,ORD-01517,PRD-102,1,349.0,349.0
ITM-002224,ORD-01518,PRD-202,1,69.0,69.0
ITM-002225,ORD-01519,PRD-201,1,89.0,89.0
ITM-002226,ORD-01520,PRD-202,1,69.0,69.0
ITM-002227,ORD-01520,PRD-203,1,79.0,79.0
ITM-002228,ORD-01521,PRD-302,1,59.0,59.0
ITM-002229,ORD-01522,PRD-301,1,129.0,129.0
ITM-002230,ORD-01522,PRD-201,1,89.0,89.0
ITM-002231,ORD-01523,PRD-203,1,79.0,79.0
ITM-002232,ORD-01523,PRD-403,1,49.0,49.0
ITM-002233,ORD-01523,PRD-302,1,59.0,59.0
ITM-002234,ORD-01524,PRD-403,1,49.0,49.0
ITM-002235,ORD-01524,PRD-202,2,69.0,138.0
ITM-002236,ORD-01525,PRD-403,1,49.0,49.0
ITM-002237,ORD-01526,PRD-102,1,349.0,349.0
ITM-002238,ORD-01527,PRD-102,1,349.0,349.0
ITM-002239,ORD-01528,PRD-202,1,69.0,69.0
ITM-002240,ORD-01529,PRD-101,1,599.0,599.0
ITM-002241,ORD-01529,PRD-201,1,89.0,89.0
ITM-002242,ORD-01529,PRD-301,1,129.0,129.0
ITM-002243,ORD-01530,PRD-403,1,49.0,49.0
ITM-002244,ORD-01530,PRD-102,1,349.0,349.0
ITM-002245,ORD-01531,PRD-103,2,149.0,298.0
ITM-002246,ORD-01531,PRD-302,1,59.0,59.0
ITM-002247,ORD-01532,PRD-402,1,35.0,35.0
ITM-002248,ORD-01532,PRD-103,1,149.0,149.0
ITM-002249,ORD-01533,PRD-101,1,599.0,599.0
ITM-002250,ORD-01534,PRD-302,1,59.0,59.0
ITM-002251,ORD-01535,PRD-103,2,149.0,298.0
ITM-002252,ORD-01536,PRD-301,1,129.0,129.0
ITM-002253,ORD-01536,PRD-203,1,79.0,79.0
ITM-002254,ORD-01537,PRD-203,2,79.0,158.0
ITM-002255,ORD-01537,PRD-301,1,129.0,129.0
ITM-002256,ORD-01538,PRD-203,1,79.0,79.0
ITM-002257,ORD-01538,PRD-403,1,49.0,49.0
ITM-002258,ORD-01538,PRD-302,1,59.0,59.0
ITM-002259,ORD-01539,PRD-303,1,29.0,29.0
ITM-002260,ORD-01540,PRD-103,1,149.0,149.0
ITM-002261,ORD-01541,PRD-301,2,129.0,258.0
ITM-002262,ORD-01542,PRD-301,1,129.0,129.0
ITM-002263,ORD-01542,PRD-102,1,349.0,349.0
ITM-002264,ORD-01543,PRD-101,1,599.0,599.0
ITM-002265,ORD-01544,PRD-203,1,79.0,79.0
ITM-002266,ORD-01545,PRD-403,1,49.0,49.0
ITM-002267,ORD-01545,PRD-201,1,89.0,89.0
ITM-002268,ORD-01546,PRD-303,2,29.0,58.0
ITM-002269,ORD-01547,PRD-102,1,349.0,349.0
ITM-002270,ORD-01547,PRD-103,1,149.0,149.0
ITM-002271,ORD-01547,PRD-201,1,89.0,89.0
ITM-002272,ORD-01548,PRD-303,1,29.0,29.0
ITM-002273,ORD-01549,PRD-302,1,59.0,59.0
ITM-002274,ORD-01550,PRD-303,1,29.0,29.0
ITM-002275,ORD-01550,PRD-302,1,59.0,59.0
ITM-002276,ORD-01551,PRD-302,1,59.0,59.0
ITM-002277,ORD-01551,PRD-403,2,49.0,98.0
ITM-002278,ORD-01552,PRD-201,1,89.0,89.0
ITM-002279,ORD-01553,PRD-102,1,349.0,349.0
ITM-002280,ORD-01553,PRD-302,1,59.0,59.0
ITM-002281,ORD-01554,PRD-402,1,35.0,35.0
ITM-002282,ORD-01554,PRD-103,2,149.0,298.0
ITM-002283,ORD-01555,PRD-201,1,89.0,89.0
ITM-002284,ORD-01556,PRD-202,1,69.0,69.0
ITM-002285,ORD-01556,PRD-403,1,49.0,49.0
ITM-002286,ORD-01557,PRD-203,1,79.0,79.0
ITM-002287,ORD-01557,PRD-101,1,599.0,599.0
ITM-002288,ORD-01558,PRD-301,1,129.0,129.0
ITM-002289,ORD-01558,PRD-202,1,69.0,69.0
ITM-002290,ORD-01558,PRD-101,1,599.0,599.0
ITM-002291,ORD-01559,PRD-201,1,89.0,89.0
ITM-002292,ORD-01560,PRD-402,1,35.0,35.0
ITM-002293,ORD-01560,PRD-403,2,49.0,98.0
ITM-002294,ORD-01560,PRD-401,1,79.0,79.0
ITM-002295,ORD-01561,PRD-203,1,79.0,79.0
ITM-002296,ORD-01562,PRD-301,1,129.0,129.0
ITM-002297,ORD-01563,PRD-201,1,89.0,89.0
ITM-002298,ORD-01564,PRD-201,1,89.0,89.0
ITM-002299,ORD-01564,PRD-401,1,79.0,79.0
ITM-002300,ORD-01565,PRD-103,1,149.0,149.0
ITM-002301,ORD-01566,PRD-201,2,89.0,178.0
ITM-002302,ORD-01567,PRD-202,1,69.0,69.0
ITM-002303,ORD-01567,PRD-101,1,599.0,599.0
ITM-002304,ORD-01567,PRD-303,1,29.0,29.0
ITM-002305,ORD-01568,PRD-303,1,29.0,29.0
ITM-002306,ORD-01568,PRD-203,1,79.0,79.0
ITM-002307,ORD-01568,PRD-402,1,35.0,35.0
ITM-002308,ORD-01569,PRD-302,2,59.0,118.0
ITM-002309,ORD-01569,PRD-402,1,35.0,35.0
ITM-002310,ORD-01570,PRD-201,1,89.0,89.0
ITM-002311,ORD-01571,PRD-302,1,59.0,59.0
ITM-002312,ORD-01572,PRD-103,1,149.0,149.0
ITM-002313,ORD-01573,PRD-303,1,29.0,29.0
ITM-002314,ORD-01573,PRD-301,1,129.0,129.0
ITM-002315,ORD-01574,PRD-402,2,35.0,70.0
ITM-002316,ORD-01574,PRD-101,2,599.0,1198.0
ITM-002317,ORD-01575,PRD-201,1,89.0,89.0
ITM-002318,ORD-01576,PRD-403,1,49.0,49.0
ITM-002319,ORD-01577,PRD-202,1,69.0,69.0
ITM-002320,ORD-01578,PRD-401,1,79.0,79.0
ITM-002321,ORD-01578,PRD-303,2,29.0,58.0
ITM-002322,ORD-01578,PRD-203,2,79.0,158.0
ITM-002323,ORD-01579,PRD-201,1,89.0,89.0
ITM-002324,ORD-01580,PRD-302,1,59.0,59.0
ITM-002325,ORD-01581,PRD-203,2,79.0,158.0
ITM-002326,ORD-01581,PRD-101,1,599.0,599.0
ITM-002327,ORD-01582,PRD-202,2,69.0,138.0
ITM-002328,ORD-01582,PRD-303,1,29.0,29.0
ITM-002329,ORD-01583,PRD-303,2,29.0,58.0
ITM-002330,ORD-01584,PRD-102,2,349.0,698.0
ITM-002331,ORD-01585,PRD-201,1,89.0,89.0
ITM-002332,ORD-01586,PRD-303,1,29.0,29.0
ITM-002333,ORD-01587,PRD-403,1,49.0,49.0
ITM-002334,ORD-01587,PRD-301,1,129.0,129.0
ITM-002335,ORD-01587,PRD-201,1,89.0,89.0
ITM-002336,ORD-01588,PRD-303,1,29.0,29.0
ITM-002337,ORD-01589,PRD-403,2,49.0,98.0
ITM-002338,ORD-01590,PRD-302,2,59.0,118.0
ITM-002339,ORD-01590,PRD-403,1,49.0,49.0
ITM-002340,ORD-01591,PRD-203,1,79.0,79.0
ITM-002341,ORD-01592,PRD-203,1,79.0,79.0
ITM-002342,ORD-01593,PRD-203,1,79.0,79.0
ITM-002343,ORD-01594,PRD-302,1,59.0,59.0
ITM-002344,ORD-01594,PRD-301,1,129.0,129.0
ITM-002345,ORD-01595,PRD-203,1,79.0,79.0
ITM-002346,ORD-01596,PRD-402,1,35.0,35.0
ITM-002347,ORD-01596,PRD-201,1,89.0,89.0
ITM-002348,ORD-01597,PRD-203,1,79.0,79.0
ITM-002349,ORD-01598,PRD-203,1,79.0,79.0
ITM-002350,ORD-01599,PRD-301,1,129.0,129.0
ITM-002351,ORD-01600,PRD-401,1,79.0,79.0
ITM-002352,ORD-01601,PRD-301,1,129.0,129.0
ITM-002353,ORD-01602,PRD-203,1,79.0,79.0
ITM-002354,ORD-01602,PRD-303,2,29.0,58.0
ITM-002355,ORD-01603,PRD-301,2,129.0,258.0
ITM-002356,ORD-01604,PRD-301,1,129.0,129.0
ITM-002357,ORD-01604,PRD-403,2,49.0,98.0
ITM-002358,ORD-01605,PRD-403,1,49.0,49.0
ITM-002359,ORD-01605,PRD-103,1,149.0,149.0
ITM-002360,ORD-01606,PRD-201,1,89.0,89.0
ITM-002361,ORD-01607,PRD-203,1,79.0,79.0
ITM-002362,ORD-01607,PRD-202,1,69.0,69.0
ITM-002363,ORD-01608,PRD-102,1,349.0,349.0
ITM-002364,ORD-01609,PRD-401,1,79.0,79.0
ITM-002365,ORD-01610,PRD-202,2,69.0,138.0
ITM-002366,ORD-01611,PRD-403,2,49.0,98.0
ITM-002367,ORD-01612,PRD-102,2,349.0,698.0
ITM-002368,ORD-01612,PRD-303,1,29.0,29.0
ITM-002369,ORD-01613,PRD-201,2,89.0,178.0
ITM-002370,ORD-01614,PRD-202,2,69.0,138.0
ITM-002371,ORD-01615,PRD-303,1,29.0,29.0
ITM-002372,ORD-01615,PRD-203,1,79.0,79.0
ITM-002373,ORD-01615,PRD-103,1,149.0,149.0
ITM-002374,ORD-01616,PRD-303,1,29.0,29.0
ITM-002375,ORD-01616,PRD-301,1,129.0,129.0
ITM-002376,ORD-01616,PRD-203,2,79.0,158.0
ITM-002377,ORD-01617,PRD-102,1,349.0,349.0
ITM-002378,ORD-01618,PRD-201,1,89.0,89.0
ITM-002379,ORD-01618,PRD-303,1,29.0,29.0
ITM-002380,ORD-01619,PRD-403,1,49.0,49.0
ITM-002381,ORD-01620,PRD-102,1,349.0,349.0
ITM-002382,ORD-01620,PRD-103,1,149.0,149.0
ITM-002383,ORD-01621,PRD-203,2,79.0,158.0
ITM-002384,ORD-01622,PRD-202,1,69.0,69.0
ITM-002385,ORD-01623,PRD-202,1,69.0,69.0
ITM-002386,ORD-01624,PRD-202,1,69.0,69.0
ITM-002387,ORD-01625,PRD-202,1,69.0,69.0
ITM-002388,ORD-01626,PRD-102,1,349.0,349.0
ITM-002389,ORD-01626,PRD-101,1,599.0,599.0
ITM-002390,ORD-01627,PRD-303,2,29.0,58.0
ITM-002391,ORD-01628,PRD-402,1,35.0,35.0
ITM-002392,ORD-01629,PRD-102,1,349.0,349.0
ITM-002393,ORD-01629,PRD-101,1,599.0,599.0
ITM-002394,ORD-01629,PRD-402,1,35.0,35.0
ITM-002395,ORD-01630,PRD-201,1,89.0,89.0
ITM-002396,ORD-01631,PRD-401,1,79.0,79.0
ITM-002397,ORD-01632,PRD-203,1,79.0,79.0
ITM-002398,ORD-01633,PRD-103,2,149.0,298.0
ITM-002399,ORD-01633,PRD-402,1,35.0,35.0
ITM-002400,ORD-01634,PRD-301,1,129.0,129.0
ITM-002401,ORD-01635,PRD-401,1,79.0,79.0
ITM-002402,ORD-01636,PRD-403,1,49.0,49.0
ITM-002403,ORD-01637,PRD-303,1,29.0,29.0
ITM-002404,ORD-01638,PRD-301,2,129.0,258.0
ITM-002405,ORD-01638,PRD-402,1,35.0,35.0
ITM-002406,ORD-01638,PRD-103,1,149.0,149.0
ITM-002407,ORD-01639,PRD-401,1,79.0,79.0
ITM-002408,ORD-01640,PRD-203,1,79.0,79.0
ITM-002409,ORD-01641,PRD-303,2,29.0,58.0
ITM-002410,ORD-01641,PRD-103,1,149.0,149.0
ITM-002411,ORD-01642,PRD-203,1,79.0,79.0
ITM-002412,ORD-01642,PRD-201,1,89.0,89.0
ITM-002413,ORD-01643,PRD-401,1,79.0,79.0
ITM-002414,ORD-01644,PRD-303,1,29.0,29.0
ITM-002415,ORD-01645,PRD-402,1,35.0,35.0
ITM-002416,ORD-01646,PRD-303,2,29.0,58.0
ITM-002417,ORD-01647,PRD-303,1,29.0,29.0
ITM-002418,ORD-01648,PRD-301,1,129.0,129.0
ITM-002419,ORD-01649,PRD-202,1,69.0,69.0
ITM-002420,ORD-01650,PRD-102,2,349.0,698.0
ITM-002421,ORD-01651,PRD-403,1,49.0,49.0
ITM-002422,ORD-01651,PRD-401,1,79.0,79.0
ITM-002423,ORD-01651,PRD-302,2,59.0,118.0
ITM-002424,ORD-01652,PRD-103,1,149.0,149.0
ITM-002425,ORD-01652,PRD-301,1,129.0,129.0
ITM-002426,ORD-01652,PRD-302,1,59.0,59.0
ITM-002427,ORD-01653,PRD-201,1,89.0,89.0
ITM-002428,ORD-01654,PRD-301,2,129.0,258.0
ITM-002429,ORD-01654,PRD-202,1,69.0,69.0
ITM-002430,ORD-01655,PRD-201,1,89.0,89.0
ITM-002431,ORD-01656,PRD-102,1,349.0,349.0
ITM-002432,ORD-01656,PRD-203,1,79.0,79.0
ITM-002433,ORD-01657,PRD-403,1,49.0,49.0
ITM-002434,ORD-01658,PRD-402,1,35.0,35.0
ITM-002435,ORD-01659,PRD-202,1,69.0,69.0
ITM-002436,ORD-01660,PRD-201,1,89.0,89.0
ITM-002437,ORD-01661,PRD-202,1,69.0,69.0
ITM-002438,ORD-01662,PRD-302,2,59.0,118.0
ITM-002439,ORD-01662,PRD-202,1,69.0,69.0
ITM-002440,ORD-01663,PRD-202,1,69.0,69.0
ITM-002441,ORD-01663,PRD-401,1,79.0,79.0
ITM-002442,ORD-01664,PRD-103,1,149.0,149.0
ITM-002443,ORD-01664,PRD-303,1,29.0,29.0
ITM-002444,ORD-01664,PRD-203,1,79.0,79.0
ITM-002445,ORD-01665,PRD-101,1,599.0,599.0
ITM-002446,ORD-01666,PRD-301,1,129.0,129.0
ITM-002447,ORD-01666,PRD-103,2,149.0,298.0
ITM-002448,ORD-01666,PRD-403,1,49.0,49.0
ITM-002449,ORD-01667,PRD-101,1,599.0,599.0
ITM-002450,ORD-01668,PRD-302,1,59.0,59.0
ITM-002451,ORD-01669,PRD-201,1,89.0,89.0
ITM-002452,ORD-01670,PRD-402,1,35.0,35.0
ITM-002453,ORD-01671,PRD-101,1,599.0,599.0
ITM-002454,ORD-01672,PRD-201,1,89.0,89.0
ITM-002455,ORD-01672,PRD-301,1,129.0,129.0
ITM-002456,ORD-01673,PRD-202,2,69.0,138.0
ITM-002457,ORD-01673,PRD-401,1,79.0,79.0
ITM-002458,ORD-01674,PRD-203,1,79.0,79.0
ITM-002459,ORD-01675,PRD-402,1,35.0,35.0
ITM-002460,ORD-01675,PRD-202,1,69.0,69.0
ITM-002461,ORD-01675,PRD-302,1,59.0,59.0
ITM-002462,ORD-01676,PRD-203,2,79.0,158.0
ITM-002463,ORD-01677,PRD-403,1,49.0,49.0
ITM-002464,ORD-01678,PRD-402,1,35.0,35.0
ITM-002465,ORD-01679,PRD-402,1,35.0,35.0
ITM-002466,ORD-01679,PRD-401,1,79.0,79.0
ITM-002467,ORD-01680,PRD-301,1,129.0,129.0
ITM-002468,ORD-01680,PRD-101,2,599.0,1198.0
ITM-002469,ORD-01681,PRD-301,1,129.0,129.0
ITM-002470,ORD-01681,PRD-103,1,149.0,149.0
ITM-002471,ORD-01682,PRD-401,2,79.0,158.0
ITM-002472,ORD-01683,PRD-403,2,49.0,98.0
ITM-002473,ORD-01683,PRD-201,1,89.0,89.0
ITM-002474,ORD-01684,PRD-202,1,69.0,69.0
ITM-002475,ORD-01685,PRD-102,1,349.0,349.0
ITM-002476,ORD-01686,PRD-302,1,59.0,59.0
ITM-002477,ORD-01686,PRD-401,1,79.0,79.0
ITM-002478,ORD-01686,PRD-202,1,69.0,69.0
ITM-002479,ORD-01687,PRD-403,1,49.0,49.0
ITM-002480,ORD-01688,PRD-201,1,89.0,89.0
ITM-002481,ORD-01689,PRD-401,1,79.0,79.0
ITM-002482,ORD-01689,PRD-301,1,129.0,129.0
ITM-002483,ORD-01690,PRD-203,1,79.0,79.0
ITM-002484,ORD-01691,PRD-202,1,69.0,69.0
ITM-002485,ORD-01691,PRD-103,2,149.0,298.0
ITM-002486,ORD-01691,PRD-302,1,59.0,59.0
ITM-002487,ORD-01692,PRD-202,1,69.0,69.0
ITM-002488,ORD-01692,PRD-303,1,29.0,29.0
ITM-002489,ORD-01692,PRD-101,2,599.0,1198.0
ITM-002490,ORD-01693,PRD-402,1,35.0,35.0
ITM-002491,ORD-01693,PRD-301,1,129.0,129.0
ITM-002492,ORD-01694,PRD-402,1,35.0,35.0
ITM-002493,ORD-01695,PRD-401,1,79.0,79.0
ITM-002494,ORD-01696,PRD-103,1,149.0,149.0
ITM-002495,ORD-01697,PRD-103,1,149.0,149.0
ITM-002496,ORD-01698,PRD-202,1,69.0,69.0
ITM-002497,ORD-01699,PRD-102,1,349.0,349.0
ITM-002498,ORD-01700,PRD-302,1,59.0,59.0
ITM-002499,ORD-01701,PRD-402,1,35.0,35.0
ITM-002500,ORD-01701,PRD-303,1,29.0,29.0
ITM-002501,ORD-01702,PRD-102,1,349.0,349.0
ITM-002502,ORD-01702,PRD-202,1,69.0,69.0
ITM-002503,ORD-01703,PRD-101,2,599.0,1198.0
ITM-002504,ORD-01704,PRD-302,2,59.0,118.0
ITM-002505,ORD-01705,PRD-402,1,35.0,35.0
ITM-002506,ORD-01706,PRD-301,1,129.0,129.0
ITM-002507,ORD-01707,PRD-303,1,29.0,29.0
ITM-002508,ORD-01708,PRD-201,1,89.0,89.0
ITM-002509,ORD-01708,PRD-101,1,599.0,599.0
ITM-002510,ORD-01709,PRD-301,1,129.0,129.0
ITM-002511,ORD-01710,PRD-402,1,35.0,35.0
ITM-002512,ORD-01710,PRD-201,1,89.0,89.0
ITM-002513,ORD-01711,PRD-103,1,149.0,149.0
ITM-002514,ORD-01712,PRD-102,1,349.0,349.0
ITM-002515,ORD-01713,PRD-203,2,79.0,158.0
ITM-002516,ORD-01714,PRD-101,1,599.0,599.0
ITM-002517,ORD-01715,PRD-303,1,29.0,29.0
ITM-002518,ORD-01715,PRD-101,1,599.0,599.0
ITM-002519,ORD-01716,PRD-202,1,69.0,69.0
ITM-002520,ORD-01716,PRD-201,1,89.0,89.0
ITM-002521,ORD-01717,PRD-302,1,59.0,59.0
ITM-002522,ORD-01717,PRD-202,1,69.0,69.0
ITM-002523,ORD-01718,PRD-102,1,349.0,349.0
ITM-002524,ORD-01718,PRD-103,1,149.0,149.0
ITM-002525,ORD-01718,PRD-303,1,29.0,29.0
ITM-002526,ORD-01719,PRD-302,2,59.0,118.0
ITM-002527,ORD-01720,PRD-101,2,599.0,1198.0
ITM-002528,ORD-01721,PRD-202,1,69.0,69.0
ITM-002529,ORD-01721,PRD-303,1,29.0,29.0
ITM-002530,ORD-01721,PRD-201,1,89.0,89.0
ITM-002531,ORD-01722,PRD-302,2,59.0,118.0
ITM-002532,ORD-01722,PRD-403,1,49.0,49.0
ITM-002533,ORD-01723,PRD-401,1,79.0,79.0
ITM-002534,ORD-01723,PRD-302,1,59.0,59.0
ITM-002535,ORD-01724,PRD-202,1,69.0,69.0
ITM-002536,ORD-01725,PRD-303,1,29.0,29.0
ITM-002537,ORD-01726,PRD-303,2,29.0,58.0
ITM-002538,ORD-01726,PRD-102,1,349.0,349.0
ITM-002539,ORD-01727,PRD-401,2,79.0,158.0
ITM-002540,ORD-01728,PRD-102,1,349.0,349.0
ITM-002541,ORD-01729,PRD-203,1,79.0,79.0
ITM-002542,ORD-01729,PRD-301,1,129.0,129.0
ITM-002543,ORD-01730,PRD-402,1,35.0,35.0
ITM-002544,ORD-01731,PRD-203,1,79.0,79.0
ITM-002545,ORD-01732,PRD-301,1,129.0,129.0
ITM-002546,ORD-01732,PRD-102,1,349.0,349.0
ITM-002547,ORD-01733,PRD-302,1,59.0,59.0
ITM-002548,ORD-01733,PRD-401,1,79.0,79.0
ITM-002549,ORD-01734,PRD-403,1,49.0,49.0
ITM-002550,ORD-01735,PRD-102,1,349.0,349.0
ITM-002551,ORD-01735,PRD-103,1,149.0,149.0
ITM-002552,ORD-01735,PRD-303,1,29.0,29.0
ITM-002553,ORD-01736,PRD-402,2,35.0,70.0
ITM-002554,ORD-01737,PRD-301,1,129.0,129.0
ITM-002555,ORD-01738,PRD-202,1,69.0,69.0
ITM-002556,ORD-01739,PRD-303,2,29.0,58.0
ITM-002557,ORD-01740,PRD-403,1,49.0,49.0
ITM-002558,ORD-01741,PRD-302,1,59.0,59.0
ITM-002559,ORD-01742,PRD-202,2,69.0,138.0
ITM-002560,ORD-01743,PRD-203,1,79.0,79.0
ITM-002561,ORD-01743,PRD-403,2,49.0,98.0
ITM-002562,ORD-01743,PRD-101,2,599.0,1198.0
ITM-002563,ORD-01744,PRD-103,1,149.0,149.0
ITM-002564,ORD-01745,PRD-403,2,49.0,98.0
ITM-002565,ORD-01746,PRD-303,1,29.0,29.0
ITM-002566,ORD-01746,PRD-302,1,59.0,59.0
ITM-002567,ORD-01747,PRD-301,1,129.0,129.0
ITM-002568,ORD-01748,PRD-301,1,129.0,129.0
ITM-002569,ORD-01749,PRD-101,1,599.0,599.0
ITM-002570,ORD-01750,PRD-101,1,599.0,599.0
ITM-002571,ORD-01751,PRD-102,1,349.0,349.0
ITM-002572,ORD-01751,PRD-301,1,129.0,129.0
ITM-002573,ORD-01751,PRD-202,1,69.0,69.0
ITM-002574,ORD-01752,PRD-402,1,35.0,35.0
ITM-002575,ORD-01753,PRD-202,1,69.0,69.0
ITM-002576,ORD-01754,PRD-203,1,79.0,79.0
ITM-002577,ORD-01755,PRD-203,1,79.0,79.0
ITM-002578,ORD-01756,PRD-101,1,599.0,599.0
ITM-002579,ORD-01756,PRD-301,1,129.0,129.0
ITM-002580,ORD-01757,PRD-102,1,349.0,349.0
ITM-002581,ORD-01758,PRD-203,1,79.0,79.0
ITM-002582,ORD-01759,PRD-101,1,599.0,599.0
ITM-002583,ORD-01759,PRD-401,1,79.0,79.0
ITM-002584,ORD-01760,PRD-103,1,149.0,149.0
ITM-002585,ORD-01760,PRD-201,1,89.0,89.0
ITM-002586,ORD-01761,PRD-401,1,79.0,79.0
ITM-002587,ORD-01761,PRD-203,1,79.0,79.0
ITM-002588,ORD-01762,PRD-201,1,89.0,89.0
ITM-002589,ORD-01763,PRD-302,1,59.0,59.0
ITM-002590,ORD-01764,PRD-401,1,79.0,79.0
ITM-002591,ORD-01764,PRD-301,1,129.0,129.0
ITM-002592,ORD-01765,PRD-402,1,35.0,35.0
ITM-002593,ORD-01766,PRD-202,1,69.0,69.0
ITM-002594,ORD-01767,PRD-301,1,129.0,129.0
ITM-002595,ORD-01768,PRD-303,2,29.0,58.0
ITM-002596,ORD-01769,PRD-201,2,89.0,178.0
ITM-002597,ORD-01769,PRD-202,1,69.0,69.0
ITM-002598,ORD-01770,PRD-402,1,35.0,35.0
ITM-002599,ORD-01770,PRD-101,1,599.0,599.0
ITM-002600,ORD-01770,PRD-403,1,49.0,49.0
ITM-002601,ORD-01771,PRD-403,1,49.0,49.0
ITM-002602,ORD-01772,PRD-401,1,79.0,79.0
ITM-002603,ORD-01773,PRD-103,1,149.0,149.0
ITM-002604,ORD-01773,PRD-302,2,59.0,118.0
ITM-002605,ORD-01774,PRD-202,1,69.0,69.0
ITM-002606,ORD-01774,PRD-302,2,59.0,118.0
ITM-002607,ORD-01774,PRD-203,1,79.0,79.0
ITM-002608,ORD-01775,PRD-203,1,79.0,79.0
ITM-002609,ORD-01776,PRD-402,1,35.0,35.0
ITM-002610,ORD-01776,PRD-203,1,79.0,79.0
ITM-002611,ORD-01777,PRD-101,1,599.0,599.0
ITM-002612,ORD-01777,PRD-103,1,149.0,149.0
ITM-002613,ORD-01778,PRD-101,1,599.0,599.0
ITM-002614,ORD-01779,PRD-402,1,35.0,35.0
ITM-002615,ORD-01779,PRD-101,1,599.0,599.0
ITM-002616,ORD-01780,PRD-201,1,89.0,89.0
ITM-002617,ORD-01781,PRD-301,1,129.0,129.0
ITM-002618,ORD-01782,PRD-201,1,89.0,89.0
ITM-002619,ORD-01782,PRD-401,1,79.0,79.0
ITM-002620,ORD-01782,PRD-403,1,49.0,49.0
ITM-002621,ORD-01783,PRD-403,1,49.0,49.0
ITM-002622,ORD-01783,PRD-203,1,79.0,79.0
ITM-002623,ORD-01784,PRD-302,1,59.0,59.0
ITM-002624,ORD-01785,PRD-102,1,349.0,349.0
ITM-002625,ORD-01786,PRD-302,1,59.0,59.0
ITM-002626,ORD-01787,PRD-103,1,149.0,149.0
ITM-002627,ORD-01788,PRD-203,1,79.0,79.0
ITM-002628,ORD-01789,PRD-402,1,35.0,35.0
ITM-002629,ORD-01790,PRD-401,1,79.0,79.0
ITM-002630,ORD-01791,PRD-101,2,599.0,1198.0
ITM-002631,ORD-01792,PRD-203,1,79.0,79.0
ITM-002632,ORD-01792,PRD-101,1,599.0,599.0
ITM-002633,ORD-01792,PRD-403,1,49.0,49.0
ITM-002634,ORD-01793,PRD-203,1,79.0,79.0
ITM-002635,ORD-01794,PRD-202,1,69.0,69.0
ITM-002636,ORD-01795,PRD-303,1,29.0,29.0
ITM-002637,ORD-01795,PRD-402,2,35.0,70.0
ITM-002638,ORD-01796,PRD-203,1,79.0,79.0
ITM-002639,ORD-01796,PRD-101,1,599.0,599.0
ITM-002640,ORD-01796,PRD-202,1,69.0,69.0
ITM-002641,ORD-01797,PRD-302,2,59.0,118.0
ITM-002642,ORD-01798,PRD-303,1,29.0,29.0
ITM-002643,ORD-01798,PRD-101,1,599.0,599.0
ITM-002644,ORD-01798,PRD-401,2,79.0,158.0
ITM-002645,ORD-01799,PRD-303,1,29.0,29.0
ITM-002646,ORD-01800,PRD-301,1,129.0,129.0
ITM-002647,ORD-01800,PRD-402,2,35.0,70.0
ITM-002648,ORD-01801,PRD-402,1,35.0,35.0
ITM-002649,ORD-01802,PRD-301,2,129.0,258.0
ITM-002650,ORD-01802,PRD-203,1,79.0,79.0
ITM-002651,ORD-01803,PRD-101,1,599.0,599.0
ITM-002652,ORD-01804,PRD-303,1,29.0,29.0
ITM-002653,ORD-01804,PRD-102,2,349.0,698.0
ITM-002654,ORD-01805,PRD-101,1,599.0,599.0
ITM-002655,ORD-01806,PRD-303,1,29.0,29.0
ITM-002656,ORD-01806,PRD-401,1,79.0,79.0
ITM-002657,ORD-01806,PRD-402,1,35.0,35.0
ITM-002658,ORD-01807,PRD-102,1,349.0,349.0
ITM-002659,ORD-01808,PRD-102,2,349.0,698.0
ITM-002660,ORD-01809,PRD-101,1,599.0,599.0
ITM-002661,ORD-01810,PRD-102,2,349.0,698.0
ITM-002662,ORD-01810,PRD-303,1,29.0,29.0
ITM-002663,ORD-01810,PRD-101,1,599.0,599.0
ITM-002664,ORD-01811,PRD-203,1,79.0,79.0
ITM-002665,ORD-01811,PRD-301,1,129.0,129.0
ITM-002666,ORD-01812,PRD-201,1,89.0,89.0
ITM-002667,ORD-01813,PRD-102,1,349.0,349.0
ITM-002668,ORD-01813,PRD-203,1,79.0,79.0
ITM-002669,ORD-01814,PRD-203,2,79.0,158.0
ITM-002670,ORD-01815,PRD-101,1,599.0,599.0
ITM-002671,ORD-01816,PRD-302,1,59.0,59.0
ITM-002672,ORD-01817,PRD-202,1,69.0,69.0
ITM-002673,ORD-01818,PRD-401,2,79.0,158.0
ITM-002674,ORD-01819,PRD-402,1,35.0,35.0
ITM-002675,ORD-01820,PRD-203,1,79.0,79.0
ITM-002676,ORD-01820,PRD-102,1,349.0,349.0
ITM-002677,ORD-01821,PRD-101,1,599.0,599.0
ITM-002678,ORD-01822,PRD-302,1,59.0,59.0
ITM-002679,ORD-01823,PRD-202,1,69.0,69.0
ITM-002680,ORD-01824,PRD-403,1,49.0,49.0
ITM-002681,ORD-01825,PRD-202,1,69.0,69.0
ITM-002682,ORD-01826,PRD-302,1,59.0,59.0
ITM-002683,ORD-01827,PRD-103,1,149.0,149.0
ITM-002684,ORD-01828,PRD-201,1,89.0,89.0
ITM-002685,ORD-01828,PRD-102,1,349.0,349.0
ITM-002686,ORD-01829,PRD-101,1,599.0,599.0
ITM-002687,ORD-01829,PRD-103,1,149.0,149.0
ITM-002688,ORD-01829,PRD-301,1,129.0,129.0
ITM-002689,ORD-01830,PRD-102,1,349.0,349.0
ITM-002690,ORD-01831,PRD-401,1,79.0,79.0
ITM-002691,ORD-01831,PRD-403,1,49.0,49.0
ITM-002692,ORD-01832,PRD-301,1,129.0,129.0
ITM-002693,ORD-01832,PRD-303,1,29.0,29.0
ITM-002694,ORD-01833,PRD-201,1,89.0,89.0
ITM-002695,ORD-01834,PRD-203,2,79.0,158.0
ITM-002696,ORD-01835,PRD-302,1,59.0,59.0
ITM-002697,ORD-01836,PRD-303,1,29.0,29.0
ITM-002698,ORD-01837,PRD-301,1,129.0,129.0
ITM-002699,ORD-01837,PRD-202,1,69.0,69.0
ITM-002700,ORD-01838,PRD-201,1,89.0,89.0
ITM-002701,ORD-01839,PRD-201,1,89.0,89.0
ITM-002702,ORD-01840,PRD-202,1,69.0,69.0
ITM-002703,ORD-01841,PRD-403,1,49.0,49.0
ITM-002704,ORD-01841,PRD-402,1,35.0,35.0
ITM-002705,ORD-01841,PRD-303,2,29.0,58.0
ITM-002706,ORD-01842,PRD-402,1,35.0,35.0
ITM-002707,ORD-01843,PRD-101,1,599.0,599.0
ITM-002708,ORD-01843,PRD-403,2,49.0,98.0
ITM-002709,ORD-01843,PRD-202,1,69.0,69.0
ITM-002710,ORD-01844,PRD-303,1,29.0,29.0
ITM-002711,ORD-01845,PRD-101,1,599.0,599.0
ITM-002712,ORD-01845,PRD-102,2,349.0,698.0
ITM-002713,ORD-01846,PRD-101,1,599.0,599.0
ITM-002714,ORD-01846,PRD-302,1,59.0,59.0
ITM-002715,ORD-01847,PRD-102,1,349.0,349.0
ITM-002716,ORD-01848,PRD-201,1,89.0,89.0
ITM-002717,ORD-01849,PRD-103,1,149.0,149.0
ITM-002718,ORD-01850,PRD-101,2,599.0,1198.0
ITM-002719,ORD-01851,PRD-203,1,79.0,79.0
ITM-002720,ORD-01852,PRD-302,1,59.0,59.0
ITM-002721,ORD-01853,PRD-302,1,59.0,59.0
ITM-002722,ORD-01854,PRD-301,2,129.0,258.0
ITM-002723,ORD-01854,PRD-203,1,79.0,79.0
ITM-002724,ORD-01855,PRD-402,1,35.0,35.0
ITM-002725,ORD-01856,PRD-302,1,59.0,59.0
ITM-002726,ORD-01856,PRD-401,2,79.0,158.0
ITM-002727,ORD-01857,PRD-201,1,89.0,89.0
ITM-002728,ORD-01858,PRD-403,1,49.0,49.0
ITM-002729,ORD-01859,PRD-401,1,79.0,79.0
ITM-002730,ORD-01860,PRD-302,1,59.0,59.0
ITM-002731,ORD-01861,PRD-301,2,129.0,258.0
ITM-002732,ORD-01861,PRD-403,1,49.0,49.0
ITM-002733,ORD-01862,PRD-101,1,599.0,599.0
ITM-002734,ORD-01863,PRD-301,1,129.0,129.0
ITM-002735,ORD-01864,PRD-102,2,349.0,698.0
ITM-002736,ORD-01865,PRD-303,1,29.0,29.0
ITM-002737,ORD-01865,PRD-202,1,69.0,69.0
ITM-002738,ORD-01866,PRD-201,1,89.0,89.0
ITM-002739,ORD-01866,PRD-102,1,349.0,349.0
ITM-002740,ORD-01867,PRD-203,1,79.0,79.0
ITM-002741,ORD-01867,PRD-403,1,49.0,49.0
ITM-002742,ORD-01867,PRD-301,2,129.0,258.0
ITM-002743,ORD-01868,PRD-202,1,69.0,69.0
ITM-002744,ORD-01868,PRD-102,1,349.0,349.0
ITM-002745,ORD-01868,PRD-302,1,59.0,59.0
ITM-002746,ORD-01869,PRD-301,1,129.0,129.0
ITM-002747,ORD-01869,PRD-401,1,79.0,79.0
ITM-002748,ORD-01870,PRD-103,1,149.0,149.0
ITM-002749,ORD-01870,PRD-201,1,89.0,89.0
ITM-002750,ORD-01871,PRD-402,1,35.0,35.0
ITM-002751,ORD-01871,PRD-301,2,129.0,258.0
ITM-002752,ORD-01872,PRD-401,1,79.0,79.0
ITM-002753,ORD-01873,PRD-402,1,35.0,35.0
ITM-002754,ORD-01874,PRD-102,1,349.0,349.0
ITM-002755,ORD-01874,PRD-403,2,49.0,98.0
ITM-002756,ORD-01875,PRD-203,1,79.0,79.0
ITM-002757,ORD-01876,PRD-402,1,35.0,35.0
ITM-002758,ORD-01877,PRD-303,2,29.0,58.0
ITM-002759,ORD-01877,PRD-302,1,59.0,59.0
ITM-002760,ORD-01878,PRD-301,2,129.0,258.0
ITM-002761,ORD-01879,PRD-203,1,79.0,79.0
ITM-002762,ORD-01880,PRD-401,1,79.0,79.0
ITM-002763,ORD-01881,PRD-302,1,59.0,59.0
ITM-002764,ORD-01881,PRD-401,1,79.0,79.0
ITM-002765,ORD-01882,PRD-302,1,59.0,59.0
ITM-002766,ORD-01883,PRD-301,2,129.0,258.0
ITM-002767,ORD-01883,PRD-103,1,149.0,149.0
ITM-002768,ORD-01884,PRD-303,1,29.0,29.0
ITM-002769,ORD-01885,PRD-201,1,89.0,89.0
ITM-002770,ORD-01886,PRD-201,2,89.0,178.0
ITM-002771,ORD-01887,PRD-201,1,89.0,89.0
ITM-002772,ORD-01888,PRD-103,1,149.0,149.0
ITM-002773,ORD-01889,PRD-103,1,149.0,149.0
ITM-002774,ORD-01890,PRD-201,1,89.0,89.0
ITM-002775,ORD-01891,PRD-101,2,599.0,1198.0
ITM-002776,ORD-01891,PRD-403,2,49.0,98.0
ITM-002777,ORD-01892,PRD-103,2,149.0,298.0
ITM-002778,ORD-01892,PRD-301,1,129.0,129.0
ITM-002779,ORD-01893,PRD-101,1,599.0,599.0
ITM-002780,ORD-01894,PRD-402,1,35.0,35.0
ITM-002781,ORD-01894,PRD-202,1,69.0,69.0
ITM-002782,ORD-01895,PRD-401,1,79.0,79.0
ITM-002783,ORD-01896,PRD-302,1,59.0,59.0
ITM-002784,ORD-01896,PRD-402,1,35.0,35.0
ITM-002785,ORD-01897,PRD-301,1,129.0,129.0
ITM-002786,ORD-01898,PRD-203,1,79.0,79.0
ITM-002787,ORD-01899,PRD-103,1,149.0,149.0
ITM-002788,ORD-01900,PRD-301,1,129.0,129.0
ITM-002789,ORD-01900,PRD-102,1,349.0,349.0
ITM-002790,ORD-01900,PRD-201,1,89.0,89.0
ITM-002791,ORD-01901,PRD-203,1,79.0,79.0
ITM-002792,ORD-01901,PRD-303,1,29.0,29.0
ITM-002793,ORD-01901,PRD-402,1,35.0,35.0
ITM-002794,ORD-01902,PRD-301,1,129.0,129.0
ITM-002795,ORD-01903,PRD-103,1,149.0,149.0
ITM-002796,ORD-01903,PRD-203,1,79.0,79.0
ITM-002797,ORD-01903,PRD-402,1,35.0,35.0
ITM-002798,ORD-01904,PRD-302,1,59.0,59.0
ITM-002799,ORD-01905,PRD-401,1,79.0,79.0
ITM-002800,ORD-01906,PRD-201,1,89.0,89.0
ITM-002801,ORD-01907,PRD-103,1,149.0,149.0
ITM-002802,ORD-01908,PRD-102,1,349.0,349.0
ITM-002803,ORD-01908,PRD-403,2,49.0,98.0
ITM-002804,ORD-01908,PRD-201,1,89.0,89.0
ITM-002805,ORD-01909,PRD-302,1,59.0,59.0
ITM-002806,ORD-01909,PRD-202,1,69.0,69.0
ITM-002807,ORD-01909,PRD-203,1,79.0,79.0
ITM-002808,ORD-01910,PRD-101,1,599.0,599.0
ITM-002809,ORD-01911,PRD-403,1,49.0,49.0
ITM-002810,ORD-01912,PRD-403,1,49.0,49.0
ITM-002811,ORD-01913,PRD-403,1,49.0,49.0
ITM-002812,ORD-01913,PRD-201,1,89.0,89.0
ITM-002813,ORD-01914,PRD-203,1,79.0,79.0
ITM-002814,ORD-01915,PRD-402,2,35.0,70.0
ITM-002815,ORD-01915,PRD-203,1,79.0,79.0
ITM-002816,ORD-01916,PRD-102,1,349.0,349.0
ITM-002817,ORD-01917,PRD-101,1,599.0,599.0
ITM-002818,ORD-01917,PRD-401,1,79.0,79.0
ITM-002819,ORD-01918,PRD-402,1,35.0,35.0
ITM-002820,ORD-01918,PRD-202,1,69.0,69.0
ITM-002821,ORD-01918,PRD-403,1,49.0,49.0
ITM-002822,ORD-01919,PRD-103,1,149.0,149.0
ITM-002823,ORD-01919,PRD-301,1,129.0,129.0
ITM-002824,ORD-01919,PRD-403,1,49.0,49.0
ITM-002825,ORD-01920,PRD-101,1,599.0,599.0
ITM-002826,ORD-01920,PRD-202,1,69.0,69.0
ITM-002827,ORD-01921,PRD-401,1,79.0,79.0
ITM-002828,ORD-01922,PRD-201,2,89.0,178.0
ITM-002829,ORD-01923,PRD-201,2,89.0,178.0
ITM-002830,ORD-01924,PRD-402,1,35.0,35.0
ITM-002831,ORD-01924,PRD-403,1,49.0,49.0
ITM-002832,ORD-01924,PRD-102,1,349.0,349.0
ITM-002833,ORD-01925,PRD-303,1,29.0,29.0
ITM-002834,ORD-01926,PRD-202,1,69.0,69.0
ITM-002835,ORD-01927,PRD-101,1,599.0,599.0
ITM-002836,ORD-01928,PRD-103,1,149.0,149.0
ITM-002837,ORD-01929,PRD-202,1,69.0,69.0
ITM-002838,ORD-01930,PRD-202,1,69.0,69.0
ITM-002839,ORD-01931,PRD-101,1,599.0,599.0
ITM-002840,ORD-01931,PRD-103,1,149.0,149.0
ITM-002841,ORD-01932,PRD-302,1,59.0,59.0
ITM-002842,ORD-01933,PRD-402,1,35.0,35.0
ITM-002843,ORD-01934,PRD-103,2,149.0,298.0
ITM-002844,ORD-01935,PRD-201,1,89.0,89.0
ITM-002845,ORD-01935,PRD-402,1,35.0,35.0
ITM-002846,ORD-01936,PRD-301,1,129.0,129.0
ITM-002847,ORD-01937,PRD-201,1,89.0,89.0
ITM-002848,ORD-01937,PRD-403,1,49.0,49.0
ITM-002849,ORD-01938,PRD-303,1,29.0,29.0
ITM-002850,ORD-01939,PRD-301,1,129.0,129.0
ITM-002851,ORD-01939,PRD-401,1,79.0,79.0
ITM-002852,ORD-01939,PRD-101,1,599.0,599.0
ITM-002853,ORD-01940,PRD-401,1,79.0,79.0
ITM-002854,ORD-01941,PRD-101,1,599.0,599.0
ITM-002855,ORD-01942,PRD-102,1,349.0,349.0
ITM-002856,ORD-01943,PRD-102,1,349.0,349.0
ITM-002857,ORD-01944,PRD-203,1,79.0,79.0
ITM-002858,ORD-01945,PRD-103,1,149.0,149.0
ITM-002859,ORD-01945,PRD-403,1,49.0,49.0
ITM-002860,ORD-01946,PRD-302,1,59.0,59.0
ITM-002861,ORD-01947,PRD-103,1,149.0,149.0
ITM-002862,ORD-01948,PRD-401,1,79.0,79.0
ITM-002863,ORD-01949,PRD-403,2,49.0,98.0
ITM-002864,ORD-01950,PRD-402,2,35.0,70.0
ITM-002865,ORD-01950,PRD-301,2,129.0,258.0
ITM-002866,ORD-01951,PRD-302,1,59.0,59.0
ITM-002867,ORD-01952,PRD-403,1,49.0,49.0
ITM-002868,ORD-01953,PRD-102,1,349.0,349.0
ITM-002869,ORD-01953,PRD-103,1,149.0,149.0
ITM-002870,ORD-01953,PRD-401,2,79.0,158.0
ITM-002871,ORD-01954,PRD-103,1,149.0,149.0
ITM-002872,ORD-01954,PRD-301,1,129.0,129.0
ITM-002873,ORD-01955,PRD-102,1,349.0,349.0
ITM-002874,ORD-01955,PRD-402,1,35.0,35.0
ITM-002875,ORD-01956,PRD-102,1,349.0,349.0
ITM-002876,ORD-01956,PRD-402,1,35.0,35.0
ITM-002877,ORD-01957,PRD-401,1,79.0,79.0
ITM-002878,ORD-01958,PRD-402,1,35.0,35.0
ITM-002879,ORD-01959,PRD-303,1,29.0,29.0
ITM-002880,ORD-01959,PRD-402,1,35.0,35.0
ITM-002881,ORD-01959,PRD-202,1,69.0,69.0
ITM-002882,ORD-01960,PRD-101,1,599.0,599.0
ITM-002883,ORD-01961,PRD-303,1,29.0,29.0
ITM-002884,ORD-01962,PRD-402,1,35.0,35.0
ITM-002885,ORD-01963,PRD-102,1,349.0,349.0
ITM-002886,ORD-01964,PRD-402,1,35.0,35.0
ITM-002887,ORD-01965,PRD-102,1,349.0,349.0
ITM-002888,ORD-01966,PRD-403,1,49.0,49.0
ITM-002889,ORD-01967,PRD-202,1,69.0,69.0
ITM-002890,ORD-01967,PRD-103,1,149.0,149.0
ITM-002891,ORD-01968,PRD-102,1,349.0,349.0
ITM-002892,ORD-01969,PRD-401,1,79.0,79.0
ITM-002893,ORD-01970,PRD-102,1,349.0,349.0
ITM-002894,ORD-01971,PRD-302,1,59.0,59.0
ITM-002895,ORD-01971,PRD-202,1,69.0,69.0
ITM-002896,ORD-01972,PRD-202,1,69.0,69.0
ITM-002897,ORD-01973,PRD-101,1,599.0,599.0
ITM-002898,ORD-01974,PRD-201,1,89.0,89.0
ITM-002899,ORD-01975,PRD-101,2,599.0,1198.0
ITM-002900,ORD-01976,PRD-402,2,35.0,70.0
ITM-002901,ORD-01977,PRD-301,1,129.0,129.0
ITM-002902,ORD-01977,PRD-102,1,349.0,349.0
ITM-002903,ORD-01978,PRD-103,2,149.0,298.0
ITM-002904,ORD-01978,PRD-402,1,35.0,35.0
ITM-002905,ORD-01979,PRD-103,1,149.0,149.0
ITM-002906,ORD-01980,PRD-202,2,69.0,138.0
ITM-002907,ORD-01980,PRD-302,1,59.0,59.0
ITM-002908,ORD-01981,PRD-302,2,59.0,118.0
ITM-002909,ORD-01982,PRD-301,1,129.0,129.0
ITM-002910,ORD-01983,PRD-103,1,149.0,149.0
ITM-002911,ORD-01984,PRD-401,1,79.0,79.0
ITM-002912,ORD-01985,PRD-202,1,69.0,69.0
ITM-002913,ORD-01985,PRD-102,1,349.0,349.0
ITM-002914,ORD-01986,PRD-301,1,129.0,129.0
ITM-002915,ORD-01986,PRD-103,2,149.0,298.0
ITM-002916,ORD-01986,PRD-302,2,59.0,118.0
ITM-002917,ORD-01987,PRD-103,1,149.0,149.0
ITM-002918,ORD-01988,PRD-102,2,349.0,698.0
ITM-002919,ORD-01989,PRD-201,2,89.0,178.0
ITM-002920,ORD-01989,PRD-101,1,599.0,599.0
ITM-002921,ORD-01990,PRD-203,2,79.0,158.0
ITM-002922,ORD-01991,PRD-101,1,599.0,599.0
ITM-002923,ORD-01992,PRD-301,1,129.0,129.0
ITM-002924,ORD-01993,PRD-102,1,349.0,349.0
ITM-002925,ORD-01993,PRD-103,1,149.0,149.0
ITM-002926,ORD-01994,PRD-101,2,599.0,1198.0
ITM-002927,ORD-01995,PRD-301,1,129.0,129.0
ITM-002928,ORD-01996,PRD-303,1,29.0,29.0
ITM-002929,ORD-01997,PRD-101,2,599.0,1198.0
ITM-002930,ORD-01998,PRD-303,2,29.0,58.0
ITM-002931,ORD-01999,PRD-402,1,35.0,35.0
ITM-002932,ORD-02000,PRD-403,1,49.0,49.0
ITM-002933,ORD-02001,PRD-303,1,29.0,29.0
ITM-002934,ORD-02001,PRD-301,1,129.0,129.0
ITM-002935,ORD-02001,PRD-202,2,69.0,138.0
ITM-002936,ORD-02002,PRD-103,1,149.0,149.0
ITM-002937,ORD-02003,PRD-201,1,89.0,89.0
ITM-002938,ORD-02004,PRD-201,1,89.0,89.0
ITM-002939,ORD-02004,PRD-403,1,49.0,49.0
ITM-002940,ORD-02005,PRD-103,1,149.0,149.0
ITM-002941,ORD-02005,PRD-302,1,59.0,59.0
ITM-002942,ORD-02005,PRD-402,1,35.0,35.0
ITM-002943,ORD-02006,PRD-103,1,149.0,149.0
ITM-002944,ORD-02007,PRD-103,1,149.0,149.0
ITM-002945,ORD-02008,PRD-403,1,49.0,49.0
ITM-002946,ORD-02009,PRD-102,1,349.0,349.0
ITM-002947,ORD-02010,PRD-202,2,69.0,138.0
ITM-002948,ORD-02010,PRD-301,1,129.0,129.0
ITM-002949,ORD-02011,PRD-202,1,69.0,69.0
ITM-002950,ORD-02011,PRD-402,1,35.0,35.0
ITM-002951,ORD-02012,PRD-103,1,149.0,149.0
ITM-002952,ORD-02012,PRD-202,1,69.0,69.0
ITM-002953,ORD-02012,PRD-303,1,29.0,29.0
ITM-002954,ORD-02013,PRD-203,1,79.0,79.0
ITM-002955,ORD-02014,PRD-401,1,79.0,79.0
ITM-002956,ORD-02015,PRD-101,1,599.0,599.0
ITM-002957,ORD-02016,PRD-301,1,129.0,129.0
ITM-002958,ORD-02017,PRD-402,1,35.0,35.0
ITM-002959,ORD-02018,PRD-301,1,129.0,129.0
ITM-002960,ORD-02019,PRD-301,1,129.0,129.0
ITM-002961,ORD-02020,PRD-401,1,79.0,79.0
ITM-002962,ORD-02021,PRD-301,1,129.0,129.0
ITM-002963,ORD-02021,PRD-103,1,149.0,149.0
ITM-002964,ORD-02022,PRD-401,1,79.0,79.0
ITM-002965,ORD-02023,PRD-303,2,29.0,58.0
ITM-002966,ORD-02023,PRD-402,1,35.0,35.0
ITM-002967,ORD-02024,PRD-102,1,349.0,349.0
ITM-002968,ORD-02024,PRD-202,1,69.0,69.0
ITM-002969,ORD-02025,PRD-402,1,35.0,35.0
ITM-002970,ORD-02026,PRD-201,1,89.0,89.0
ITM-002971,ORD-02026,PRD-203,2,79.0,158.0
ITM-002972,ORD-02026,PRD-403,1,49.0,49.0
ITM-002973,ORD-02027,PRD-402,1,35.0,35.0
ITM-002974,ORD-02028,PRD-203,1,79.0,79.0
ITM-002975,ORD-02028,PRD-402,1,35.0,35.0
ITM-002976,ORD-02028,PRD-103,1,149.0,149.0
ITM-002977,ORD-02029,PRD-402,1,35.0,35.0
ITM-002978,ORD-02030,PRD-102,1,349.0,349.0
ITM-002979,ORD-02031,PRD-402,1,35.0,35.0
ITM-002980,ORD-02032,PRD-102,1,349.0,349.0
ITM-002981,ORD-02032,PRD-403,1,49.0,49.0
ITM-002982,ORD-02033,PRD-202,1,69.0,69.0
ITM-002983,ORD-02034,PRD-402,1,35.0,35.0
ITM-002984,ORD-02035,PRD-303,1,29.0,29.0
ITM-002985,ORD-02036,PRD-201,1,89.0,89.0
ITM-002986,ORD-02036,PRD-301,2,129.0,258.0
ITM-002987,ORD-02036,PRD-402,2,35.0,70.0
ITM-002988,ORD-02037,PRD-102,2,349.0,698.0
ITM-002989,ORD-02038,PRD-103,1,149.0,149.0
ITM-002990,ORD-02039,PRD-302,1,59.0,59.0
ITM-002991,ORD-02040,PRD-203,1,79.0,79.0
ITM-002992,ORD-02041,PRD-301,1,129.0,129.0
ITM-002993,ORD-02042,PRD-303,1,29.0,29.0
ITM-002994,ORD-02042,PRD-102,2,349.0,698.0
ITM-002995,ORD-02042,PRD-402,1,35.0,35.0
ITM-002996,ORD-02043,PRD-101,1,599.0,599.0
ITM-002997,ORD-02043,PRD-201,2,89.0,178.0
ITM-002998,ORD-02043,PRD-401,1,79.0,79.0
ITM-002999,ORD-02044,PRD-401,2,79.0,158.0
ITM-003000,ORD-02045,PRD-302,1,59.0,59.0
ITM-003001,ORD-02046,PRD-401,2,79.0,158.0
ITM-003002,ORD-02046,PRD-302,1,59.0,59.0
ITM-003003,ORD-02047,PRD-101,1,599.0,599.0
ITM-003004,ORD-02048,PRD-303,1,29.0,29.0
ITM-003005,ORD-02048,PRD-403,1,49.0,49.0
ITM-003006,ORD-02049,PRD-302,1,59.0,59.0
ITM-003007,ORD-02049,PRD-103,2,149.0,298.0
ITM-003008,ORD-02050,PRD-202,1,69.0,69.0
ITM-003009,ORD-02051,PRD-303,1,29.0,29.0
ITM-003010,ORD-02051,PRD-103,1,149.0,149.0
ITM-003011,ORD-02051,PRD-201,2,89.0,178.0
ITM-003012,ORD-02052,PRD-403,1,49.0,49.0
ITM-003013,ORD-02053,PRD-403,1,49.0,49.0
ITM-003014,ORD-02054,PRD-102,1,349.0,349.0
ITM-003015,ORD-02055,PRD-101,1,599.0,599.0
ITM-003016,ORD-02056,PRD-403,1,49.0,49.0
ITM-003017,ORD-02057,PRD-202,1,69.0,69.0
ITM-003018,ORD-02058,PRD-403,1,49.0,49.0
ITM-003019,ORD-02059,PRD-301,1,129.0,129.0
ITM-003020,ORD-02060,PRD-202,1,69.0,69.0
ITM-003021,ORD-02061,PRD-203,1,79.0,79.0
ITM-003022,ORD-02062,PRD-102,2,349.0,698.0
ITM-003023,ORD-02062,PRD-403,1,49.0,49.0
ITM-003024,ORD-02062,PRD-401,1,79.0,79.0
ITM-003025,ORD-02063,PRD-402,1,35.0,35.0
ITM-003026,ORD-02063,PRD-103,1,149.0,149.0
ITM-003027,ORD-02063,PRD-102,1,349.0,349.0
ITM-003028,ORD-02064,PRD-401,1,79.0,79.0
ITM-003029,ORD-02064,PRD-203,1,79.0,79.0
ITM-003030,ORD-02065,PRD-203,1,79.0,79.0
ITM-003031,ORD-02065,PRD-101,1,599.0,599.0
ITM-003032,ORD-02066,PRD-402,1,35.0,35.0
ITM-003033,ORD-02066,PRD-202,1,69.0,69.0
ITM-003034,ORD-02067,PRD-302,2,59.0,118.0
ITM-003035,ORD-02068,PRD-103,1,149.0,149.0
ITM-003036,ORD-02069,PRD-103,1,149.0,149.0
ITM-003037,ORD-02070,PRD-101,2,599.0,1198.0
ITM-003038,ORD-02071,PRD-202,1,69.0,69.0
ITM-003039,ORD-02072,PRD-303,1,29.0,29.0
ITM-003040,ORD-02072,PRD-201,1,89.0,89.0
ITM-003041,ORD-02073,PRD-303,2,29.0,58.0
ITM-003042,ORD-02074,PRD-301,2,129.0,258.0
ITM-003043,ORD-02075,PRD-202,1,69.0,69.0
ITM-003044,ORD-02076,PRD-103,1,149.0,149.0
ITM-003045,ORD-02077,PRD-101,1,599.0,599.0
ITM-003046,ORD-02077,PRD-103,1,149.0,149.0
ITM-003047,ORD-02078,PRD-303,1,29.0,29.0
ITM-003048,ORD-02079,PRD-403,2,49.0,98.0
ITM-003049,ORD-02080,PRD-202,2,69.0,138.0
ITM-003050,ORD-02081,PRD-302,1,59.0,59.0
ITM-003051,ORD-02081,PRD-203,1,79.0,79.0
ITM-003052,ORD-02082,PRD-403,1,49.0,49.0
ITM-003053,ORD-02082,PRD-103,2,149.0,298.0
ITM-003054,ORD-02083,PRD-303,2,29.0,58.0
ITM-003055,ORD-02084,PRD-403,1,49.0,49.0
ITM-003056,ORD-02084,PRD-303,1,29.0,29.0
ITM-003057,ORD-02085,PRD-301,1,129.0,129.0
ITM-003058,ORD-02085,PRD-101,1,599.0,599.0
ITM-003059,ORD-02086,PRD-301,1,129.0,129.0
ITM-003060,ORD-02087,PRD-403,1,49.0,49.0
ITM-003061,ORD-02088,PRD-303,1,29.0,29.0
ITM-003062,ORD-02089,PRD-403,1,49.0,49.0
ITM-003063,ORD-02090,PRD-302,1,59.0,59.0
ITM-003064,ORD-02090,PRD-202,2,69.0,138.0
ITM-003065,ORD-02091,PRD-301,1,129.0,129.0
ITM-003066,ORD-02091,PRD-203,1,79.0,79.0
ITM-003067,ORD-02092,PRD-401,1,79.0,79.0
ITM-003068,ORD-02093,PRD-103,1,149.0,149.0
ITM-003069,ORD-02093,PRD-101,2,599.0,1198.0
ITM-003070,ORD-02094,PRD-203,2,79.0,158.0
ITM-003071,ORD-02095,PRD-101,1,599.0,599.0
ITM-003072,ORD-02095,PRD-301,1,129.0,129.0
ITM-003073,ORD-02096,PRD-102,1,349.0,349.0
ITM-003074,ORD-02097,PRD-201,1,89.0,89.0
ITM-003075,ORD-02097,PRD-301,1,129.0,129.0
ITM-003076,ORD-02098,PRD-103,2,149.0,298.0
ITM-003077,ORD-02098,PRD-403,1,49.0,49.0
ITM-003078,ORD-02098,PRD-303,1,29.0,29.0
ITM-003079,ORD-02099,PRD-201,1,89.0,89.0
ITM-003080,ORD-02099,PRD-102,1,349.0,349.0
ITM-003081,ORD-02100,PRD-101,1,599.0,599.0
ITM-003082,ORD-02101,PRD-402,1,35.0,35.0
ITM-003083,ORD-02101,PRD-403,1,49.0,49.0
ITM-003084,ORD-02102,PRD-402,1,35.0,35.0
ITM-003085,ORD-02103,PRD-402,1,35.0,35.0
ITM-003086,ORD-02103,PRD-403,2,49.0,98.0
ITM-003087,ORD-02104,PRD-402,1,35.0,35.0
ITM-003088,ORD-02105,PRD-103,1,149.0,149.0
ITM-003089,ORD-02105,PRD-102,1,349.0,349.0
ITM-003090,ORD-02106,PRD-403,1,49.0,49.0
ITM-003091,ORD-02107,PRD-403,2,49.0,98.0
ITM-003092,ORD-02108,PRD-402,1,35.0,35.0
ITM-003093,ORD-02109,PRD-303,1,29.0,29.0
ITM-003094,ORD-02110,PRD-301,1,129.0,129.0
ITM-003095,ORD-02111,PRD-202,1,69.0,69.0
ITM-003096,ORD-02112,PRD-303,1,29.0,29.0
ITM-003097,ORD-02113,PRD-103,2,149.0,298.0
ITM-003098,ORD-02114,PRD-201,1,89.0,89.0
ITM-003099,ORD-02114,PRD-402,1,35.0,35.0
ITM-003100,ORD-02115,PRD-201,1,89.0,89.0
ITM-003101,ORD-02116,PRD-402,1,35.0,35.0
ITM-003102,ORD-02117,PRD-103,1,149.0,149.0
ITM-003103,ORD-02118,PRD-402,1,35.0,35.0
ITM-003104,ORD-02119,PRD-403,1,49.0,49.0
ITM-003105,ORD-02120,PRD-201,1,89.0,89.0
ITM-003106,ORD-02121,PRD-101,1,599.0,599.0
ITM-003107,ORD-02122,PRD-403,1,49.0,49.0
ITM-003108,ORD-02123,PRD-303,1,29.0,29.0
ITM-003109,ORD-02123,PRD-203,1,79.0,79.0
ITM-003110,ORD-02124,PRD-401,1,79.0,79.0
ITM-003111,ORD-02124,PRD-201,2,89.0,178.0
ITM-003112,ORD-02125,PRD-302,1,59.0,59.0
ITM-003113,ORD-02126,PRD-403,1,49.0,49.0
ITM-003114,ORD-02126,PRD-201,1,89.0,89.0
ITM-003115,ORD-02127,PRD-102,1,349.0,349.0
ITM-003116,ORD-02128,PRD-303,1,29.0,29.0
ITM-003117,ORD-02129,PRD-303,1,29.0,29.0
ITM-003118,ORD-02129,PRD-203,1,79.0,79.0
ITM-003119,ORD-02130,PRD-401,1,79.0,79.0
ITM-003120,ORD-02131,PRD-201,1,89.0,89.0
ITM-003121,ORD-02132,PRD-301,1,129.0,129.0
ITM-003122,ORD-02132,PRD-101,1,599.0,599.0
ITM-003123,ORD-02133,PRD-202,1,69.0,69.0
ITM-003124,ORD-02134,PRD-301,1,129.0,129.0
ITM-003125,ORD-02135,PRD-201,1,89.0,89.0
ITM-003126,ORD-02136,PRD-403,1,49.0,49.0
ITM-003127,ORD-02136,PRD-102,2,349.0,698.0
ITM-003128,ORD-02137,PRD-201,1,89.0,89.0
ITM-003129,ORD-02138,PRD-203,1,79.0,79.0
ITM-003130,ORD-02139,PRD-101,1,599.0,599.0
ITM-003131,ORD-02140,PRD-303,1,29.0,29.0
ITM-003132,ORD-02140,PRD-101,1,599.0,599.0
ITM-003133,ORD-02140,PRD-301,1,129.0,129.0
ITM-003134,ORD-02141,PRD-403,1,49.0,49.0
ITM-003135,ORD-02142,PRD-302,1,59.0,59.0
ITM-003136,ORD-02143,PRD-103,1,149.0,149.0
ITM-003137,ORD-02144,PRD-403,1,49.0,49.0
ITM-003138,ORD-02145,PRD-201,1,89.0,89.0
ITM-003139,ORD-02146,PRD-101,2,599.0,1198.0
ITM-003140,ORD-02147,PRD-203,1,79.0,79.0
ITM-003141,ORD-02148,PRD-103,1,149.0,149.0
ITM-003142,ORD-02148,PRD-301,1,129.0,129.0
ITM-003143,ORD-02149,PRD-301,1,129.0,129.0
ITM-003144,ORD-02149,PRD-203,1,79.0,79.0
ITM-003145,ORD-02149,PRD-302,1,59.0,59.0
ITM-003146,ORD-02150,PRD-402,1,35.0,35.0
ITM-003147,ORD-02151,PRD-303,1,29.0,29.0
ITM-003148,ORD-02151,PRD-302,2,59.0,118.0
ITM-003149,ORD-02152,PRD-203,1,79.0,79.0
ITM-003150,ORD-02152,PRD-401,1,79.0,79.0
ITM-003151,ORD-02153,PRD-402,1,35.0,35.0
ITM-003152,ORD-02153,PRD-102,1,349.0,349.0
ITM-003153,ORD-02154,PRD-102,1,349.0,349.0
ITM-003154,ORD-02155,PRD-202,1,69.0,69.0
ITM-003155,ORD-02156,PRD-303,1,29.0,29.0
ITM-003156,ORD-02156,PRD-102,1,349.0,349.0
ITM-003157,ORD-02157,PRD-401,2,79.0,158.0
ITM-003158,ORD-02158,PRD-403,1,49.0,49.0
ITM-003159,ORD-02158,PRD-302,1,59.0,59.0
ITM-003160,ORD-02159,PRD-103,1,149.0,149.0
ITM-003161,ORD-02160,PRD-401,1,79.0,79.0
ITM-003162,ORD-02161,PRD-301,1,129.0,129.0
ITM-003163,ORD-02162,PRD-402,1,35.0,35.0
ITM-003164,ORD-02163,PRD-103,1,149.0,149.0
ITM-003165,ORD-02163,PRD-402,1,35.0,35.0
ITM-003166,ORD-02163,PRD-301,2,129.0,258.0
ITM-003167,ORD-02164,PRD-201,1,89.0,89.0
ITM-003168,ORD-02165,PRD-402,1,35.0,35.0
ITM-003169,ORD-02165,PRD-301,1,129.0,129.0
ITM-003170,ORD-02165,PRD-302,1,59.0,59.0
ITM-003171,ORD-02166,PRD-203,1,79.0,79.0
ITM-003172,ORD-02167,PRD-202,1,69.0,69.0
ITM-003173,ORD-02168,PRD-203,1,79.0,79.0
ITM-003174,ORD-02169,PRD-101,1,599.0,599.0
ITM-003175,ORD-02170,PRD-102,1,349.0,349.0
ITM-003176,ORD-02171,PRD-401,1,79.0,79.0
ITM-003177,ORD-02171,PRD-201,1,89.0,89.0
ITM-003178,ORD-02171,PRD-202,1,69.0,69.0
ITM-003179,ORD-02172,PRD-201,1,89.0,89.0
ITM-003180,ORD-02172,PRD-102,1,349.0,349.0
ITM-003181,ORD-02173,PRD-202,1,69.0,69.0
ITM-003182,ORD-02174,PRD-101,1,599.0,599.0
ITM-003183,ORD-02174,PRD-103,1,149.0,149.0
ITM-003184,ORD-02175,PRD-303,1,29.0,29.0
ITM-003185,ORD-02175,PRD-102,1,349.0,349.0
ITM-003186,ORD-02175,PRD-403,1,49.0,49.0
ITM-003187,ORD-02176,PRD-303,1,29.0,29.0
ITM-003188,ORD-02176,PRD-401,1,79.0,79.0
ITM-003189,ORD-02176,PRD-301,1,129.0,129.0
ITM-003190,ORD-02177,PRD-403,1,49.0,49.0
ITM-003191,ORD-02178,PRD-202,1,69.0,69.0
ITM-003192,ORD-02179,PRD-303,1,29.0,29.0
ITM-003193,ORD-02179,PRD-402,1,35.0,35.0
ITM-003194,ORD-02180,PRD-403,1,49.0,49.0
ITM-003195,ORD-02181,PRD-301,1,129.0,129.0
ITM-003196,ORD-02182,PRD-303,1,29.0,29.0
ITM-003197,ORD-02182,PRD-302,1,59.0,59.0
ITM-003198,ORD-02183,PRD-102,1,349.0,349.0
ITM-003199,ORD-02184,PRD-102,1,349.0,349.0
ITM-003200,ORD-02184,PRD-202,1,69.0,69.0
ITM-003201,ORD-02185,PRD-401,1,79.0,79.0
ITM-003202,ORD-02186,PRD-401,1,79.0,79.0
ITM-003203,ORD-02187,PRD-201,2,89.0,178.0
ITM-003204,ORD-02188,PRD-102,1,349.0,349.0
ITM-003205,ORD-02189,PRD-401,1,79.0,79.0
ITM-003206,ORD-02190,PRD-402,1,35.0,35.0
ITM-003207,ORD-02190,PRD-102,1,349.0,349.0
ITM-003208,ORD-02191,PRD-403,2,49.0,98.0
ITM-003209,ORD-02192,PRD-201,1,89.0,89.0
ITM-003210,ORD-02193,PRD-103,1,149.0,149.0
ITM-003211,ORD-02194,PRD-102,2,349.0,698.0
ITM-003212,ORD-02195,PRD-202,1,69.0,69.0
ITM-003213,ORD-02195,PRD-101,1,599.0,599.0
ITM-003214,ORD-02196,PRD-302,1,59.0,59.0
ITM-003215,ORD-02197,PRD-402,1,35.0,35.0
ITM-003216,ORD-02197,PRD-303,1,29.0,29.0
ITM-003217,ORD-02198,PRD-302,1,59.0,59.0
ITM-003218,ORD-02198,PRD-103,1,149.0,149.0
ITM-003219,ORD-02199,PRD-301,1,129.0,129.0
ITM-003220,ORD-02200,PRD-201,1,89.0,89.0
ITM-003221,ORD-02201,PRD-202,2,69.0,138.0
ITM-003222,ORD-02201,PRD-401,1,79.0,79.0
ITM-003223,ORD-02202,PRD-103,2,149.0,298.0
ITM-003224,ORD-02202,PRD-102,1,349.0,349.0
ITM-003225,ORD-02202,PRD-101,1,599.0,599.0
ITM-003226,ORD-02203,PRD-202,2,69.0,138.0
ITM-003227,ORD-02203,PRD-402,1,35.0,35.0
ITM-003228,ORD-02204,PRD-303,1,29.0,29.0
ITM-003229,ORD-02204,PRD-402,1,35.0,35.0
ITM-003230,ORD-02205,PRD-102,1,349.0,349.0
ITM-003231,ORD-02205,PRD-201,1,89.0,89.0
ITM-003232,ORD-02206,PRD-302,1,59.0,59.0
ITM-003233,ORD-02207,PRD-202,1,69.0,69.0
ITM-003234,ORD-02207,PRD-102,2,349.0,698.0
ITM-003235,ORD-02208,PRD-202,1,69.0,69.0
ITM-003236,ORD-02209,PRD-101,1,599.0,599.0
ITM-003237,ORD-02210,PRD-202,1,69.0,69.0
ITM-003238,ORD-02210,PRD-403,1,49.0,49.0
ITM-003239,ORD-02210,PRD-103,1,149.0,149.0
ITM-003240,ORD-02211,PRD-303,1,29.0,29.0
ITM-003241,ORD-02211,PRD-301,2,129.0,258.0
ITM-003242,ORD-02212,PRD-302,1,59.0,59.0
ITM-003243,ORD-02213,PRD-302,1,59.0,59.0
ITM-003244,ORD-02214,PRD-302,1,59.0,59.0
ITM-003245,ORD-02214,PRD-103,1,149.0,149.0
ITM-003246,ORD-02215,PRD-203,2,79.0,158.0
ITM-003247,ORD-02215,PRD-401,1,79.0,79.0
ITM-003248,ORD-02216,PRD-302,1,59.0,59.0
ITM-003249,ORD-02217,PRD-302,1,59.0,59.0
ITM-003250,ORD-02218,PRD-301,1,129.0,129.0
ITM-003251,ORD-02219,PRD-303,1,29.0,29.0
ITM-003252,ORD-02220,PRD-401,1,79.0,79.0
ITM-003253,ORD-02220,PRD-202,2,69.0,138.0
ITM-003254,ORD-02221,PRD-302,1,59.0,59.0
ITM-003255,ORD-02222,PRD-202,1,69.0,69.0
ITM-003256,ORD-02222,PRD-203,1,79.0,79.0
ITM-003257,ORD-02223,PRD-403,1,49.0,49.0
ITM-003258,ORD-02223,PRD-102,1,349.0,349.0
ITM-003259,ORD-02223,PRD-203,1,79.0,79.0
ITM-003260,ORD-02224,PRD-103,1,149.0,149.0
ITM-003261,ORD-02224,PRD-202,1,69.0,69.0
ITM-003262,ORD-02225,PRD-403,1,49.0,49.0
ITM-003263,ORD-02226,PRD-101,1,599.0,599.0
ITM-003264,ORD-02227,PRD-303,1,29.0,29.0
ITM-003265,ORD-02228,PRD-301,1,129.0,129.0
ITM-003266,ORD-02229,PRD-101,2,599.0,1198.0
ITM-003267,ORD-02230,PRD-101,1,599.0,599.0
ITM-003268,ORD-02230,PRD-203,1,79.0,79.0
ITM-003269,ORD-02231,PRD-201,1,89.0,89.0
ITM-003270,ORD-02232,PRD-403,1,49.0,49.0
ITM-003271,ORD-02232,PRD-101,2,599.0,1198.0
ITM-003272,ORD-02233,PRD-101,1,599.0,599.0
ITM-003273,ORD-02234,PRD-101,1,599.0,599.0
ITM-003274,ORD-02235,PRD-402,1,35.0,35.0
ITM-003275,ORD-02236,PRD-201,2,89.0,178.0
ITM-003276,ORD-02237,PRD-201,2,89.0,178.0
ITM-003277,ORD-02238,PRD-103,1,149.0,149.0
ITM-003278,ORD-02239,PRD-302,1,59.0,59.0
ITM-003279,ORD-02240,PRD-403,1,49.0,49.0
ITM-003280,ORD-02241,PRD-401,1,79.0,79.0
ITM-003281,ORD-02242,PRD-302,2,59.0,118.0
ITM-003282,ORD-02242,PRD-101,1,599.0,599.0
ITM-003283,ORD-02242,PRD-203,2,79.0,158.0
ITM-003284,ORD-02243,PRD-101,1,599.0,599.0
ITM-003285,ORD-02244,PRD-202,1,69.0,69.0
ITM-003286,ORD-02244,PRD-302,1,59.0,59.0
ITM-003287,ORD-02245,PRD-203,1,79.0,79.0
ITM-003288,ORD-02246,PRD-101,1,599.0,599.0
ITM-003289,ORD-02247,PRD-301,1,129.0,129.0
ITM-003290,ORD-02247,PRD-202,2,69.0,138.0
ITM-003291,ORD-02248,PRD-202,1,69.0,69.0
ITM-003292,ORD-02248,PRD-101,1,599.0,599.0
ITM-003293,ORD-02248,PRD-303,1,29.0,29.0
ITM-003294,ORD-02249,PRD-203,1,79.0,79.0
ITM-003295,ORD-02250,PRD-201,1,89.0,89.0
ITM-003296,ORD-02251,PRD-401,1,79.0,79.0
ITM-003297,ORD-02252,PRD-401,1,79.0,79.0
ITM-003298,ORD-02253,PRD-102,1,349.0,349.0
ITM-003299,ORD-02254,PRD-303,1,29.0,29.0
ITM-003300,ORD-02255,PRD-102,1,349.0,349.0
ITM-003301,ORD-02256,PRD-302,1,59.0,59.0
ITM-003302,ORD-02257,PRD-401,2,79.0,158.0
ITM-003303,ORD-02257,PRD-303,1,29.0,29.0
ITM-003304,ORD-02258,PRD-102,1,349.0,349.0
ITM-003305,ORD-02259,PRD-202,2,69.0,138.0
ITM-003306,ORD-02260,PRD-203,1,79.0,79.0
ITM-003307,ORD-02261,PRD-401,1,79.0,79.0
ITM-003308,ORD-02261,PRD-101,1,599.0,599.0
ITM-003309,ORD-02261,PRD-201,1,89.0,89.0
ITM-003310,ORD-02262,PRD-203,1,79.0,79.0
ITM-003311,ORD-02262,PRD-101,1,599.0,599.0
ITM-003312,ORD-02263,PRD-103,1,149.0,149.0
ITM-003313,ORD-02264,PRD-301,1,129.0,129.0
ITM-003314,ORD-02265,PRD-303,1,29.0,29.0
ITM-003315,ORD-02266,PRD-203,1,79.0,79.0
ITM-003316,ORD-02267,PRD-403,1,49.0,49.0
ITM-003317,ORD-02268,PRD-201,1,89.0,89.0
ITM-003318,ORD-02268,PRD-302,1,59.0,59.0
ITM-003319,ORD-02269,PRD-202,1,69.0,69.0
ITM-003320,ORD-02270,PRD-102,1,349.0,349.0
ITM-003321,ORD-02270,PRD-301,1,129.0,129.0
ITM-003322,ORD-02270,PRD-402,1,35.0,35.0
ITM-003323,ORD-02271,PRD-101,2,599.0,1198.0
ITM-003324,ORD-02272,PRD-103,2,149.0,298.0
ITM-003325,ORD-02273,PRD-202,2,69.0,138.0
ITM-003326,ORD-02273,PRD-203,1,79.0,79.0
ITM-003327,ORD-02274,PRD-203,1,79.0,79.0
ITM-003328,ORD-02274,PRD-303,1,29.0,29.0
ITM-003329,ORD-02274,PRD-201,1,89.0,89.0
ITM-003330,ORD-02275,PRD-402,1,35.0,35.0
ITM-003331,ORD-02275,PRD-201,2,89.0,178.0
ITM-003332,ORD-02275,PRD-403,1,49.0,49.0
ITM-003333,ORD-02276,PRD-403,1,49.0,49.0
ITM-003334,ORD-02277,PRD-203,2,79.0,158.0
ITM-003335,ORD-02278,PRD-201,1,89.0,89.0
ITM-003336,ORD-02279,PRD-402,1,35.0,35.0
ITM-003337,ORD-02279,PRD-403,1,49.0,49.0
ITM-003338,ORD-02280,PRD-203,1,79.0,79.0
ITM-003339,ORD-02281,PRD-103,1,149.0,149.0
ITM-003340,ORD-02282,PRD-201,2,89.0,178.0
ITM-003341,ORD-02283,PRD-201,1,89.0,89.0
ITM-003342,ORD-02283,PRD-303,1,29.0,29.0
ITM-003343,ORD-02284,PRD-303,1,29.0,29.0
ITM-003344,ORD-02284,PRD-102,1,349.0,349.0
ITM-003345,ORD-02284,PRD-301,1,129.0,129.0
ITM-003346,ORD-02285,PRD-102,1,349.0,349.0
ITM-003347,ORD-02286,PRD-103,1,149.0,149.0
ITM-003348,ORD-02287,PRD-402,1,35.0,35.0
ITM-003349,ORD-02288,PRD-102,1,349.0,349.0
ITM-003350,ORD-02289,PRD-303,1,29.0,29.0
ITM-003351,ORD-02290,PRD-401,1,79.0,79.0
ITM-003352,ORD-02291,PRD-402,1,35.0,35.0
ITM-003353,ORD-02292,PRD-301,1,129.0,129.0
ITM-003354,ORD-02292,PRD-202,1,69.0,69.0
ITM-003355,ORD-02292,PRD-401,2,79.0,158.0
ITM-003356,ORD-02293,PRD-103,1,149.0,149.0
ITM-003357,ORD-02294,PRD-302,1,59.0,59.0
ITM-003358,ORD-02295,PRD-202,1,69.0,69.0
ITM-003359,ORD-02296,PRD-202,1,69.0,69.0
ITM-003360,ORD-02297,PRD-402,2,35.0,70.0
ITM-003361,ORD-02297,PRD-403,2,49.0,98.0
ITM-003362,ORD-02298,PRD-403,1,49.0,49.0
ITM-003363,ORD-02299,PRD-301,2,129.0,258.0
ITM-003364,ORD-02300,PRD-202,1,69.0,69.0
ITM-003365,ORD-02301,PRD-202,1,69.0,69.0
ITM-003366,ORD-02302,PRD-401,2,79.0,158.0
ITM-003367,ORD-02303,PRD-203,2,79.0,158.0
ITM-003368,ORD-02304,PRD-103,1,149.0,149.0
ITM-003369,ORD-02304,PRD-403,2,49.0,98.0
ITM-003370,ORD-02304,PRD-401,2,79.0,158.0
ITM-003371,ORD-02305,PRD-202,1,69.0,69.0
ITM-003372,ORD-02305,PRD-103,1,149.0,149.0
ITM-003373,ORD-02306,PRD-203,1,79.0,79.0
ITM-003374,ORD-02307,PRD-301,1,129.0,129.0
ITM-003375,ORD-02308,PRD-401,1,79.0,79.0
ITM-003376,ORD-02309,PRD-101,1,599.0,599.0
ITM-003377,ORD-02310,PRD-401,1,79.0,79.0
ITM-003378,ORD-02311,PRD-201,1,89.0,89.0
ITM-003379,ORD-02311,PRD-302,2,59.0,118.0
ITM-003380,ORD-02312,PRD-201,1,89.0,89.0
ITM-003381,ORD-02313,PRD-201,1,89.0,89.0
ITM-003382,ORD-02314,PRD-203,1,79.0,79.0
ITM-003383,ORD-02315,PRD-302,1,59.0,59.0
ITM-003384,ORD-02316,PRD-203,2,79.0,158.0
ITM-003385,ORD-02316,PRD-402,1,35.0,35.0
ITM-003386,ORD-02317,PRD-303,1,29.0,29.0
ITM-003387,ORD-02318,PRD-203,1,79.0,79.0
ITM-003388,ORD-02318,PRD-201,1,89.0,89.0
ITM-003389,ORD-02318,PRD-401,2,79.0,158.0
ITM-003390,ORD-02319,PRD-403,2,49.0,98.0
ITM-003391,ORD-02319,PRD-203,2,79.0,158.0
ITM-003392,ORD-02320,PRD-102,1,349.0,349.0
ITM-003393,ORD-02321,PRD-203,1,79.0,79.0
ITM-003394,ORD-02322,PRD-402,1,35.0,35.0
ITM-003395,ORD-02322,PRD-102,1,349.0,349.0
ITM-003396,ORD-02323,PRD-203,1,79.0,79.0
ITM-003397,ORD-02324,PRD-203,1,79.0,79.0
ITM-003398,ORD-02324,PRD-202,1,69.0,69.0
ITM-003399,ORD-02325,PRD-202,1,69.0,69.0
ITM-003400,ORD-02325,PRD-201,1,89.0,89.0
ITM-003401,ORD-02326,PRD-102,1,349.0,349.0
ITM-003402,ORD-02327,PRD-402,1,35.0,35.0
ITM-003403,ORD-02327,PRD-401,1,79.0,79.0
ITM-003404,ORD-02328,PRD-203,1,79.0,79.0
ITM-003405,ORD-02329,PRD-403,1,49.0,49.0
ITM-003406,ORD-02330,PRD-303,1,29.0,29.0
ITM-003407,ORD-02331,PRD-202,1,69.0,69.0
ITM-003408,ORD-02332,PRD-201,2,89.0,178.0
ITM-003409,ORD-02333,PRD-202,1,69.0,69.0
ITM-003410,ORD-02334,PRD-102,1,349.0,349.0
ITM-003411,ORD-02335,PRD-102,1,349.0,349.0
ITM-003412,ORD-02335,PRD-403,1,49.0,49.0
ITM-003413,ORD-02336,PRD-102,1,349.0,349.0
ITM-003414,ORD-02337,PRD-302,1,59.0,59.0
ITM-003415,ORD-02337,PRD-301,1,129.0,129.0
ITM-003416,ORD-02337,PRD-103,1,149.0,149.0
ITM-003417,ORD-02338,PRD-302,1,59.0,59.0
ITM-003418,ORD-02338,PRD-103,1,149.0,149.0
ITM-003419,ORD-02339,PRD-401,1,79.0,79.0
ITM-003420,ORD-02339,PRD-301,1,129.0,129.0
ITM-003421,ORD-02340,PRD-401,1,79.0,79.0
ITM-003422,ORD-02340,PRD-402,1,35.0,35.0
ITM-003423,ORD-02341,PRD-403,1,49.0,49.0
ITM-003424,ORD-02342,PRD-203,1,79.0,79.0
ITM-003425,ORD-02343,PRD-303,1,29.0,29.0
ITM-003426,ORD-02344,PRD-302,2,59.0,118.0
ITM-003427,ORD-02345,PRD-203,1,79.0,79.0
ITM-003428,ORD-02345,PRD-402,1,35.0,35.0
ITM-003429,ORD-02346,PRD-103,1,149.0,149.0
ITM-003430,ORD-02347,PRD-103,1,149.0,149.0
ITM-003431,ORD-02348,PRD-203,1,79.0,79.0
ITM-003432,ORD-02349,PRD-301,1,129.0,129.0
ITM-003433,ORD-02350,PRD-101,1,599.0,599.0
ITM-003434,ORD-02350,PRD-103,1,149.0,149.0
ITM-003435,ORD-02351,PRD-401,2,79.0,158.0
ITM-003436,ORD-02352,PRD-103,1,149.0,149.0
ITM-003437,ORD-02353,PRD-203,2,79.0,158.0
ITM-003438,ORD-02354,PRD-402,1,35.0,35.0
ITM-003439,ORD-02355,PRD-401,1,79.0,79.0
ITM-003440,ORD-02355,PRD-102,1,349.0,349.0
ITM-003441,ORD-02356,PRD-201,1,89.0,89.0
ITM-003442,ORD-02357,PRD-302,1,59.0,59.0
ITM-003443,ORD-02358,PRD-302,1,59.0,59.0
ITM-003444,ORD-02358,PRD-402,1,35.0,35.0
ITM-003445,ORD-02359,PRD-302,1,59.0,59.0
ITM-003446,ORD-02359,PRD-101,1,599.0,599.0
ITM-003447,ORD-02360,PRD-202,1,69.0,69.0
ITM-003448,ORD-02361,PRD-403,1,49.0,49.0
ITM-003449,ORD-02362,PRD-101,1,599.0,599.0
ITM-003450,ORD-02363,PRD-201,2,89.0,178.0
ITM-003451,ORD-02364,PRD-402,1,35.0,35.0
ITM-003452,ORD-02364,PRD-102,1,349.0,349.0
ITM-003453,ORD-02365,PRD-402,1,35.0,35.0
ITM-003454,ORD-02366,PRD-203,1,79.0,79.0
ITM-003455,ORD-02366,PRD-403,2,49.0,98.0
ITM-003456,ORD-02367,PRD-401,1,79.0,79.0
ITM-003457,ORD-02367,PRD-103,1,149.0,149.0
ITM-003458,ORD-02368,PRD-202,1,69.0,69.0
ITM-003459,ORD-02369,PRD-101,1,599.0,599.0
ITM-003460,ORD-02369,PRD-301,1,129.0,129.0
ITM-003461,ORD-02370,PRD-301,1,129.0,129.0
ITM-003462,ORD-02371,PRD-402,1,35.0,35.0
ITM-003463,ORD-02372,PRD-202,1,69.0,69.0
ITM-003464,ORD-02373,PRD-402,1,35.0,35.0
ITM-003465,ORD-02374,PRD-102,1,349.0,349.0
ITM-003466,ORD-02375,PRD-403,1,49.0,49.0
ITM-003467,ORD-02375,PRD-302,1,59.0,59.0
ITM-003468,ORD-02376,PRD-401,2,79.0,158.0
ITM-003469,ORD-02377,PRD-102,1,349.0,349.0
ITM-003470,ORD-02378,PRD-401,1,79.0,79.0
ITM-003471,ORD-02378,PRD-201,2,89.0,178.0
ITM-003472,ORD-02378,PRD-403,1,49.0,49.0
ITM-003473,ORD-02379,PRD-302,1,59.0,59.0
ITM-003474,ORD-02380,PRD-303,1,29.0,29.0
ITM-003475,ORD-02381,PRD-302,1,59.0,59.0
ITM-003476,ORD-02382,PRD-301,1,129.0,129.0
ITM-003477,ORD-02382,PRD-202,1,69.0,69.0
ITM-003478,ORD-02382,PRD-402,2,35.0,70.0
ITM-003479,ORD-02383,PRD-102,1,349.0,349.0
ITM-003480,ORD-02383,PRD-201,1,89.0,89.0
ITM-003481,ORD-02384,PRD-201,1,89.0,89.0
ITM-003482,ORD-02384,PRD-202,1,69.0,69.0
ITM-003483,ORD-02385,PRD-102,1,349.0,349.0
ITM-003484,ORD-02386,PRD-303,1,29.0,29.0
ITM-003485,ORD-02387,PRD-103,1,149.0,149.0
ITM-003486,ORD-02388,PRD-301,2,129.0,258.0
ITM-003487,ORD-02388,PRD-403,1,49.0,49.0
ITM-003488,ORD-02389,PRD-103,1,149.0,149.0
ITM-003489,ORD-02389,PRD-202,1,69.0,69.0
ITM-003490,ORD-02390,PRD-101,1,599.0,599.0
ITM-003491,ORD-02390,PRD-402,1,35.0,35.0
ITM-003492,ORD-02391,PRD-103,1,149.0,149.0
ITM-003493,ORD-02391,PRD-203,1,79.0,79.0
ITM-003494,ORD-02392,PRD-302,2,59.0,118.0
ITM-003495,ORD-02393,PRD-203,1,79.0,79.0
ITM-003496,ORD-02394,PRD-301,1,129.0,129.0
ITM-003497,ORD-02395,PRD-101,1,599.0,599.0
ITM-003498,ORD-02395,PRD-202,2,69.0,138.0
ITM-003499,ORD-02396,PRD-102,1,349.0,349.0
ITM-003500,ORD-02397,PRD-302,1,59.0,59.0
ITM-003501,ORD-02398,PRD-101,1,599.0,599.0
ITM-003502,ORD-02399,PRD-401,1,79.0,79.0
ITM-003503,ORD-02399,PRD-403,1,49.0,49.0
ITM-003504,ORD-02400,PRD-102,1,349.0,349.0
ITM-003505,ORD-02401,PRD-403,1,49.0,49.0
ITM-003506,ORD-02402,PRD-201,1,89.0,89.0
ITM-003507,ORD-02403,PRD-102,1,349.0,349.0
ITM-003508,ORD-02403,PRD-403,1,49.0,49.0
ITM-003509,ORD-02404,PRD-101,1,599.0,599.0
ITM-003510,ORD-02404,PRD-203,1,79.0,79.0
ITM-003511,ORD-02405,PRD-403,1,49.0,49.0
ITM-003512,ORD-02406,PRD-303,1,29.0,29.0
ITM-003513,ORD-02407,PRD-201,1,89.0,89.0
ITM-003514,ORD-02408,PRD-102,1,349.0,349.0
ITM-003515,ORD-02408,PRD-403,1,49.0,49.0
ITM-003516,ORD-02408,PRD-103,1,149.0,149.0
ITM-003517,ORD-02409,PRD-202,1,69.0,69.0
ITM-003518,ORD-02410,PRD-201,1,89.0,89.0
ITM-003519,ORD-02411,PRD-101,1,599.0,599.0
ITM-003520,ORD-02411,PRD-403,2,49.0,98.0
ITM-003521,ORD-02412,PRD-203,1,79.0,79.0
ITM-003522,ORD-02413,PRD-102,1,349.0,349.0
ITM-003523,ORD-02414,PRD-303,1,29.0,29.0
ITM-003524,ORD-02415,PRD-101,1,599.0,599.0
ITM-003525,ORD-02415,PRD-201,2,89.0,178.0
ITM-003526,ORD-02416,PRD-201,1,89.0,89.0
ITM-003527,ORD-02417,PRD-301,1,129.0,129.0
ITM-003528,ORD-02418,PRD-403,1,49.0,49.0
ITM-003529,ORD-02419,PRD-201,1,89.0,89.0
ITM-003530,ORD-02420,PRD-302,1,59.0,59.0
ITM-003531,ORD-02420,PRD-301,1,129.0,129.0
ITM-003532,ORD-02421,PRD-302,1,59.0,59.0
ITM-003533,ORD-02421,PRD-403,1,49.0,49.0
ITM-003534,ORD-02422,PRD-102,1,349.0,349.0
ITM-003535,ORD-02423,PRD-402,1,35.0,35.0
ITM-003536,ORD-02424,PRD-401,1,79.0,79.0
ITM-003537,ORD-02425,PRD-201,1,89.0,89.0
ITM-003538,ORD-02425,PRD-202,1,69.0,69.0
ITM-003539,ORD-02426,PRD-403,1,49.0,49.0
ITM-003540,ORD-02426,PRD-402,1,35.0,35.0
ITM-003541,ORD-02427,PRD-401,1,79.0,79.0
ITM-003542,ORD-02428,PRD-201,1,89.0,89.0
ITM-003543,ORD-02429,PRD-301,2,129.0,258.0
ITM-003544,ORD-02430,PRD-201,1,89.0,89.0
ITM-003545,ORD-02430,PRD-302,1,59.0,59.0
ITM-003546,ORD-02431,PRD-203,1,79.0,79.0
ITM-003547,ORD-02432,PRD-402,1,35.0,35.0
ITM-003548,ORD-02432,PRD-301,1,129.0,129.0
ITM-003549,ORD-02433,PRD-302,1,59.0,59.0
ITM-003550,ORD-02433,PRD-103,1,149.0,149.0
ITM-003551,ORD-02434,PRD-202,1,69.0,69.0
ITM-003552,ORD-02434,PRD-301,1,129.0,129.0
ITM-003553,ORD-02435,PRD-202,1,69.0,69.0
ITM-003554,ORD-02435,PRD-303,1,29.0,29.0
ITM-003555,ORD-02435,PRD-301,1,129.0,129.0
ITM-003556,ORD-02436,PRD-302,1,59.0,59.0
ITM-003557,ORD-02437,PRD-102,1,349.0,349.0
ITM-003558,ORD-02437,PRD-303,1,29.0,29.0
ITM-003559,ORD-02438,PRD-101,1,599.0,599.0
ITM-003560,ORD-02439,PRD-202,1,69.0,69.0
ITM-003561,ORD-02439,PRD-401,1,79.0,79.0
ITM-003562,ORD-02440,PRD-102,1,349.0,349.0
ITM-003563,ORD-02441,PRD-401,1,79.0,79.0
ITM-003564,ORD-02442,PRD-102,1,349.0,349.0
ITM-003565,ORD-02443,PRD-203,1,79.0,79.0
ITM-003566,ORD-02443,PRD-102,1,349.0,349.0
ITM-003567,ORD-02444,PRD-302,1,59.0,59.0
ITM-003568,ORD-02444,PRD-202,1,69.0,69.0
ITM-003569,ORD-02444,PRD-201,2,89.0,178.0
ITM-003570,ORD-02445,PRD-402,1,35.0,35.0
ITM-003571,ORD-02446,PRD-401,1,79.0,79.0
ITM-003572,ORD-02447,PRD-402,1,35.0,35.0
ITM-003573,ORD-02447,PRD-401,1,79.0,79.0
ITM-003574,ORD-02448,PRD-302,2,59.0,118.0
ITM-003575,ORD-02448,PRD-402,1,35.0,35.0
ITM-003576,ORD-02449,PRD-301,1,129.0,129.0
ITM-003577,ORD-02450,PRD-403,1,49.0,49.0
ITM-003578,ORD-02451,PRD-203,1,79.0,79.0
ITM-003579,ORD-02452,PRD-102,1,349.0,349.0
ITM-003580,ORD-02453,PRD-203,1,79.0,79.0
ITM-003581,ORD-02454,PRD-302,1,59.0,59.0
ITM-003582,ORD-02455,PRD-203,1,79.0,79.0
ITM-003583,ORD-02455,PRD-202,1,69.0,69.0
ITM-003584,ORD-02456,PRD-302,1,59.0,59.0
ITM-003585,ORD-02457,PRD-101,1,599.0,599.0
ITM-003586,ORD-02458,PRD-403,1,49.0,49.0
ITM-003587,ORD-02459,PRD-303,2,29.0,58.0
ITM-003588,ORD-02459,PRD-203,2,79.0,158.0
ITM-003589,ORD-02460,PRD-202,1,69.0,69.0
ITM-003590,ORD-02460,PRD-101,2,599.0,1198.0
ITM-003591,ORD-02461,PRD-301,1,129.0,129.0
ITM-003592,ORD-02462,PRD-301,2,129.0,258.0
ITM-003593,ORD-02463,PRD-101,1,599.0,599.0
ITM-003594,ORD-02463,PRD-201,1,89.0,89.0
ITM-003595,ORD-02464,PRD-303,2,29.0,58.0
ITM-003596,ORD-02465,PRD-201,1,89.0,89.0
ITM-003597,ORD-02466,PRD-202,1,69.0,69.0
ITM-003598,ORD-02466,PRD-401,1,79.0,79.0
ITM-003599,ORD-02466,PRD-203,1,79.0,79.0
ITM-003600,ORD-02467,PRD-402,1,35.0,35.0
ITM-003601,ORD-02467,PRD-403,1,49.0,49.0
ITM-003602,ORD-02468,PRD-401,2,79.0,158.0
ITM-003603,ORD-02469,PRD-402,2,35.0,70.0
ITM-003604,ORD-02469,PRD-202,1,69.0,69.0
ITM-003605,ORD-02470,PRD-303,1,29.0,29.0
ITM-003606,ORD-02471,PRD-401,1,79.0,79.0
ITM-003607,ORD-02472,PRD-303,1,29.0,29.0
ITM-003608,ORD-02472,PRD-103,2,149.0,298.0
ITM-003609,ORD-02473,PRD-403,1,49.0,49.0
ITM-003610,ORD-02474,PRD-401,1,79.0,79.0
ITM-003611,ORD-02474,PRD-301,1,129.0,129.0
ITM-003612,ORD-02474,PRD-403,1,49.0,49.0
ITM-003613,ORD-02475,PRD-201,2,89.0,178.0
ITM-003614,ORD-02476,PRD-302,1,59.0,59.0
ITM-003615,ORD-02477,PRD-102,1,349.0,349.0
ITM-003616,ORD-02478,PRD-201,1,89.0,89.0
ITM-003617,ORD-02479,PRD-202,1,69.0,69.0
ITM-003618,ORD-02479,PRD-102,1,349.0,349.0
ITM-003619,ORD-02480,PRD-203,1,79.0,79.0
ITM-003620,ORD-02480,PRD-401,2,79.0,158.0
ITM-003621,ORD-02481,PRD-101,1,599.0,599.0
ITM-003622,ORD-02482,PRD-102,1,349.0,349.0
ITM-003623,ORD-02482,PRD-303,2,29.0,58.0
ITM-003624,ORD-02482,PRD-401,1,79.0,79.0
ITM-003625,ORD-02483,PRD-203,1,79.0,79.0
ITM-003626,ORD-02484,PRD-103,1,149.0,149.0
ITM-003627,ORD-02485,PRD-101,1,599.0,599.0
ITM-003628,ORD-02486,PRD-303,1,29.0,29.0
ITM-003629,ORD-02487,PRD-203,1,79.0,79.0
ITM-003630,ORD-02487,PRD-101,1,599.0,599.0
ITM-003631,ORD-02488,PRD-201,1,89.0,89.0
ITM-003632,ORD-02489,PRD-102,1,349.0,349.0
ITM-003633,ORD-02490,PRD-203,1,79.0,79.0
ITM-003634,ORD-02490,PRD-101,1,599.0,599.0
ITM-003635,ORD-02491,PRD-401,2,79.0,158.0
ITM-003636,ORD-02491,PRD-201,1,89.0,89.0
ITM-003637,ORD-02491,PRD-403,1,49.0,49.0
ITM-003638,ORD-02492,PRD-403,1,49.0,49.0
ITM-003639,ORD-02493,PRD-402,1,35.0,35.0
ITM-003640,ORD-02494,PRD-201,1,89.0,89.0
ITM-003641,ORD-02495,PRD-103,1,149.0,149.0
ITM-003642,ORD-02496,PRD-103,2,149.0,298.0
ITM-003643,ORD-02497,PRD-101,1,599.0,599.0
ITM-003644,ORD-02498,PRD-302,1,59.0,59.0
ITM-003645,ORD-02498,PRD-203,1,79.0,79.0
ITM-003646,ORD-02499,PRD-201,2,89.0,178.0
ITM-003647,ORD-02500,PRD-102,1,349.0,349.0
ITM-003648,ORD-02500,PRD-103,1,149.0,149.0
ITM-003649,ORD-02500,PRD-201,1,89.0,89.0
ITM-003650,ORD-02501,PRD-301,1,129.0,129.0
ITM-003651,ORD-02502,PRD-402,1,35.0,35.0
ITM-003652,ORD-02503,PRD-301,1,129.0,129.0
ITM-003653,ORD-02503,PRD-203,1,79.0,79.0
ITM-003654,ORD-02504,PRD-302,1,59.0,59.0
ITM-003655,ORD-02504,PRD-101,1,599.0,599.0
ITM-003656,ORD-02505,PRD-201,2,89.0,178.0
ITM-003657,ORD-02505,PRD-403,1,49.0,49.0
ITM-003658,ORD-02506,PRD-202,1,69.0,69.0
ITM-003659,ORD-02506,PRD-201,1,89.0,89.0
ITM-003660,ORD-02507,PRD-302,1,59.0,59.0
ITM-003661,ORD-02507,PRD-403,1,49.0,49.0
ITM-003662,ORD-02507,PRD-202,1,69.0,69.0
ITM-003663,ORD-02508,PRD-403,1,49.0,49.0
ITM-003664,ORD-02508,PRD-302,1,59.0,59.0
ITM-003665,ORD-02509,PRD-403,1,49.0,49.0
ITM-003666,ORD-02510,PRD-103,1,149.0,149.0
ITM-003667,ORD-02511,PRD-401,1,79.0,79.0
ITM-003668,ORD-02512,PRD-403,1,49.0,49.0
ITM-003669,ORD-02513,PRD-403,2,49.0,98.0
ITM-003670,ORD-02514,PRD-401,2,79.0,158.0
ITM-003671,ORD-02514,PRD-102,1,349.0,349.0
ITM-003672,ORD-02515,PRD-301,1,129.0,129.0
ITM-003673,ORD-02515,PRD-203,1,79.0,79.0
ITM-003674,ORD-02516,PRD-103,1,149.0,149.0
ITM-003675,ORD-02517,PRD-203,2,79.0,158.0
ITM-003676,ORD-02518,PRD-103,1,149.0,149.0
ITM-003677,ORD-02519,PRD-102,1,349.0,349.0
ITM-003678,ORD-02520,PRD-402,1,35.0,35.0
ITM-003679,ORD-02521,PRD-301,1,129.0,129.0
ITM-003680,ORD-02522,PRD-303,1,29.0,29.0
ITM-003681,ORD-02523,PRD-303,1,29.0,29.0
ITM-003682,ORD-02523,PRD-202,1,69.0,69.0
ITM-003683,ORD-02524,PRD-103,1,149.0,149.0
ITM-003684,ORD-02525,PRD-401,1,79.0,79.0
ITM-003685,ORD-02526,PRD-401,1,79.0,79.0
ITM-003686,ORD-02526,PRD-303,1,29.0,29.0
ITM-003687,ORD-02526,PRD-201,2,89.0,178.0
ITM-003688,ORD-02527,PRD-201,1,89.0,89.0
ITM-003689,ORD-02528,PRD-102,1,349.0,349.0
ITM-003690,ORD-02528,PRD-302,2,59.0,118.0
ITM-003691,ORD-02529,PRD-401,1,79.0,79.0
ITM-003692,ORD-02529,PRD-403,2,49.0,98.0
ITM-003693,ORD-02530,PRD-403,2,49.0,98.0
ITM-003694,ORD-02531,PRD-303,2,29.0,58.0
ITM-003695,ORD-02532,PRD-403,1,49.0,49.0
ITM-003696,ORD-02533,PRD-401,1,79.0,79.0
ITM-003697,ORD-02533,PRD-101,2,599.0,1198.0
ITM-003698,ORD-02534,PRD-201,2,89.0,178.0
ITM-003699,ORD-02534,PRD-303,1,29.0,29.0
ITM-003700,ORD-02535,PRD-401,1,79.0,79.0
ITM-003701,ORD-02536,PRD-403,1,49.0,49.0
ITM-003702,ORD-02536,PRD-202,1,69.0,69.0
ITM-003703,ORD-02537,PRD-201,2,89.0,178.0
ITM-003704,ORD-02538,PRD-203,1,79.0,79.0
ITM-003705,ORD-02539,PRD-401,1,79.0,79.0
ITM-003706,ORD-02539,PRD-303,1,29.0,29.0
ITM-003707,ORD-02539,PRD-202,1,69.0,69.0
ITM-003708,ORD-02540,PRD-101,1,599.0,599.0
ITM-003709,ORD-02541,PRD-202,1,69.0,69.0
ITM-003710,ORD-02542,PRD-302,1,59.0,59.0
ITM-003711,ORD-02543,PRD-103,1,149.0,149.0
ITM-003712,ORD-02543,PRD-302,1,59.0,59.0
ITM-003713,ORD-02543,PRD-402,1,35.0,35.0
ITM-003714,ORD-02544,PRD-201,1,89.0,89.0
ITM-003715,ORD-02545,PRD-301,1,129.0,129.0
ITM-003716,ORD-02546,PRD-202,1,69.0,69.0
ITM-003717,ORD-02547,PRD-202,1,69.0,69.0
ITM-003718,ORD-02548,PRD-403,1,49.0,49.0
ITM-003719,ORD-02549,PRD-401,1,79.0,79.0
ITM-003720,ORD-02550,PRD-201,1,89.0,89.0
ITM-003721,ORD-02551,PRD-403,1,49.0,49.0
ITM-003722,ORD-02552,PRD-102,1,349.0,349.0
ITM-003723,ORD-02553,PRD-201,1,89.0,89.0
ITM-003724,ORD-02554,PRD-101,1,599.0,599.0
ITM-003725,ORD-02555,PRD-302,1,59.0,59.0
ITM-003726,ORD-02556,PRD-102,1,349.0,349.0
ITM-003727,ORD-02556,PRD-101,1,599.0,599.0
ITM-003728,ORD-02557,PRD-101,2,599.0,1198.0
ITM-003729,ORD-02558,PRD-402,2,35.0,70.0
ITM-003730,ORD-02558,PRD-302,2,59.0,118.0
ITM-003731,ORD-02559,PRD-202,2,69.0,138.0
ITM-003732,ORD-02560,PRD-202,1,69.0,69.0
ITM-003733,ORD-02561,PRD-403,1,49.0,49.0
ITM-003734,ORD-02562,PRD-102,1,349.0,349.0
ITM-003735,ORD-02562,PRD-303,1,29.0,29.0
ITM-003736,ORD-02562,PRD-203,2,79.0,158.0
ITM-003737,ORD-02563,PRD-401,1,79.0,79.0
ITM-003738,ORD-02564,PRD-103,1,149.0,149.0
ITM-003739,ORD-02564,PRD-403,1,49.0,49.0
ITM-003740,ORD-02565,PRD-103,1,149.0,149.0
ITM-003741,ORD-02566,PRD-402,1,35.0,35.0
ITM-003742,ORD-02567,PRD-202,1,69.0,69.0
ITM-003743,ORD-02567,PRD-201,1,89.0,89.0
ITM-003744,ORD-02567,PRD-101,1,599.0,599.0
ITM-003745,ORD-02568,PRD-401,1,79.0,79.0
ITM-003746,ORD-02569,PRD-103,1,149.0,149.0
ITM-003747,ORD-02570,PRD-101,1,599.0,599.0
ITM-003748,ORD-02571,PRD-402,1,35.0,35.0
ITM-003749,ORD-02571,PRD-403,1,49.0,49.0
ITM-003750,ORD-02571,PRD-202,1,69.0,69.0
ITM-003751,ORD-02572,PRD-301,1,129.0,129.0
ITM-003752,ORD-02573,PRD-402,1,35.0,35.0
ITM-003753,ORD-02574,PRD-403,1,49.0,49.0
ITM-003754,ORD-02574,PRD-101,1,599.0,599.0
ITM-003755,ORD-02575,PRD-301,1,129.0,129.0
ITM-003756,ORD-02575,PRD-403,2,49.0,98.0
ITM-003757,ORD-02576,PRD-103,1,149.0,149.0
ITM-003758,ORD-02576,PRD-302,2,59.0,118.0
ITM-003759,ORD-02577,PRD-101,1,599.0,599.0
ITM-003760,ORD-02578,PRD-202,2,69.0,138.0
ITM-003761,ORD-02579,PRD-403,1,49.0,49.0
ITM-003762,ORD-02580,PRD-403,1,49.0,49.0
ITM-003763,ORD-02580,PRD-303,2,29.0,58.0
ITM-003764,ORD-02581,PRD-201,2,89.0,178.0
ITM-003765,ORD-02581,PRD-402,1,35.0,35.0
ITM-003766,ORD-02582,PRD-102,1,349.0,349.0
ITM-003767,ORD-02583,PRD-303,1,29.0,29.0
ITM-003768,ORD-02583,PRD-201,1,89.0,89.0
ITM-003769,ORD-02584,PRD-201,1,89.0,89.0
ITM-003770,ORD-02585,PRD-103,2,149.0,298.0
ITM-003771,ORD-02585,PRD-403,1,49.0,49.0
ITM-003772,ORD-02586,PRD-201,1,89.0,89.0
ITM-003773,ORD-02587,PRD-402,1,35.0,35.0
ITM-003774,ORD-02588,PRD-302,1,59.0,59.0
ITM-003775,ORD-02589,PRD-102,1,349.0,349.0
ITM-003776,ORD-02590,PRD-203,1,79.0,79.0
ITM-003777,ORD-02591,PRD-402,1,35.0,35.0
ITM-003778,ORD-02591,PRD-401,1,79.0,79.0
ITM-003779,ORD-02592,PRD-202,1,69.0,69.0
ITM-003780,ORD-02592,PRD-303,1,29.0,29.0
ITM-003781,ORD-02592,PRD-201,2,89.0,178.0
ITM-003782,ORD-02593,PRD-301,1,129.0,129.0
ITM-003783,ORD-02594,PRD-302,1,59.0,59.0
ITM-003784,ORD-02595,PRD-402,2,35.0,70.0
ITM-003785,ORD-02596,PRD-402,1,35.0,35.0
ITM-003786,ORD-02596,PRD-102,1,349.0,349.0
ITM-003787,ORD-02597,PRD-201,1,89.0,89.0
ITM-003788,ORD-02597,PRD-103,1,149.0,149.0
ITM-003789,ORD-02598,PRD-203,1,79.0,79.0
ITM-003790,ORD-02599,PRD-403,1,49.0,49.0
ITM-003791,ORD-02600,PRD-102,1,349.0,349.0
ITM-003792,ORD-02601,PRD-403,1,49.0,49.0
ITM-003793,ORD-02602,PRD-103,1,149.0,149.0
ITM-003794,ORD-02602,PRD-301,1,129.0,129.0
ITM-003795,ORD-02603,PRD-203,1,79.0,79.0
ITM-003796,ORD-02603,PRD-201,1,89.0,89.0
ITM-003797,ORD-02604,PRD-101,1,599.0,599.0
ITM-003798,ORD-02604,PRD-402,1,35.0,35.0
ITM-003799,ORD-02605,PRD-301,2,129.0,258.0
ITM-003800,ORD-02606,PRD-302,1,59.0,59.0
ITM-003801,ORD-02607,PRD-402,1,35.0,35.0
ITM-003802,ORD-02608,PRD-101,1,599.0,599.0
ITM-003803,ORD-02608,PRD-102,1,349.0,349.0
ITM-003804,ORD-02609,PRD-103,1,149.0,149.0
ITM-003805,ORD-02610,PRD-103,1,149.0,149.0
ITM-003806,ORD-02611,PRD-102,2,349.0,698.0
ITM-003807,ORD-02612,PRD-402,1,35.0,35.0
ITM-003808,ORD-02613,PRD-202,1,69.0,69.0
ITM-003809,ORD-02613,PRD-303,1,29.0,29.0
ITM-003810,ORD-02614,PRD-102,1,349.0,349.0
ITM-003811,ORD-02615,PRD-402,1,35.0,35.0
ITM-003812,ORD-02616,PRD-102,1,349.0,349.0
ITM-003813,ORD-02616,PRD-202,1,69.0,69.0
ITM-003814,ORD-02616,PRD-203,1,79.0,79.0
ITM-003815,ORD-02617,PRD-403,1,49.0,49.0
ITM-003816,ORD-02618,PRD-302,2,59.0,118.0
ITM-003817,ORD-02619,PRD-403,2,49.0,98.0
ITM-003818,ORD-02620,PRD-201,1,89.0,89.0
ITM-003819,ORD-02621,PRD-302,1,59.0,59.0
ITM-003820,ORD-02622,PRD-201,1,89.0,89.0
ITM-003821,ORD-02622,PRD-403,1,49.0,49.0
ITM-003822,ORD-02623,PRD-303,1,29.0,29.0
ITM-003823,ORD-02624,PRD-202,1,69.0,69.0
ITM-003824,ORD-02625,PRD-203,1,79.0,79.0
ITM-003825,ORD-02625,PRD-103,1,149.0,149.0
ITM-003826,ORD-02626,PRD-201,2,89.0,178.0
ITM-003827,ORD-02626,PRD-403,2,49.0,98.0
ITM-003828,ORD-02626,PRD-202,1,69.0,69.0
ITM-003829,ORD-02627,PRD-403,2,49.0,98.0
ITM-003830,ORD-02628,PRD-103,1,149.0,149.0
ITM-003831,ORD-02628,PRD-301,1,129.0,129.0
ITM-003832,ORD-02628,PRD-201,1,89.0,89.0
ITM-003833,ORD-02629,PRD-202,1,69.0,69.0
ITM-003834,ORD-02630,PRD-202,2,69.0,138.0
ITM-003835,ORD-02631,PRD-401,1,79.0,79.0
ITM-003836,ORD-02632,PRD-402,1,35.0,35.0
ITM-003837,ORD-02633,PRD-102,2,349.0,698.0
ITM-003838,ORD-02634,PRD-402,1,35.0,35.0
ITM-003839,ORD-02634,PRD-301,1,129.0,129.0
ITM-003840,ORD-02634,PRD-202,1,69.0,69.0
ITM-003841,ORD-02635,PRD-401,1,79.0,79.0
ITM-003842,ORD-02635,PRD-403,1,49.0,49.0
ITM-003843,ORD-02636,PRD-202,2,69.0,138.0
ITM-003844,ORD-02636,PRD-203,1,79.0,79.0
ITM-003845,ORD-02637,PRD-101,2,599.0,1198.0
ITM-003846,ORD-02637,PRD-203,1,79.0,79.0
ITM-003847,ORD-02638,PRD-301,2,129.0,258.0
ITM-003848,ORD-02639,PRD-402,2,35.0,70.0
ITM-003849,ORD-02639,PRD-102,1,349.0,349.0
ITM-003850,ORD-02640,PRD-401,1,79.0,79.0
ITM-003851,ORD-02641,PRD-102,2,349.0,698.0
ITM-003852,ORD-02641,PRD-303,1,29.0,29.0
ITM-003853,ORD-02642,PRD-203,1,79.0,79.0
ITM-003854,ORD-02643,PRD-201,1,89.0,89.0
ITM-003855,ORD-02643,PRD-102,1,349.0,349.0
ITM-003856,ORD-02644,PRD-401,1,79.0,79.0
ITM-003857,ORD-02645,PRD-101,2,599.0,1198.0
ITM-003858,ORD-02645,PRD-303,1,29.0,29.0
ITM-003859,ORD-02645,PRD-301,1,129.0,129.0
ITM-003860,ORD-02646,PRD-301,1,129.0,129.0
ITM-003861,ORD-02647,PRD-202,1,69.0,69.0
ITM-003862,ORD-02648,PRD-302,1,59.0,59.0
ITM-003863,ORD-02649,PRD-403,2,49.0,98.0
ITM-003864,ORD-02650,PRD-203,1,79.0,79.0
ITM-003865,ORD-02651,PRD-401,1,79.0,79.0
ITM-003866,ORD-02652,PRD-201,1,89.0,89.0
ITM-003867,ORD-02653,PRD-202,1,69.0,69.0
ITM-003868,ORD-02654,PRD-203,2,79.0,158.0
ITM-003869,ORD-02654,PRD-301,1,129.0,129.0
ITM-003870,ORD-02654,PRD-101,1,599.0,599.0
ITM-003871,ORD-02655,PRD-301,1,129.0,129.0
ITM-003872,ORD-02656,PRD-202,1,69.0,69.0
ITM-003873,ORD-02657,PRD-102,1,349.0,349.0
ITM-003874,ORD-02658,PRD-401,1,79.0,79.0
ITM-003875,ORD-02658,PRD-402,1,35.0,35.0
ITM-003876,ORD-02658,PRD-201,1,89.0,89.0
ITM-003877,ORD-02659,PRD-403,2,49.0,98.0
ITM-003878,ORD-02659,PRD-301,2,129.0,258.0
ITM-003879,ORD-02660,PRD-403,1,49.0,49.0
ITM-003880,ORD-02660,PRD-203,1,79.0,79.0
ITM-003881,ORD-02661,PRD-302,1,59.0,59.0
ITM-003882,ORD-02662,PRD-401,2,79.0,158.0
ITM-003883,ORD-02662,PRD-402,1,35.0,35.0
ITM-003884,ORD-02663,PRD-402,2,35.0,70.0
ITM-003885,ORD-02664,PRD-203,1,79.0,79.0
ITM-003886,ORD-02664,PRD-202,1,69.0,69.0
ITM-003887,ORD-02665,PRD-403,1,49.0,49.0
ITM-003888,ORD-02666,PRD-201,2,89.0,178.0
ITM-003889,ORD-02666,PRD-402,2,35.0,70.0
ITM-003890,ORD-02667,PRD-403,1,49.0,49.0
ITM-003891,ORD-02668,PRD-201,1,89.0,89.0
ITM-003892,ORD-02669,PRD-103,1,149.0,149.0
ITM-003893,ORD-02670,PRD-101,1,599.0,599.0
ITM-003894,ORD-02670,PRD-202,2,69.0,138.0
ITM-003895,ORD-02671,PRD-403,1,49.0,49.0
ITM-003896,ORD-02671,PRD-402,1,35.0,35.0
ITM-003897,ORD-02671,PRD-201,1,89.0,89.0
ITM-003898,ORD-02672,PRD-103,1,149.0,149.0
ITM-003899,ORD-02673,PRD-102,1,349.0,349.0
ITM-003900,ORD-02674,PRD-301,1,129.0,129.0
ITM-003901,ORD-02675,PRD-201,2,89.0,178.0
ITM-003902,ORD-02675,PRD-202,1,69.0,69.0
ITM-003903,ORD-02676,PRD-401,1,79.0,79.0
ITM-003904,ORD-02677,PRD-201,1,89.0,89.0
ITM-003905,ORD-02678,PRD-403,1,49.0,49.0
ITM-003906,ORD-02679,PRD-301,1,129.0,129.0
ITM-003907,ORD-02679,PRD-101,1,599.0,599.0
ITM-003908,ORD-02680,PRD-103,1,149.0,149.0
ITM-003909,ORD-02681,PRD-401,1,79.0,79.0
ITM-003910,ORD-02682,PRD-103,1,149.0,149.0
ITM-003911,ORD-02682,PRD-203,1,79.0,79.0
ITM-003912,ORD-02683,PRD-303,1,29.0,29.0
ITM-003913,ORD-02684,PRD-403,1,49.0,49.0
ITM-003914,ORD-02685,PRD-203,1,79.0,79.0
ITM-003915,ORD-02685,PRD-401,1,79.0,79.0
ITM-003916,ORD-02686,PRD-203,1,79.0,79.0
ITM-003917,ORD-02687,PRD-403,1,49.0,49.0
ITM-003918,ORD-02687,PRD-303,1,29.0,29.0
ITM-003919,ORD-02687,PRD-301,1,129.0,129.0
ITM-003920,ORD-02688,PRD-101,1,599.0,599.0
ITM-003921,ORD-02689,PRD-203,2,79.0,158.0
ITM-003922,ORD-02690,PRD-403,1,49.0,49.0
ITM-003923,ORD-02691,PRD-102,1,349.0,349.0
ITM-003924,ORD-02692,PRD-403,1,49.0,49.0
ITM-003925,ORD-02692,PRD-102,1,349.0,349.0
ITM-003926,ORD-02693,PRD-403,1,49.0,49.0
ITM-003927,ORD-02694,PRD-203,1,79.0,79.0
ITM-003928,ORD-02694,PRD-402,2,35.0,70.0
ITM-003929,ORD-02694,PRD-101,1,599.0,599.0
ITM-003930,ORD-02695,PRD-402,1,35.0,35.0
ITM-003931,ORD-02695,PRD-301,1,129.0,129.0
ITM-003932,ORD-02696,PRD-101,1,599.0,599.0
ITM-003933,ORD-02697,PRD-401,1,79.0,79.0
ITM-003934,ORD-02698,PRD-401,1,79.0,79.0
ITM-003935,ORD-02699,PRD-302,1,59.0,59.0
ITM-003936,ORD-02699,PRD-202,1,69.0,69.0
ITM-003937,ORD-02699,PRD-303,1,29.0,29.0
ITM-003938,ORD-02700,PRD-301,1,129.0,129.0
ITM-003939,ORD-02701,PRD-101,1,599.0,599.0
ITM-003940,ORD-02702,PRD-403,1,49.0,49.0
ITM-003941,ORD-02702,PRD-102,1,349.0,349.0
ITM-003942,ORD-02703,PRD-102,1,349.0,349.0
ITM-003943,ORD-02703,PRD-302,2,59.0,118.0
ITM-003944,ORD-02704,PRD-402,1,35.0,35.0
ITM-003945,ORD-02704,PRD-101,1,599.0,599.0
ITM-003946,ORD-02704,PRD-303,1,29.0,29.0
ITM-003947,ORD-02705,PRD-203,1,79.0,79.0
ITM-003948,ORD-02706,PRD-401,1,79.0,79.0
ITM-003949,ORD-02707,PRD-302,1,59.0,59.0
ITM-003950,ORD-02707,PRD-201,1,89.0,89.0
ITM-003951,ORD-02708,PRD-403,2,49.0,98.0
ITM-003952,ORD-02709,PRD-301,1,129.0,129.0
ITM-003953,ORD-02709,PRD-102,1,349.0,349.0
ITM-003954,ORD-02710,PRD-402,1,35.0,35.0
ITM-003955,ORD-02710,PRD-401,1,79.0,79.0
ITM-003956,ORD-02711,PRD-102,1,349.0,349.0
ITM-003957,ORD-02711,PRD-403,1,49.0,49.0
ITM-003958,ORD-02711,PRD-402,1,35.0,35.0
ITM-003959,ORD-02712,PRD-301,1,129.0,129.0
ITM-003960,ORD-02713,PRD-402,1,35.0,35.0
ITM-003961,ORD-02714,PRD-402,1,35.0,35.0
ITM-003962,ORD-02715,PRD-201,1,89.0,89.0
ITM-003963,ORD-02716,PRD-403,1,49.0,49.0
ITM-003964,ORD-02717,PRD-203,1,79.0,79.0
ITM-003965,ORD-02718,PRD-202,1,69.0,69.0
ITM-003966,ORD-02719,PRD-303,1,29.0,29.0
ITM-003967,ORD-02720,PRD-302,1,59.0,59.0
ITM-003968,ORD-02721,PRD-203,1,79.0,79.0
ITM-003969,ORD-02722,PRD-401,1,79.0,79.0
ITM-003970,ORD-02723,PRD-202,1,69.0,69.0
ITM-003971,ORD-02724,PRD-301,1,129.0,129.0
ITM-003972,ORD-02724,PRD-403,2,49.0,98.0
ITM-003973,ORD-02725,PRD-401,1,79.0,79.0
ITM-003974,ORD-02725,PRD-203,1,79.0,79.0
ITM-003975,ORD-02726,PRD-401,1,79.0,79.0
ITM-003976,ORD-02726,PRD-201,2,89.0,178.0
ITM-003977,ORD-02726,PRD-301,1,129.0,129.0
ITM-003978,ORD-02727,PRD-402,1,35.0,35.0
ITM-003979,ORD-02727,PRD-201,1,89.0,89.0
ITM-003980,ORD-02728,PRD-201,2,89.0,178.0
ITM-003981,ORD-02729,PRD-401,1,79.0,79.0
ITM-003982,ORD-02730,PRD-101,1,599.0,599.0
ITM-003983,ORD-02731,PRD-302,1,59.0,59.0
ITM-003984,ORD-02732,PRD-302,1,59.0,59.0
ITM-003985,ORD-02732,PRD-202,1,69.0,69.0
ITM-003986,ORD-02733,PRD-201,1,89.0,89.0
ITM-003987,ORD-02734,PRD-201,1,89.0,89.0
ITM-003988,ORD-02735,PRD-103,1,149.0,149.0
ITM-003989,ORD-02736,PRD-202,2,69.0,138.0
ITM-003990,ORD-02737,PRD-202,1,69.0,69.0
ITM-003991,ORD-02738,PRD-302,1,59.0,59.0
ITM-003992,ORD-02739,PRD-303,1,29.0,29.0
ITM-003993,ORD-02740,PRD-201,1,89.0,89.0
ITM-003994,ORD-02741,PRD-102,1,349.0,349.0
ITM-003995,ORD-02742,PRD-101,1,599.0,599.0
ITM-003996,ORD-02743,PRD-401,1,79.0,79.0
ITM-003997,ORD-02744,PRD-202,1,69.0,69.0
ITM-003998,ORD-02744,PRD-102,1,349.0,349.0
ITM-003999,ORD-02745,PRD-303,1,29.0,29.0
ITM-004000,ORD-02746,PRD-402,1,35.0,35.0
ITM-004001,ORD-02747,PRD-102,1,349.0,349.0
ITM-004002,ORD-02747,PRD-201,1,89.0,89.0
ITM-004003,ORD-02748,PRD-202,1,69.0,69.0
ITM-004004,ORD-02749,PRD-401,1,79.0,79.0
ITM-004005,ORD-02750,PRD-302,1,59.0,59.0
ITM-004006,ORD-02750,PRD-102,1,349.0,349.0
ITM-004007,ORD-02751,PRD-302,1,59.0,59.0
ITM-004008,ORD-02752,PRD-401,1,79.0,79.0
ITM-004009,ORD-02753,PRD-302,1,59.0,59.0
ITM-004010,ORD-02754,PRD-101,1,599.0,599.0
ITM-004011,ORD-02755,PRD-103,1,149.0,149.0
ITM-004012,ORD-02755,PRD-202,1,69.0,69.0
ITM-004013,ORD-02756,PRD-301,1,129.0,129.0
ITM-004014,ORD-02757,PRD-103,1,149.0,149.0
ITM-004015,ORD-02758,PRD-301,1,129.0,129.0
ITM-004016,ORD-02759,PRD-203,1,79.0,79.0
ITM-004017,ORD-02759,PRD-301,1,129.0,129.0
ITM-004018,ORD-02760,PRD-302,1,59.0,59.0
ITM-004019,ORD-02760,PRD-101,1,599.0,599.0
ITM-004020,ORD-02761,PRD-401,1,79.0,79.0
ITM-004021,ORD-02761,PRD-201,1,89.0,89.0
ITM-004022,ORD-02761,PRD-202,1,69.0,69.0
ITM-004023,ORD-02762,PRD-403,2,49.0,98.0
ITM-004024,ORD-02763,PRD-401,2,79.0,158.0
ITM-004025,ORD-02764,PRD-203,1,79.0,79.0
ITM-004026,ORD-02765,PRD-103,2,149.0,298.0
ITM-004027,ORD-02766,PRD-403,1,49.0,49.0
ITM-004028,ORD-02767,PRD-103,1,149.0,149.0
ITM-004029,ORD-02767,PRD-201,1,89.0,89.0
ITM-004030,ORD-02768,PRD-403,1,49.0,49.0
ITM-004031,ORD-02768,PRD-103,1,149.0,149.0
ITM-004032,ORD-02769,PRD-403,2,49.0,98.0
ITM-004033,ORD-02770,PRD-401,1,79.0,79.0
ITM-004034,ORD-02771,PRD-401,1,79.0,79.0
ITM-004035,ORD-02771,PRD-103,2,149.0,298.0
ITM-004036,ORD-02772,PRD-201,2,89.0,178.0
ITM-004037,ORD-02773,PRD-401,1,79.0,79.0
ITM-004038,ORD-02774,PRD-301,1,129.0,129.0
ITM-004039,ORD-02775,PRD-403,1,49.0,49.0
ITM-004040,ORD-02776,PRD-202,2,69.0,138.0
ITM-004041,ORD-02777,PRD-101,1,599.0,599.0
ITM-004042,ORD-02778,PRD-402,1,35.0,35.0
ITM-004043,ORD-02778,PRD-201,1,89.0,89.0
ITM-004044,ORD-02778,PRD-301,1,129.0,129.0
ITM-004045,ORD-02779,PRD-103,1,149.0,149.0
ITM-004046,ORD-02779,PRD-303,1,29.0,29.0
ITM-004047,ORD-02779,PRD-101,2,599.0,1198.0
ITM-004048,ORD-02780,PRD-402,1,35.0,35.0
ITM-004049,ORD-02781,PRD-102,1,349.0,349.0
ITM-004050,ORD-02782,PRD-103,1,149.0,149.0
ITM-004051,ORD-02782,PRD-303,1,29.0,29.0
ITM-004052,ORD-02782,PRD-202,1,69.0,69.0
ITM-004053,ORD-02783,PRD-401,1,79.0,79.0
ITM-004054,ORD-02784,PRD-301,1,129.0,129.0
ITM-004055,ORD-02785,PRD-402,1,35.0,35.0
ITM-004056,ORD-02786,PRD-403,2,49.0,98.0
ITM-004057,ORD-02786,PRD-301,1,129.0,129.0
ITM-004058,ORD-02786,PRD-103,2,149.0,298.0
ITM-004059,ORD-02787,PRD-201,1,89.0,89.0
ITM-004060,ORD-02787,PRD-103,1,149.0,149.0
ITM-004061,ORD-02787,PRD-102,1,349.0,349.0
ITM-004062,ORD-02788,PRD-403,1,49.0,49.0
ITM-004063,ORD-02789,PRD-203,1,79.0,79.0
ITM-004064,ORD-02790,PRD-301,1,129.0,129.0
ITM-004065,ORD-02790,PRD-302,1,59.0,59.0
ITM-004066,ORD-02791,PRD-302,1,59.0,59.0
ITM-004067,ORD-02792,PRD-202,1,69.0,69.0
ITM-004068,ORD-02792,PRD-401,1,79.0,79.0
ITM-004069,ORD-02793,PRD-103,1,149.0,149.0
ITM-004070,ORD-02793,PRD-101,2,599.0,1198.0
ITM-004071,ORD-02794,PRD-103,1,149.0,149.0
ITM-004072,ORD-02795,PRD-201,2,89.0,178.0
ITM-004073,ORD-02796,PRD-202,1,69.0,69.0
ITM-004074,ORD-02796,PRD-201,1,89.0,89.0
ITM-004075,ORD-02797,PRD-103,1,149.0,149.0
ITM-004076,ORD-02798,PRD-302,1,59.0,59.0
ITM-004077,ORD-02798,PRD-402,1,35.0,35.0
ITM-004078,ORD-02799,PRD-101,1,599.0,599.0
ITM-004079,ORD-02799,PRD-201,1,89.0,89.0
ITM-004080,ORD-02800,PRD-103,1,149.0,149.0
ITM-004081,ORD-02800,PRD-401,1,79.0,79.0
